# File generated by CMD 3.9 (http://stev.oapd.inaf.it/cmd) on Mon Sep 14 18:46:25 UTC 2026
# isochrones based on PARSEC release v1.2S +  COLIBRI S_37 + S_35 + PR16
# Basic references: Bressan et al. (2012), MNRAS, 427, 127 + Chen et al. (2014, 2015), MNRAS, 444, 2525 + MNRAS, 452, 1068 + Tang et al. (2014), MNRAS, 445, 4287 + Marigo et al. (2017), ApJ, 835, 77 + Pastorelli al. (2019), MNRAS, 485, 5666 + Pastorelli al. (2020), MNRAS, in press
# Thermal pulse cycles included 
# On RGB, assumed Reimers mass loss with efficiency eta=0.2
# LPV periods and growth rates added cf. Trabucchi et al. (2019)
# but fundamental-mode LPV periods + transition are from Trabucchi et al. (2021)
# Photometric system: <i>UBVRIJHK</i> (cf. Maiz-Apellaniz 2006 + Bessell 1990)
# Using YBC version of bolometric corrections as in Chen et al. (2019)
# O-rich circumstellar dpmod60alox40 dust from Groenewegen (2006)
# C-rich circumstellar AMCSIC15 dust from Groenewegen (2006)
# IMF: Kroupa (2001, 2002) + Kroupa et al. (2013) canonical two-part-power law IMF corrected for unresolved binaries 
# Kind of output: isochrone tables
# Zini     MH   logAge Mini        int_IMF         Mass   logL    logTe  logg  label   McoreTP C_O  period0  period1  period2  period3  period4  pmode  Mloss  tau1m   X   Y   Xc  Xn  Xo  Cexcess  Z 	 mbolmag  Umag    Bmag    Vmag    Rmag    Imag    Jmag    Hmag    Kmag
0.0015467 -1.00000 7.00000 0.0900000036 1.0816895926    0.090 -1.900  3.4956  4.227    0  0.000  0.545     0.00     0.00     0.00     0.00     0.00 -1 -4.11e-15      0.00 7.470e-01 2.514e-01 2.929e-04 7.903e-05 7.168e-04 -1.000 1.629e-03 9.521 14.830 13.284 11.584 10.322 8.967 7.648 7.099 6.828
0.0015467 -1.00000 7.00000 0.0968033969 1.1438353298    0.097 -1.858  3.5001  4.234    0  0.000  0.545     0.00     0.00     0.00     0.00     0.00 -1 -4.33e-15      0.00 7.470e-01 2.514e-01 2.929e-04 7.903e-05 7.168e-04 -1.000 1.629e-03 9.415 14.603 13.085 11.402 10.164 8.847 7.553 7.000 6.733
0.0015467 -1.00000 7.00000 0.1000000015 1.1711064122    0.100 -1.839  3.5021  4.237    0  0.000  0.545     0.00     0.00     0.00     0.00     0.00 -1 -4.44e-15      0.00 7.470e-01 2.514e-01 2.929e-04 7.903e-05 7.168e-04 -1.000 1.629e-03 9.366 14.507 12.999 11.323 10.095 8.794 7.510 6.955 6.689
0.0015467 -1.00000 7.00000 0.1200000048 1.3193154741    0.120 -1.732  3.5119  4.248    0  0.000  0.545     0.00     0.00     0.00     0.00     0.00 -1 -5.12e-15      0.00 7.470e-01 2.514e-01 2.929e-04 7.903e-05 7.168e-04 -1.000 1.629e-03 9.099 14.004 12.551 10.909 9.725 8.504 7.268 6.703 6.445
0.0015467 -1.00000 7.00000 0.1248203367 1.3502795297    0.125 -1.708  3.5142  4.251    0  0.000  0.545     0.00     0.00     0.00     0.00     0.00 -1 -5.29e-15      0.00 7.470e-01 2.514e-01 2.929e-04 7.903e-05 7.168e-04 -1.000 1.629e-03 9.039 13.894 12.452 10.818 9.642 8.440 7.214 6.647 6.390
0.0015467 -1.00000 7.00000 0.1400000006 1.4384526719    0.140 -1.636  3.5208  4.255    0  0.000  0.545     0.00     0.00     0.00     0.00     0.00 -1 -5.86e-15      0.00 7.470e-01 2.514e-01 2.929e-04 7.903e-05 7.168e-04 -1.000 1.629e-03 8.860 13.568 12.160 10.549 9.400 8.249 7.053 6.479 6.227
0.0015467 -1.00000 7.00000 0.1486680359 1.4834095671    0.149 -1.600  3.5241  4.258    0  0.000  0.545     0.00     0.00     0.00     0.00     0.00 -1 -6.15e-15      0.00 7.470e-01 2.514e-01 2.929e-04 7.903e-05 7.168e-04 -1.000 1.629e-03 8.770 13.403 12.013 10.415 9.279 8.152 6.971 6.394 6.144
0.0015467 -1.00000 7.00000 0.1610933244 1.5422286542    0.161 -1.551  3.5287  4.263    0  0.000  0.545     0.00     0.00     0.00     0.00     0.00 -1 -6.54e-15      0.00 7.470e-01 2.514e-01 2.929e-04 7.903e-05 7.168e-04 -1.000 1.629e-03 8.648 13.180 11.814 10.236 9.117 8.023 6.862 6.280 6.033
0.0015467 -1.00000 7.00000 0.1665468216 1.5662124292    0.167 -1.531  3.5303  4.264    0  0.000  0.545     0.00     0.00     0.00     0.00     0.00 -1 -6.72e-15      0.00 7.470e-01 2.514e-01 2.929e-04 7.903e-05 7.168e-04 -1.000 1.629e-03 8.598 13.095 11.737 10.165 9.053 7.970 6.816 6.233 5.987
0.0015467 -1.00000 7.00000 0.1755779088 1.6037658760    0.176 -1.498  3.5328  4.264    0  0.000  0.545     0.00     0.00     0.00     0.00     0.00 -1 -7.11e-15      0.00 7.470e-01 2.514e-01 2.929e-04 7.903e-05 7.168e-04 -1.000 1.629e-03 8.516 12.961 11.616 10.054 8.950 7.884 6.741 6.154 5.910
0.0015467 -1.00000 7.00000 0.1916714907 1.6648344807    0.192 -1.446  3.5371  4.266    0  0.000  0.545     0.00     0.00     0.00     0.00     0.00 -1 -7.66e-15      0.00 7.470e-01 2.514e-01 2.929e-04 7.903e-05 7.168e-04 -1.000 1.629e-03 8.384 12.745 11.420 9.875 8.785 7.748 6.621 6.030 5.788
0.0015467 -1.00000 7.00000 0.2029293180 1.7037232470    0.203 -1.413  3.5399  4.270    0  0.000  0.545     0.00     0.00     0.00     0.00     0.00 -1    -8e-15      0.00 7.470e-01 2.514e-01 2.929e-04 7.903e-05 7.168e-04 -1.000 1.629e-03 8.302 12.605 11.294 9.760 8.680 7.661 6.546 5.952 5.713
0.0015467 -1.00000 7.00000 0.2227162719 1.7657077684    0.223 -1.355  3.5447  4.272    0  0.000  0.545     0.00     0.00     0.00     0.00     0.00 -1  -8.7e-15      0.00 7.470e-01 2.514e-01 2.929e-04 7.903e-05 7.168e-04 -1.000 1.629e-03 8.158 12.368 11.080 9.566 8.502 7.513 6.416 5.817 5.580
0.0015467 -1.00000 7.00000 0.2444002479 1.8259015576    0.244 -1.299  3.5495  4.275    0  0.000  0.545     0.00     0.00     0.00     0.00     0.00 -1 -9.41e-15      0.00 7.470e-01 2.514e-01 2.929e-04 7.903e-05 7.168e-04 -1.000 1.629e-03 8.018 12.133 10.869 9.374 8.326 7.367 6.289 5.685 5.451
0.0015467 -1.00000 7.00000 0.2622894347 1.8705590746    0.262 -1.258  3.5532  4.279    0  0.000  0.545     0.00     0.00     0.00     0.00     0.00 -1 -9.95e-15      0.00 7.470e-01 2.514e-01 2.929e-04 7.903e-05 7.168e-04 -1.000 1.629e-03 7.914 11.960 10.713 9.234 8.197 7.260 6.196 5.588 5.356
0.0015467 -1.00000 7.00000 0.2942132056 1.9411776229    0.294 -1.189  3.5593  4.285    0  0.000  0.545     0.00     0.00     0.00     0.00     0.00 -1 -1.09e-14      0.00 7.470e-01 2.514e-01 2.929e-04 7.903e-05 7.168e-04 -1.000 1.629e-03 7.742 11.674 10.457 9.002 7.984 7.084 6.042 5.427 5.199
0.0015467 -1.00000 7.00000 0.3000000417 1.9529140366    0.300 -1.177  3.5604  4.286    0  0.000  0.545     0.00     0.00     0.00     0.00     0.00 -1 -1.11e-14      0.00 7.470e-01 2.514e-01 2.929e-04 7.903e-05 7.168e-04 -1.000 1.629e-03 7.712 11.625 10.413 8.961 7.947 7.053 6.015 5.399 5.171
0.0015467 -1.00000 7.00000 0.3364050984 2.0205559569    0.336 -1.108  3.5672  4.294    0  0.000  0.545     0.00     0.00     0.00     0.00     0.00 -1 -1.22e-14      0.00 7.470e-01 2.514e-01 2.929e-04 7.903e-05 7.168e-04 -1.000 1.629e-03 7.540 11.332 10.152 8.727 7.734 6.876 5.862 5.239 5.016
0.0015467 -1.00000 7.00000 0.3499999940 2.0434174644    0.350 -1.083  3.5696  4.296    0  0.000  0.545     0.00     0.00     0.00     0.00     0.00 -1 -1.26e-14      0.00 7.470e-01 2.514e-01 2.929e-04 7.903e-05 7.168e-04 -1.000 1.629e-03 7.478 11.229 10.060 8.644 7.658 6.813 5.807 5.182 4.960
0.0015467 -1.00000 7.00000 0.4000000060 2.1185024399    0.400 -1.002  3.5786  4.309    0  0.000  0.545     0.00     0.00     0.00     0.00     0.00 -1  -1.4e-14      0.00 7.470e-01 2.514e-01 2.929e-04 7.903e-05 7.168e-04 -1.000 1.629e-03 7.276 10.863 9.739 8.364 7.408 6.605 5.629 4.997 4.783
0.0015467 -1.00000 7.00000 0.4123615026 2.1351997210    0.412 -0.983  3.5808  4.311    0  0.000  0.545     0.00     0.00     0.00     0.00     0.00 -1 -1.44e-14      0.00 7.470e-01 2.514e-01 2.929e-04 7.903e-05 7.168e-04 -1.000 1.629e-03 7.228 10.776 9.663 8.298 7.349 6.556 5.587 4.952 4.741
0.0015467 -1.00000 7.00000 0.4499999881 2.1822809009    0.450 -0.928  3.5870  4.319    0  0.000  0.545     0.00     0.00     0.00     0.00     0.00 -1 -1.55e-14      0.00 7.470e-01 2.514e-01 2.929e-04 7.903e-05 7.168e-04 -1.000 1.629e-03 7.089 10.529 9.448 8.112 7.183 6.415 5.464 4.824 4.619
0.0015467 -1.00000 7.00000 0.4657730758 2.2005137874    0.466 -0.905  3.5901  4.324    0  0.000  0.545     0.00     0.00     0.00     0.00     0.00 -1  -1.6e-14      0.00 7.470e-01 2.514e-01 2.929e-04 7.903e-05 7.168e-04 -1.000 1.629e-03 7.034 10.421 9.356 8.033 7.114 6.358 5.416 4.773 4.573
0.0015467 -1.00000 7.00000 0.5000000000 2.2374541529    0.500 -0.858  3.5965  4.333    0  0.000  0.545     0.00     0.00     0.00     0.00     0.00 -1  -1.7e-14      0.00 7.470e-01 2.514e-01 2.929e-04 7.903e-05 7.168e-04 -1.000 1.629e-03 6.915 10.194 9.158 7.867 6.970 6.237 5.314 4.665 4.474
0.0015467 -1.00000 7.00000 0.5106247663 2.2481452423    0.511 -0.843  3.5989  4.337    0  0.000  0.545     0.00     0.00     0.00     0.00     0.00 -1 -1.73e-14      0.00 7.470e-01 2.514e-01 2.929e-04 7.903e-05 7.168e-04 -1.000 1.629e-03 6.879 10.116 9.091 7.812 6.923 6.200 5.283 4.632 4.445
0.0015467 -1.00000 7.00000 0.5332841277 2.2693181890    0.533 -0.810  3.6038  4.342    0  0.000  0.545     0.00     0.00     0.00     0.00     0.00 -1 -1.82e-14      0.00 7.470e-01 2.514e-01 2.929e-04 7.903e-05 7.168e-04 -1.000 1.629e-03 6.795 9.946 8.946 7.694 6.822 6.115 5.211 4.556 4.377
0.0015467 -1.00000 7.00000 0.5500000715 2.2836583126    0.550 -0.784  3.6073  4.343    0  0.000  0.545     0.00     0.00     0.00     0.00     0.00 -1  -1.9e-14      0.00 7.470e-01 2.514e-01 2.929e-04 7.903e-05 7.168e-04 -1.000 1.629e-03 6.731 9.821 8.838 7.605 6.746 6.049 5.154 4.497 4.324
0.0015467 -1.00000 7.00000 0.5592414737 2.2911644173    0.559 -0.771  3.6097  4.347    0  0.000  0.545     0.00     0.00     0.00     0.00     0.00 -1 -1.93e-14      0.00 7.470e-01 2.514e-01 2.929e-04 7.903e-05 7.168e-04 -1.000 1.629e-03 6.697 9.744 8.774 7.554 6.703 6.014 5.126 4.467 4.298
0.0015467 -1.00000 7.00000 0.5863447189 2.3116177332    0.586 -0.726  3.6168  4.352    0  0.000  0.545     0.00     0.00     0.00     0.00     0.00 -1 -2.08e-14      0.00 7.470e-01 2.514e-01 2.929e-04 7.903e-05 7.168e-04 -1.000 1.629e-03 6.586 9.507 8.573 7.392 6.568 5.902 5.032 4.371 4.214
0.0015467 -1.00000 7.00000 0.6000000238 2.3211213258    0.600 -0.703  3.6203  4.353    0  0.000  0.545     0.00     0.00     0.00     0.00     0.00 -1 -2.17e-14      0.00 7.470e-01 2.514e-01 2.929e-04 7.903e-05 7.168e-04 -1.000 1.629e-03 6.528 9.386 8.469 7.309 6.498 5.844 4.983 4.321 4.169
0.0015467 -1.00000 7.00000 0.6168270111 2.3321693288    0.617 -0.676  3.6252  4.356    0  0.000  0.545     0.00     0.00     0.00     0.00     0.00 -1 -2.27e-14      0.00 7.470e-01 2.514e-01 2.929e-04 7.903e-05 7.168e-04 -1.000 1.629e-03 6.459 9.232 8.341 7.205 6.412 5.774 4.925 4.264 4.120
0.0015467 -1.00000 7.00000 0.6499999762 2.3520353107    0.650 -0.615  3.6356  4.360    0  0.000  0.545     0.00     0.00     0.00     0.00     0.00 -1 -2.53e-14      0.00 7.470e-01 2.514e-01 2.929e-04 7.903e-05 7.168e-04 -1.000 1.629e-03 6.307 8.891 8.061 6.980 6.226 5.621 4.799 4.145 4.014
0.0015467 -1.00000 7.00000 0.6547481418 2.3546900415    0.655 -0.606  3.6373  4.361    0  0.000  0.545     0.00     0.00     0.00     0.00     0.00 -1 -2.57e-14      0.00 7.470e-01 2.514e-01 2.929e-04 7.903e-05 7.168e-04 -1.000 1.629e-03 6.285 8.837 8.019 6.947 6.198 5.599 4.782 4.130 4.000
0.0015467 -1.00000 7.00000 0.6999999881 2.3779266974    0.700 -0.514  3.6542  4.366    0  0.000  0.545     0.00     0.00     0.00     0.00     0.00 -1 -3.04e-14      0.00 7.470e-01 2.514e-01 2.929e-04 7.903e-05 7.168e-04 -1.000 1.629e-03 6.056 8.250 7.570 6.592 5.913 5.364 4.601 3.982 3.870
0.0015467 -1.00000 7.00000 0.7045671940 2.3800819954    0.705 -0.505  3.6567  4.370    0  0.000  0.544     0.00     0.00     0.00     0.00     0.00 -1 -3.09e-14      0.00 7.470e-01 2.514e-01 2.926e-04 7.902e-05 7.168e-04 -1.000 1.629e-03 6.032 8.171 7.515 6.550 5.881 5.339 4.585 3.972 3.862
0.0015467 -1.00000 7.00000 0.7500000000 2.3998889087    0.750 -0.401  3.6820  4.394    0  0.000  0.538     0.00     0.00     0.00     0.00     0.00 -1 -3.69e-14      0.00 7.470e-01 2.514e-01 2.891e-04 7.893e-05 7.169e-04 -1.000 1.629e-03 5.773 7.428 6.996 6.139 5.562 5.078 4.406 3.861 3.768
0.0015467 -1.00000 7.00000 0.7628412843 2.4049977453    0.763 -0.376  3.6861  4.393    0  0.000  0.538     0.00     0.00     0.00     0.00     0.00 -1 -3.87e-14      0.00 7.470e-01 2.514e-01 2.891e-04 7.893e-05 7.169e-04 -1.000 1.629e-03 5.711 7.287 6.896 6.054 5.491 5.015 4.359 3.828 3.737
0.0015467 -1.00000 7.00000 0.7827212214 2.4125279277    0.783 -0.330  3.6938  4.389    0  0.000  0.538     0.00     0.00     0.00     0.00     0.00 -1 -4.25e-14      0.00 7.470e-01 2.514e-01 2.891e-04 7.893e-05 7.169e-04 -1.000 1.629e-03 5.595 7.034 6.714 5.901 5.362 4.900 4.271 3.764 3.677
0.0015467 -1.00000 7.00000 0.8000000119 2.4187244405    0.800 -0.288  3.7011  4.385    0  0.000  0.538     0.00     0.00     0.00     0.00     0.00 -1 -4.66e-14      0.00 7.470e-01 2.514e-01 2.891e-04 7.893e-05 7.169e-04 -1.000 1.629e-03 5.489 6.811 6.552 5.764 5.246 4.797 4.191 3.705 3.622
0.0015467 -1.00000 7.00000 0.8278210759 2.4280793072    0.827 -0.222  3.7123  4.379    0  0.000  0.538     0.00     0.00     0.00     0.00     0.00 -1 -5.36e-14      0.00 7.470e-01 2.514e-01 2.891e-04 7.893e-05 7.169e-04 -1.000 1.629e-03 5.325 6.478 6.307 5.559 5.071 4.641 4.071 3.614 3.537
0.0015467 -1.00000 7.00000 0.8500000238 2.4350346840    0.850 -0.168  3.7216  4.373    0  0.000  0.538     0.00     0.00     0.00     0.00     0.00 -1 -6.03e-14      0.00 7.470e-01 2.514e-01 2.891e-04 7.893e-05 7.169e-04 -1.000 1.629e-03 5.189 6.213 6.109 5.393 4.928 4.514 3.971 3.538 3.465
0.0015467 -1.00000 7.00000 0.8806029558 2.4439734886    0.880 -0.090  3.7342  4.362    0  0.000  0.538     0.00     0.00     0.00     0.00     0.00 -1 -7.16e-14      0.00 7.470e-01 2.514e-01 2.891e-04 7.893e-05 7.169e-04 -1.000 1.629e-03 4.996 5.866 5.840 5.169 4.731 4.336 3.830 3.426 3.359
0.0015467 -1.00000 7.00000 0.8999999762 2.4492786016    0.899 -0.039  3.7424  4.353    0  0.000  0.538     0.00     0.00     0.00     0.00     0.00 -1 -8.05e-14      0.00 7.470e-01 2.514e-01 2.891e-04 7.893e-05 7.169e-04 -1.000 1.629e-03 4.868 5.648 5.667 5.024 4.603 4.221 3.736 3.350 3.287
0.0015467 -1.00000 7.00000 0.9053196311 2.4506879310    0.905 -0.025  3.7445  4.350    0  0.000  0.538     0.00     0.00     0.00     0.00     0.00 -1 -8.31e-14      0.00 7.470e-01 2.514e-01 2.891e-04 7.893e-05 7.169e-04 -1.000 1.629e-03 4.833 5.592 5.621 4.985 4.568 4.190 3.711 3.328 3.267
0.0015467 -1.00000 7.00000 0.9333480000 2.4578093541    0.933  0.053  3.7560  4.331    0  0.000  0.538     0.00     0.00     0.00     0.00     0.00 -1 -9.99e-14      0.00 7.470e-01 2.514e-01 2.891e-04 7.893e-05 7.169e-04 -1.000 1.629e-03 4.639 5.286 5.366 4.771 4.378 4.019 3.568 3.206 3.153
0.0015467 -1.00000 7.00000 0.9499999881 2.4618121868    0.950  0.101  3.7628  4.318    0  0.000  0.538     0.00     0.00     0.00     0.00     0.00 -1 -1.12e-13      0.00 7.470e-01 2.514e-01 2.891e-04 7.893e-05 7.169e-04 -1.000 1.629e-03 4.517 5.103 5.210 4.639 4.261 3.913 3.478 3.128 3.080
0.0015467 -1.00000 7.00000 0.9623992443 2.4646894975    0.962  0.138  3.7678  4.306    0  0.000  0.538     0.00     0.00     0.00     0.00     0.00 -1 -1.23e-13      0.00 7.470e-01 2.514e-01 2.891e-04 7.893e-05 7.169e-04 -1.000 1.629e-03 4.424 4.970 5.093 4.541 4.172 3.832 3.409 3.068 3.022
0.0015467 -1.00000 7.00000 0.9862380624 2.4699883805    0.986  0.212  3.7773  4.281    0  0.000  0.538     0.00     0.00     0.00     0.00     0.00 -1 -1.49e-13      0.00 7.470e-01 2.514e-01 2.891e-04 7.893e-05 7.169e-04 -1.000 1.629e-03 4.240 4.715 4.864 4.347 3.998 3.672 3.271 2.947 2.908
0.0015467 -1.00000 7.00000 1.0000000000 2.4729154477    1.000  0.255  3.7829  4.266    0  0.000  0.538     0.00     0.00     0.00     0.00     0.00 -1 -1.66e-13      0.00 7.470e-01 2.514e-01 2.891e-04 7.893e-05 7.169e-04 -1.000 1.629e-03 4.131 4.571 4.731 4.234 3.895 3.579 3.190 2.875 2.840
0.0015467 -1.00000 7.00000 1.0009248257 2.4731088350    1.001  0.258  3.7832  4.265    0  0.000  0.538     0.00     0.00     0.00     0.00     0.00 -1 -1.67e-13      0.00 7.470e-01 2.514e-01 2.891e-04 7.893e-05 7.169e-04 -1.000 1.629e-03 4.124 4.562 4.722 4.226 3.888 3.572 3.184 2.870 2.835
0.0015467 -1.00000 7.00000 1.0291419029 2.4788176132    1.029  0.346  3.7947  4.235    0  0.000  0.538     0.00     0.00     0.00     0.00     0.00 -1    -2e-13      0.00 7.471e-01 2.513e-01 2.891e-04 7.893e-05 7.169e-04 -1.000 1.629e-03 3.905 4.285 4.454 3.998 3.682 3.385 3.022 2.729 2.700
0.0015467 -1.00000 7.00000 1.0499999523 2.4828114860    1.050  0.407  3.8037  4.219    0  0.000  0.538     0.00     0.00     0.00     0.00     0.00 -1 -2.25e-13      0.00 7.471e-01 2.513e-01 2.891e-04 7.893e-05 7.169e-04 -1.000 1.629e-03 3.753 4.095 4.266 3.839 3.540 3.258 2.916 2.639 2.614
0.0015467 -1.00000 7.00000 1.0694967508 2.4863831713    1.069  0.459  3.8127  4.211    0  0.000  0.538     0.00     0.00     0.00     0.00     0.00 -1 -2.46e-13      0.00 7.471e-01 2.513e-01 2.891e-04 7.893e-05 7.169e-04 -1.000 1.629e-03 3.623 3.934 4.101 3.701 3.419 3.152 2.830 2.570 2.549
0.0015467 -1.00000 7.00000 1.0947660208 2.4907953525    1.094  0.518  3.8253  4.212    0  0.000  0.538     0.00     0.00     0.00     0.00     0.00 -1 -2.68e-13      0.00 7.471e-01 2.513e-01 2.891e-04 7.893e-05 7.169e-04 -1.000 1.629e-03 3.474 3.751 3.908 3.543 3.284 3.037 2.744 2.510 2.493
0.0015467 -1.00000 7.00000 1.1000000238 2.4916801480    1.099  0.530  3.8280  4.213    0  0.000  0.538     0.00     0.00     0.00     0.00     0.00 -1 -2.73e-13      0.00 7.471e-01 2.513e-01 2.891e-04 7.893e-05 7.169e-04 -1.000 1.629e-03 3.445 3.715 3.869 3.511 3.257 3.015 2.729 2.501 2.484
0.0015467 -1.00000 7.00000 1.1056901217 2.4926311244    1.105  0.543  3.8312  4.216    0  0.000  0.538     0.00     0.00     0.00     0.00     0.00 -1 -2.76e-13      0.00 7.471e-01 2.513e-01 2.891e-04 7.893e-05 7.169e-04 -1.000 1.629e-03 3.414 3.677 3.827 3.478 3.230 2.993 2.714 2.493 2.476
0.0015467 -1.00000 7.00000 1.1202397346 2.4950123319    1.120  0.571  3.8397  4.227    0  0.000  0.538     0.00     0.00     0.00     0.00     0.00 -1 -2.82e-13      0.00 7.471e-01 2.513e-01 2.891e-04 7.893e-05 7.168e-04 -1.000 1.629e-03 3.343 3.591 3.729 3.401 3.168 2.946 2.687 2.482 2.467
0.0015467 -1.00000 7.00000 1.1343941689 2.4972615833    1.134  0.591  3.8477  4.245    0  0.000  0.538     0.00     0.00     0.00     0.00     0.00 -1 -2.81e-13      0.00 7.471e-01 2.513e-01 2.890e-04 7.893e-05 7.168e-04 -1.000 1.629e-03 3.294 3.530 3.656 3.346 3.129 2.920 2.679 2.490 2.477
0.0015467 -1.00000 7.00000 1.1499999762 2.4996678137    1.149  0.608  3.8563  4.267    0  0.000  0.538     0.00     0.00     0.00     0.00     0.00 -1 -2.76e-13      0.00 7.471e-01 2.513e-01 2.890e-04 7.893e-05 7.168e-04 -1.000 1.629e-03 3.250 3.474 3.587 3.297 3.095 2.901 2.679 2.508 2.495
0.0015467 -1.00000 7.00000 1.1593906879 2.5010799034    1.159  0.618  3.8622  4.285    0  0.000  0.538     0.00     0.00     0.00     0.00     0.00 -1 -2.71e-13      0.00 7.471e-01 2.513e-01 2.890e-04 7.893e-05 7.168e-04 -1.000 1.629e-03 3.224 3.442 3.546 3.268 3.077 2.894 2.685 2.526 2.514
0.0015467 -1.00000 7.00000 1.1935920715 2.5060075025    1.193  0.641  3.8807  4.348    0  0.000  0.538     0.00     0.00     0.00     0.00     0.00 -1 -2.47e-13      0.00 7.471e-01 2.513e-01 2.890e-04 7.892e-05 7.168e-04 -1.000 1.629e-03 3.166 3.370 3.442 3.203 3.046 2.895 2.726 2.602 2.592
0.0015467 -1.00000 7.00000 1.2000000477 2.5068948796    1.200  0.645  3.8834  4.358    0  0.000  0.538     0.00     0.00     0.00     0.00     0.00 -1 -2.42e-13      0.00 7.471e-01 2.513e-01 2.890e-04 7.892e-05 7.168e-04 -1.000 1.629e-03 3.158 3.361 3.428 3.194 3.042 2.896 2.733 2.614 2.604
0.0015467 -1.00000 7.00000 1.2213897705 2.5097795614    1.221  0.655  3.8930  4.394    0  0.000  0.538     0.00     0.00     0.00     0.00     0.00 -1 -2.25e-13      0.00 7.471e-01 2.513e-01 2.890e-04 7.892e-05 7.168e-04 -1.000 1.629e-03 3.134 3.331 3.382 3.168 3.033 2.905 2.762 2.659 2.650
0.0015467 -1.00000 7.00000 1.2500000000 2.5134610955    1.250  0.669  3.9031  4.430    0  0.000  0.538     0.00     0.00     0.00     0.00     0.00 -1 -2.08e-13      0.00 7.471e-01 2.513e-01 2.890e-04 7.892e-05 7.168e-04 -1.000 1.629e-03 3.097 3.292 3.327 3.131 3.015 2.905 2.782 2.697 2.688
0.0015467 -1.00000 7.00000 1.2725644112 2.5162307748    1.272  0.685  3.9104  4.451    0  0.000  0.538     0.00     0.00     0.00     0.00     0.00 -1 -1.98e-13      0.00 7.471e-01 2.513e-01 2.890e-04 7.892e-05 7.168e-04 -1.000 1.629e-03 3.058 3.251 3.274 3.094 2.991 2.893 2.785 2.712 2.704
0.0015467 -1.00000 7.00000 1.2999999523 2.5194498592    1.300  0.711  3.9190  4.469    0  0.000  0.538     0.00     0.00     0.00     0.00     0.00 -1  -1.9e-13      0.00 7.471e-01 2.513e-01 2.890e-04 7.892e-05 7.168e-04 -1.000 1.629e-03 2.992 3.185 3.195 3.033 2.946 2.863 2.772 2.711 2.703
0.0015467 -1.00000 7.00000 1.3162258863 2.5212812310    1.316  0.725  3.9249  4.484    0  0.000  0.538     0.00     0.00     0.00     0.00     0.00 -1 -1.84e-13      0.00 7.471e-01 2.513e-01 2.890e-04 7.892e-05 7.168e-04 -1.000 1.629e-03 2.958 3.151 3.153 3.004 2.927 2.854 2.773 2.720 2.712
0.0015467 -1.00000 7.00000 1.3423492908 2.5241230013    1.342  0.753  3.9342  4.501    0  0.000  0.538     0.00     0.00     0.00     0.00     0.00 -1 -1.77e-13      0.00 7.471e-01 2.513e-01 2.890e-04 7.892e-05 7.168e-04 -1.000 1.629e-03 2.886 3.082 3.075 2.947 2.885 2.826 2.760 2.719 2.711
0.0015467 -1.00000 7.00000 1.3500000238 2.5249313598    1.350  0.764  3.9368  4.504    0  0.000  0.538     0.00     0.00     0.00     0.00     0.00 -1 -1.77e-13      0.00 7.471e-01 2.513e-01 2.890e-04 7.892e-05 7.168e-04 -1.000 1.629e-03 2.860 3.057 3.048 2.926 2.869 2.813 2.751 2.713 2.705
0.0015467 -1.00000 7.00000 1.3999999762 2.5299650300    1.400  0.826  3.9524  4.519    0  0.000  0.538     0.00     0.00     0.00     0.00     0.00 -1 -1.69e-13      0.00 7.471e-01 2.512e-01 2.890e-04 7.891e-05 7.168e-04 -1.000 1.629e-03 2.704 2.909 2.899 2.809 2.773 2.737 2.698 2.675 2.669
0.0015467 -1.00000 7.00000 1.4500000477 2.5346015836    1.450  0.884  3.9670  4.535    0  0.000  0.538     0.00     0.00     0.00     0.00     0.00 -1 -1.55e-13      0.00 7.471e-01 2.512e-01 2.890e-04 7.891e-05 7.167e-04 -1.000 1.629e-03 2.560 2.771 2.774 2.711 2.690 2.671 2.652 2.640 2.636
0.0015467 -1.00000 7.00000 1.4722379446 2.5365477430    1.472  0.908  3.9731  4.542    0  0.000  0.538     0.00     0.00     0.00     0.00     0.00 -1 -1.46e-13      0.00 7.471e-01 2.512e-01 2.890e-04 7.891e-05 7.167e-04 -1.000 1.629e-03 2.499 2.713 2.726 2.671 2.657 2.644 2.633 2.625 2.622
0.0015467 -1.00000 7.00000 1.5000000000 2.5388844597    1.500  0.940  3.9805  4.548    0  0.000  0.538     0.00     0.00     0.00     0.00     0.00 -1 -1.36e-13      0.00 7.471e-01 2.512e-01 2.890e-04 7.891e-05 7.167e-04 -1.000 1.629e-03 2.419 2.638 2.663 2.620 2.611 2.605 2.604 2.601 2.600
0.0015467 -1.00000 7.00000 1.5282965899 2.5411659806    1.528  0.971  3.9877  4.554    0  0.000  0.538     0.00     0.00     0.00     0.00     0.00 -1 -1.22e-13      0.00 7.472e-01 2.512e-01 2.890e-04 7.891e-05 7.167e-04 -1.000 1.629e-03 2.341 2.564 2.604 2.571 2.568 2.568 2.575 2.576 2.577
0.0015467 -1.00000 7.00000 1.5499999523 2.5428511323    1.550  0.997  3.9934  4.557    0  0.000  0.538     0.00     0.00     0.00     0.00     0.00 -1 -1.14e-13      0.00 7.472e-01 2.512e-01 2.890e-04 7.891e-05 7.167e-04 -1.000 1.629e-03 2.279 2.504 2.557 2.532 2.533 2.537 2.551 2.555 2.557
0.0015467 -1.00000 7.00000 1.6000000238 2.5465340628    1.600  1.053  4.0058  4.565    0  0.000  0.538     0.00     0.00     0.00     0.00     0.00 -1 -8.41e-14      0.00 7.471e-01 2.512e-01 2.890e-04 7.891e-05 7.166e-04 -1.000 1.629e-03 2.138 2.371 2.456 2.449 2.456 2.468 2.497 2.506 2.511
0.0015467 -1.00000 7.00000 1.6499998569 2.5499614695    1.649  1.106  4.0176  4.571    0  0.000  0.538     0.00     0.00     0.00     0.00     0.00 -1    -1e-30      0.00 7.471e-01 2.512e-01 2.890e-04 7.890e-05 7.166e-04 -1.000 1.629e-03 2.005 2.247 2.365 2.372 2.386 2.404 2.446 2.459 2.467
0.0015467 -1.00000 7.00000 1.7000000477 2.5531580802    1.699  1.158  4.0289  4.578    0  0.000  0.538     0.00     0.00     0.00     0.00     0.00 -1    -1e-30      0.00 7.472e-01 2.512e-01 2.890e-04 7.890e-05 7.166e-04 -1.000 1.629e-03 1.875 2.129 2.280 2.300 2.318 2.342 2.396 2.413 2.424
0.0015467 -1.00000 7.00000 1.7500000000 2.5561455243    1.749  1.208  4.0398  4.584    0  0.000  0.538     0.00     0.00     0.00     0.00     0.00 -1    -1e-30      0.00 7.472e-01 2.512e-01 2.890e-04 7.890e-05 7.166e-04 -1.000 1.623e-03 1.749 2.018 2.201 2.232 2.253 2.282 2.347 2.368 2.381
0.0015467 -1.00000 7.00000 1.7999999523 2.5589429085    1.799  1.257  4.0502  4.589    0  0.000  0.538     0.00     0.00     0.00     0.00     0.00 -1    -1e-30      0.00 7.472e-01 2.512e-01 2.889e-04 7.890e-05 7.166e-04 -1.000 1.629e-03 1.628 1.913 2.126 2.166 2.191 2.225 2.300 2.323 2.339
0.0015467 -1.00000 7.00000 1.8500001431 2.5615671263    1.849  1.304  4.0602  4.594    0  0.000  0.538     0.00     0.00     0.00     0.00     0.00 -1    -1e-30      0.00 7.472e-01 2.512e-01 2.889e-04 7.890e-05 7.166e-04 -1.000 1.629e-03 1.510 1.814 2.055 2.103 2.131 2.169 2.254 2.280 2.298
0.0015467 -1.00000 7.00000 1.8999999762 2.5640331260    1.899  1.349  4.0696  4.598    0  0.000  0.538     0.00     0.00     0.00     0.00     0.00 -1    -1e-30      0.00 7.472e-01 2.512e-01 2.889e-04 7.889e-05 7.166e-04 -1.000 1.629e-03 1.398 1.720 1.987 2.043 2.074 2.115 2.209 2.237 2.258
0.0015467 -1.00000 7.00000 1.9500000477 2.5663542714    1.950  1.393  4.0787  4.602    0  0.000  0.538     0.00     0.00     0.00     0.00     0.00 -1    -1e-30      0.00 7.472e-01 2.511e-01 2.889e-04 7.889e-05 7.165e-04 -1.000 1.629e-03 1.289 1.630 1.922 1.984 2.017 2.062 2.164 2.195 2.218
0.0015467 -1.00000 7.00000 2.0000000000 2.5685424513    2.000  1.435  4.0873  4.606    0  0.000  0.538     0.00     0.00     0.00     0.00     0.00 -1    -1e-30      0.00 7.472e-01 2.511e-01 2.889e-04 7.889e-05 7.166e-04 -1.000 1.629e-03 1.183 1.543 1.860 1.927 1.962 2.010 2.120 2.153 2.178
0.0015467 -1.00000 7.00000 2.0499999523 2.5706083333    2.050  1.475  4.0954  4.608    0  0.000  0.538     0.00     0.00     0.00     0.00     0.00 -1    -1e-30      0.00 7.472e-01 2.511e-01 2.889e-04 7.889e-05 7.166e-04 -1.000 1.629e-03 1.082 1.461 1.799 1.872 1.909 1.960 2.077 2.112 2.138
0.0015467 -1.00000 7.00000 2.0999999046 2.5725614918    2.099  1.515  4.1033  4.610    0  0.000  0.538     0.00     0.00     0.00     0.00     0.00 -1    -1e-30      0.00 7.473e-01 2.511e-01 2.889e-04 7.889e-05 7.165e-04 -1.000 1.629e-03 0.983 1.381 1.740 1.818 1.857 1.911 2.034 2.071 2.099
0.0015467 -1.00000 7.00000 2.1500000954 2.5744105556    2.149  1.553  4.1108  4.612    0  0.000  0.538     0.00     0.00     0.00     0.00     0.00 -1    -1e-30      0.00 7.473e-01 2.511e-01 2.889e-04 7.889e-05 7.165e-04 -1.000 1.629e-03 0.886 1.304 1.682 1.764 1.805 1.862 1.991 2.030 2.060
0.0015467 -1.00000 7.00000 2.2000000477 2.5761632879    2.199  1.591  4.1180  4.614    0  0.000  0.538     0.00     0.00     0.00     0.00     0.00 -1    -1e-30      0.00 7.473e-01 2.511e-01 2.889e-04 7.889e-05 7.165e-04 -1.000 1.629e-03 0.794 1.230 1.627 1.713 1.756 1.815 1.950 1.990 2.021
0.0015467 -1.00000 7.00000 2.2500000000 2.5778267375    2.249  1.627  4.1249  4.615    0  0.000  0.538     0.00     0.00     0.00     0.00     0.00 -1    -1e-30      0.00 7.473e-01 2.511e-01 2.889e-04 7.889e-05 7.165e-04 -1.000 1.629e-03 0.703 1.159 1.572 1.662 1.706 1.768 1.908 1.950 1.983
0.0015467 -1.00000 7.00000 2.2999999523 2.5794072884    2.299  1.662  4.1314  4.615    0  0.000  0.538     0.00     0.00     0.00     0.00     0.00 -1    -1e-30      0.00 7.473e-01 2.511e-01 2.889e-04 7.888e-05 7.165e-04 -1.000 1.629e-03 0.614 1.089 1.518 1.611 1.658 1.721 1.867 1.910 1.944
0.0015467 -1.00000 7.00000 2.3499999046 2.5809107422    2.349  1.697  4.1377  4.615    0  0.000  0.538     0.00     0.00     0.00     0.00     0.00 -1    -1e-30      0.00 7.472e-01 2.512e-01 2.889e-04 7.889e-05 7.166e-04 -1.000 1.629e-03 0.528 1.020 1.465 1.562 1.609 1.675 1.825 1.870 1.905
0.0015467 -1.00000 7.00000 2.4000000954 2.5823423892    2.399  1.730  4.1433  4.613    1  0.000  0.538     0.00     0.00     0.00     0.00     0.00 -1    -1e-30      0.00 7.470e-01 2.514e-01 2.891e-04 7.893e-05 7.169e-04 -1.000 1.629e-03 0.444 0.951 1.410 1.510 1.559 1.626 1.781 1.828 1.864
0.0015467 -1.00000 7.00000 2.5999999046 2.5874412955    2.600  1.857  4.1659  4.611    0  0.000  0.538     0.00     0.00     0.00     0.00     0.00 -1    -1e-30      0.00 7.470e-01 2.513e-01 2.892e-04 7.895e-05 7.171e-04 -1.000 1.629e-03 0.127 0.704 1.214 1.326 1.381 1.455 1.627 1.678 1.719
0.0015467 -1.00000 7.00000 2.8000001907 2.5917117867    2.800  1.974  4.1855  4.605    0  0.000  0.538     0.00     0.00     0.00     0.00     0.00 -1    -1e-30      0.00 7.470e-01 2.513e-01 2.892e-04 7.895e-05 7.171e-04 -1.000 1.629e-03 -0.164 0.476 1.029 1.151 1.210 1.291 1.476 1.532 1.576
0.0015467 -1.00000 7.00000 3.0000000000 2.5953341962    3.000  2.081  4.2019  4.593    1  0.000  0.538     0.00     0.00     0.00     0.00     0.00 -1    -1e-30      0.00 7.470e-01 2.513e-01 2.892e-04 7.895e-05 7.171e-04 -1.000 1.629e-03 -0.433 0.263 0.850 0.981 1.043 1.130 1.327 1.385 1.432
0.0015467 -1.00000 7.00000 3.2000000477 2.5984409005    3.199  2.181  4.2176  4.584    1  0.000  0.538     0.00     0.00     0.00     0.00     0.00 -1    -1e-30      0.00 7.470e-01 2.513e-01 2.892e-04 7.895e-05 7.171e-04 -1.000 1.629e-03 -0.683 0.067 0.686 0.825 0.892 0.982 1.190 1.252 1.302
0.0015467 -1.00000 7.00000 3.4000000954 2.6011310876    3.398  2.274  4.2316  4.574    1  0.000  0.538     0.00     0.00     0.00     0.00     0.00 -1    -1e-30      0.00 7.470e-01 2.513e-01 2.892e-04 7.895e-05 7.171e-04 -1.000 1.629e-03 -0.915 -0.115 0.530 0.677 0.747 0.842 1.059 1.124 1.176
0.0015467 -1.00000 7.00000 3.5999999046 2.6034804580    3.598  2.362  4.2454  4.566    1  0.000  0.538     0.00     0.00     0.00     0.00     0.00 -1    -1e-30      0.00 7.470e-01 2.513e-01 2.892e-04 7.895e-05 7.171e-04 -1.000 1.629e-03 -1.135 -0.285 0.387 0.541 0.613 0.713 0.939 1.007 1.061
0.0015467 -1.00000 7.00000 3.8000001907 2.6055477311    3.798  2.445  4.2588  4.560    0  0.000  0.538     0.00     0.00     0.00     0.00     0.00 -1    -1e-30      0.00 7.470e-01 2.513e-01 2.892e-04 7.895e-05 7.171e-04 -1.000 1.629e-03 -1.343 -0.443 0.253 0.413 0.489 0.593 0.827 0.898 0.954
0.0015467 -1.00000 7.00000 4.0000000000 2.6073790840    4.001  2.523  4.2704  4.550    1  0.000  0.538     0.00     0.00     0.00     0.00     0.00 -1    -1e-30      0.00 7.470e-01 2.513e-01 2.892e-04 7.895e-05 7.171e-04 -1.000 1.629e-03 -1.538 -0.596 0.121 0.287 0.366 0.472 0.715 0.787 0.846
0.0015467 -1.00000 7.00000 4.1999998093 2.6090113217    4.198  2.597  4.2820  4.544    1  0.000  0.538     0.00     0.00     0.00     0.00     0.00 -1    -1e-30      0.00 7.470e-01 2.513e-01 2.892e-04 7.895e-05 7.171e-04 -1.000 1.629e-03 -1.723 -0.739 -0.001 0.171 0.252 0.363 0.612 0.687 0.748
0.0015467 -1.00000 7.00000 4.4000000954 2.6104741055    4.397  2.667  4.2922  4.535    1  0.000  0.538     0.00     0.00     0.00     0.00     0.00 -1    -1e-30      0.00 7.470e-01 2.513e-01 2.892e-04 7.895e-05 7.171e-04 -1.000 1.629e-03 -1.899 -0.877 -0.121 0.056 0.140 0.253 0.509 0.586 0.648
0.0015467 -1.00000 7.00000 4.5999999046 2.6117915791    4.597  2.735  4.3022  4.527    1  0.000  0.538     0.00     0.00     0.00     0.00     0.00 -1    -1e-30      0.00 7.470e-01 2.513e-01 2.892e-04 7.895e-05 7.171e-04 -1.000 1.629e-03 -2.066 -1.008 -0.234 -0.052 0.034 0.150 0.412 0.490 0.555
0.0015467 -1.00000 7.00000 4.7212800980 2.6125282743    4.719  2.774  4.3081  4.522    1  0.000  0.538     0.00     0.00     0.00     0.00     0.00 -1    -1e-30      0.00 7.470e-01 2.513e-01 2.892e-04 7.895e-05 7.171e-04 -1.000 1.629e-03 -2.165 -1.084 -0.301 -0.116 -0.029 0.089 0.355 0.435 0.500
0.0015467 -1.00000 7.00000 4.8000001907 2.6129836005    4.798  2.799  4.3118  4.520    1  0.000  0.538     0.00     0.00     0.00     0.00     0.00 -1    -1e-30      0.00 7.470e-01 2.513e-01 2.892e-04 7.895e-05 7.171e-04 -1.000 1.629e-03 -2.227 -1.133 -0.343 -0.156 -0.068 0.051 0.318 0.399 0.465
0.0015467 -1.00000 7.00000 5.0000000000 2.6140666223    4.999  2.860  4.3210  4.512    1  0.000  0.538     0.00     0.00     0.00     0.00     0.00 -1    -1e-30      0.00 7.470e-01 2.513e-01 2.892e-04 7.895e-05 7.171e-04 -1.000 1.629e-03 -2.381 -1.253 -0.448 -0.256 -0.166 -0.045 0.228 0.311 0.379
0.0015467 -1.00000 7.00000 5.2370800972 2.6152280269    5.237  2.930  4.3311  4.504    1  0.000  0.538     0.00     0.00     0.00     0.00     0.00 -1    -1e-30      0.00 7.470e-01 2.513e-01 2.892e-04 7.895e-05 7.171e-04 -1.000 1.629e-03 -2.554 -1.389 -0.567 -0.370 -0.278 -0.154 0.126 0.210 0.280
0.0015467 -1.00000 7.00000 5.4741601944 2.6162745085    5.473  2.995  4.3406  4.495    1  0.000  0.538     0.00     0.00     0.00     0.00     0.00 -1    -1e-30      0.00 7.470e-01 2.513e-01 2.892e-04 7.895e-05 7.171e-04 -1.000 1.629e-03 -2.719 -1.518 -0.680 -0.479 -0.385 -0.258 0.027 0.113 0.185
0.0015467 -1.00000 7.00000 5.7112407684 2.6172217114    5.710  3.059  4.3498  4.487    1  0.000  0.538     0.00     0.00     0.00     0.00     0.00 -1    -1e-30      0.00 7.470e-01 2.513e-01 2.892e-04 7.895e-05 7.171e-04 -1.000 1.629e-03 -2.877 -1.644 -0.791 -0.585 -0.489 -0.359 -0.069 0.019 0.092
0.0015467 -1.00000 7.00000 5.9483213425 2.6180826115    5.944  3.119  4.3583  4.478    1  0.000  0.538     0.00     0.00     0.00     0.00     0.00 -1    -1e-30      0.00 7.470e-01 2.513e-01 2.892e-04 7.895e-05 7.171e-04 -1.000 1.629e-03 -3.028 -1.763 -0.896 -0.687 -0.589 -0.457 -0.161 -0.071 0.003
0.0015467 -1.00000 7.00000 6.1854014397 2.6188680592    6.179  3.177  4.3665  4.470    1  0.000  0.538     0.00     0.00     0.00     0.00     0.00 -1    -1e-30      0.00 7.470e-01 2.513e-01 2.892e-04 7.895e-05 7.171e-04 -1.000 1.629e-03 -3.174 -1.879 -0.999 -0.786 -0.686 -0.551 -0.251 -0.159 -0.083
0.0015467 -1.00000 7.00000 6.4079470634 2.6195448658    6.398  3.230  4.3738  4.462    1  0.000  0.538     0.00     0.00     0.00     0.00     0.00 -1    -1e-30      0.00 7.470e-01 2.513e-01 2.892e-04 7.895e-05 7.171e-04 -1.000 1.629e-03 -3.305 -1.983 -1.092 -0.875 -0.774 -0.637 -0.333 -0.239 -0.161
0.0015467 -1.00000 7.00000 6.4224815369 2.6195871954    6.413  3.233  4.3743  4.461    1  0.000  0.538     0.00     0.00     0.00     0.00     0.00 -1    -1e-30      0.00 7.470e-01 2.513e-01 2.892e-04 7.895e-05 7.171e-04 -1.000 1.629e-03 -3.313 -1.990 -1.098 -0.881 -0.779 -0.643 -0.338 -0.244 -0.167
0.0015467 -1.00000 7.00000 6.6595621109 2.6202477692    6.647  3.287  4.3817  4.452    1  0.000  0.538     0.00     0.00     0.00     0.00     0.00 -1    -1e-30      0.00 7.470e-01 2.513e-01 2.892e-04 7.895e-05 7.171e-04 -1.000 1.629e-03 -3.448 -2.098 -1.195 -0.974 -0.871 -0.732 -0.423 -0.328 -0.248
0.0015467 -1.00000 7.00000 6.6869735718 2.6203206789    6.674  3.293  4.3825  4.451    1  0.000  0.538     0.00     0.00     0.00     0.00     0.00 -1    -1e-30      0.00 7.470e-01 2.513e-01 2.892e-04 7.895e-05 7.171e-04 -1.000 1.629e-03 -3.463 -2.110 -1.206 -0.985 -0.881 -0.742 -0.433 -0.337 -0.258
0.0015467 -1.00000 7.00000 7.3708028793 2.6219396525    7.353  3.439  4.4021  4.426    1  0.000  0.538     0.00     0.00     0.00     0.00     0.00 -1    -1e-30      0.00 7.470e-01 2.513e-01 2.892e-04 7.895e-05 7.171e-04 -1.000 1.629e-03 -3.826 -2.483 -1.489 -1.245 -1.150 -1.031 -0.722 -0.654 -0.568
0.0015467 -1.00000 7.00000 7.4059343338 2.6220135904    7.387  3.445  4.4030  4.425    1  0.000  0.538     0.00     0.00     0.00     0.00     0.00 -1    -1e-30      0.00 7.470e-01 2.513e-01 2.892e-04 7.895e-05 7.171e-04 -1.000 1.629e-03 -3.844 -2.498 -1.504 -1.259 -1.163 -1.044 -0.736 -0.668 -0.583
0.0015467 -1.00000 7.00000 8.1933689117 2.6234814110    8.156  3.593  4.4223  4.397    1  0.000  0.538     0.00     0.00     0.00     0.00     0.00 -1    -1e-30      0.00 7.470e-01 2.513e-01 2.892e-04 7.895e-05 7.171e-04 -1.000 1.629e-03 -4.213 -2.827 -1.810 -1.547 -1.448 -1.331 -1.042 -0.983 -0.908
0.0015467 -1.00000 7.00000 8.5562038422 2.6240541505    8.511  3.658  4.4304  4.384    1  0.000  0.538     0.00     0.00     0.00     0.00     0.00 -1    -1e-30      0.00 7.470e-01 2.513e-01 2.892e-04 7.895e-05 7.171e-04 -1.000 1.629e-03 -4.374 -2.964 -1.938 -1.675 -1.575 -1.456 -1.160 -1.097 -1.022
0.0015467 -1.00000 7.00000 8.8588495255 2.6244908394    8.812  3.710  4.4369  4.372    1  0.000  0.538     0.00     0.00     0.00     0.00     0.00 -1    -1e-30      0.00 7.470e-01 2.513e-01 2.892e-04 7.895e-05 7.171e-04 -1.000 1.629e-03 -4.505 -3.073 -2.040 -1.779 -1.680 -1.556 -1.250 -1.182 -1.105
0.0015467 -1.00000 7.00000 9.4058656693 2.6251987562    9.357  3.802  4.4478  4.350    1  0.000  0.538     0.00     0.00     0.00     0.00     0.00 -1    -1e-30      0.00 7.470e-01 2.513e-01 2.892e-04 7.895e-05 7.171e-04 -1.000 1.629e-03 -4.735 -3.265 -2.220 -1.964 -1.863 -1.733 -1.410 -1.333 -1.253
0.0015467 -1.00000 7.00000 9.7416048050 2.6255882616    9.692  3.857  4.4541  4.336    1  0.000  0.538     0.00     0.00     0.00     0.00     0.00 -1    -1e-30      0.00 7.470e-01 2.513e-01 2.892e-04 7.895e-05 7.171e-04 -1.000 1.629e-03 -4.872 -3.370 -2.320 -2.061 -1.959 -1.826 -1.495 -1.412 -1.329
0.0015467 -1.00000 7.00000 9.9812469482 2.6258479262    9.927  3.893  4.4582  4.326    1  0.000  0.538     0.00     0.00     0.00     0.00     0.00 -1 -2.57e-30      0.00 7.470e-01 2.513e-01 2.892e-04 7.895e-05 7.171e-04 -1.000 1.629e-03 -4.963 -3.436 -2.384 -2.121 -2.018 -1.885 -1.547 -1.459 -1.374
0.0015467 -1.00000 7.00000 10.4856681824 2.6263501594   10.421  3.968  4.4663  4.305    1  0.000  0.538     0.00     0.00     0.00     0.00     0.00 -1 -1.75e-29      0.00 7.470e-01 2.513e-01 2.893e-04 7.895e-05 7.170e-04 -1.000 1.629e-03 -5.150 -3.576 -2.517 -2.249 -2.144 -2.009 -1.660 -1.561 -1.469
0.0015467 -1.00000 7.00000 10.9270067215 2.6267461281   10.852  4.032  4.4730  4.286    1  0.000  0.538     0.00     0.00     0.00     0.00     0.00 -1 -8.76e-29      0.00 7.470e-01 2.513e-01 2.894e-04 7.895e-05 7.170e-04 -1.000 1.629e-03 -5.309 -3.696 -2.633 -2.360 -2.253 -2.117 -1.759 -1.650 -1.552
0.0015467 -1.00000 7.00000 11.2176551819 2.6269874200   11.140  4.072  4.4771  4.273    1  0.000  0.539     0.00     0.00     0.00     0.00     0.00 -1 -2.69e-27      0.00 7.470e-01 2.513e-01 2.895e-04 7.895e-05 7.170e-04 -1.000 1.629e-03 -5.411 -3.779 -2.712 -2.436 -2.329 -2.190 -1.829 -1.719 -1.621
0.0015467 -1.00000 7.00000 11.8029394150 2.6274321053   11.720  4.152  4.4846  4.245    1  0.000  0.540     0.00     0.00     0.00     0.00     0.00 -1 -2.08e-24      0.00 7.470e-01 2.514e-01 2.898e-04 7.896e-05 7.169e-04 -1.000 1.629e-03 -5.611 -3.951 -2.878 -2.598 -2.483 -2.337 -1.976 -1.876 -1.787
0.0015467 -1.00000 7.00000 12.1124076843 2.6276473589   12.026  4.194  4.4882  4.229    1  0.000  0.540     0.00     0.00     0.00     0.00     0.00 -1 -6.18e-23      0.00 7.470e-01 2.514e-01 2.900e-04 7.896e-05 7.169e-04 -1.000 1.629e-03 -5.716 -4.042 -2.967 -2.684 -2.566 -2.417 -2.055 -1.960 -1.878
0.0015467 -1.00000 7.00000 12.3340158463 2.6277938916   12.242  4.223  4.4906  4.217    1  0.000  0.540     0.00     0.00     0.00     0.00     0.00 -1 -6.49e-23      0.00 7.470e-01 2.514e-01 2.900e-04 7.896e-05 7.169e-04 -1.000 1.629e-03 -5.787 -4.104 -3.027 -2.742 -2.622 -2.470 -2.109 -2.018 -1.939
0.0015467 -1.00000 7.00000 12.8543291092 2.6281152125   12.749  4.288  4.4956  4.189    1  0.000  0.540     0.00     0.00     0.00     0.00     0.00 -1 -7.32e-23      0.00 7.470e-01 2.514e-01 2.900e-04 7.896e-05 7.169e-04 -1.000 1.629e-03 -5.951 -4.249 -3.169 -2.881 -2.755 -2.596 -2.235 -2.155 -2.086
0.0015467 -1.00000 7.00000 13.2978096008 2.6283663807   13.182  4.343  4.4993  4.164    1  0.000  0.540     0.00     0.00     0.00     0.00     0.00 -1 -8.07e-23      0.00 7.470e-01 2.514e-01 2.900e-04 7.896e-05 7.169e-04 -1.000 1.629e-03 -6.088 -4.372 -3.289 -2.998 -2.868 -2.703 -2.343 -2.272 -2.213
0.0015467 -1.00000 7.00000 13.7098321915 2.6285830655   13.584  4.392  4.5022  4.140    1  0.000  0.541     0.00     0.00     0.00     0.00     0.00 -1 -2.72e-20      0.00 7.470e-01 2.514e-01 2.905e-04 7.897e-05 7.169e-04 -1.000 1.629e-03 -6.210 -4.482 -3.397 -3.105 -2.973 -2.807 -2.449 -2.379 -2.318
0.0015467 -1.00000 7.00000 14.1909046173 2.6288178430   14.053  4.448  4.5047  4.108    1  0.000  0.542     0.00     0.00     0.00     0.00     0.00 -1 -1.99e-17      0.00 7.470e-01 2.514e-01 2.911e-04 7.899e-05 7.169e-04 -1.000 1.629e-03 -6.351 -4.613 -3.526 -3.234 -3.102 -2.935 -2.578 -2.508 -2.444
0.0015467 -1.00000 7.00000 14.6582241058 2.6290290225   14.508  4.503  4.5064  4.075    1  0.000  0.543     0.00     0.00     0.00     0.00     0.00 -1 -9.89e-15      0.00 7.470e-01 2.514e-01 2.917e-04 7.900e-05 7.168e-04 -1.000 1.629e-03 -6.486 -4.744 -3.655 -3.363 -3.230 -3.062 -2.707 -2.637 -2.570
0.0015467 -1.00000 7.00000 15.0807971954 2.6292070799   14.918  4.551  4.5072  4.041    1  0.000  0.544     0.00     0.00     0.00     0.00     0.00 -1 -2.32e-12      0.00 7.470e-01 2.514e-01 2.922e-04 7.901e-05 7.168e-04 -1.000 1.629e-03 -6.608 -4.864 -3.774 -3.483 -3.348 -3.179 -2.825 -2.757 -2.689
0.0015467 -1.00000 7.00000 15.5079269409 2.6293757642   15.333  4.600  4.5072  4.005    1  0.000  0.545     0.00     0.00     0.00     0.00     0.00 -1 -5.01e-10      0.00 7.470e-01 2.514e-01 2.927e-04 7.903e-05 7.168e-04 -1.000 1.629e-03 -6.729 -4.988 -3.898 -3.607 -3.471 -3.299 -2.946 -2.881 -2.815
0.0015467 -1.00000 7.00000 15.6686124802 2.6294364918   15.490  4.618  4.5069  3.990    1  0.000  0.545     0.00     0.00     0.00     0.00     0.00 -1 -3.64e-09      0.00 7.470e-01 2.514e-01 2.929e-04 7.903e-05 7.168e-04 -1.000 1.629e-03 -6.775 -5.037 -3.948 -3.657 -3.521 -3.349 -2.995 -2.930 -2.864
0.0015467 -1.00000 7.00000 15.8903217316 2.6295179675   15.704  4.641  4.5064  3.970    1  0.000  0.545     0.00     0.00     0.00     0.00     0.00 -1 -4.01e-09      0.00 7.470e-01 2.514e-01 2.929e-04 7.903e-05 7.168e-04 -1.000 1.629e-03 -6.834 -5.100 -4.011 -3.721 -3.585 -3.414 -3.059 -2.992 -2.927
0.0015467 -1.00000 7.00000 16.3582191467 2.6296816084   16.156  4.691  4.5042  3.924    1  0.000  0.545     0.00     0.00     0.00     0.00     0.00 -1 -4.86e-09      0.00 7.470e-01 2.514e-01 2.929e-04 7.903e-05 7.168e-04 -1.000 1.629e-03 -6.958 -5.242 -4.154 -3.865 -3.730 -3.559 -3.201 -3.133 -3.070
0.0015467 -1.00000 7.00000 16.8106155396 2.6298299083   16.592  4.739  4.5009  3.875    1  0.000  0.545     0.00     0.00     0.00     0.00     0.00 -1 -5.84e-09      0.00 7.470e-01 2.514e-01 2.929e-04 7.903e-05 7.168e-04 -1.000 1.629e-03 -7.077 -5.385 -4.299 -4.011 -3.876 -3.706 -3.344 -3.275 -3.216
0.0015467 -1.00000 7.00000 17.3295860291 2.6299891132   17.090  4.793  4.4950  3.809    1  0.000  0.545     0.00     0.00     0.00     0.00     0.00 -1  -7.1e-09      0.00 7.470e-01 2.514e-01 2.929e-04 7.903e-05 7.168e-04 -1.000 1.629e-03 -7.213 -5.560 -4.477 -4.194 -4.065 -3.900 -3.535 -3.452 -3.378
0.0015467 -1.00000 7.00000 17.7816810608 2.6301191279   17.524  4.841  4.4873  3.742    1  0.000  0.545     0.00     0.00     0.00     0.00     0.00 -1 -8.26e-09      0.00 7.470e-01 2.514e-01 2.929e-04 7.903e-05 7.168e-04 -1.000 1.629e-03 -7.333 -5.726 -4.646 -4.367 -4.244 -4.085 -3.716 -3.620 -3.532
0.0015467 -1.00000 7.00000 18.0394134521 2.6301899024   17.773  4.868  4.4819  3.699    1  0.000  0.545     0.00     0.00     0.00     0.00     0.00 -1 -8.95e-09      0.00 7.470e-01 2.514e-01 2.929e-04 7.903e-05 7.168e-04 -1.000 1.629e-03 -7.401 -5.826 -4.749 -4.471 -4.350 -4.194 -3.823 -3.722 -3.628
0.0015467 -1.00000 7.00000 18.2094802856 2.6302353439   17.938  4.886  4.4783  3.671    1  0.000  0.545     0.00     0.00     0.00     0.00     0.00 -1 -9.38e-09      0.00 7.470e-01 2.514e-01 2.929e-04 7.903e-05 7.168e-04 -1.000 1.629e-03 -7.444 -5.891 -4.815 -4.538 -4.417 -4.262 -3.890 -3.788 -3.691
0.0015467 -1.00000 7.00000 18.5413093567 2.6303212541   18.259  4.920  4.4693  3.609    1  0.000  0.545     0.00     0.00     0.00     0.00     0.00 -1 -1.01e-08      0.00 7.470e-01 2.514e-01 2.929e-04 7.903e-05 7.168e-04 -1.000 1.629e-03 -7.530 -6.022 -4.953 -4.677 -4.557 -4.404 -4.037 -3.940 -3.846
0.0015467 -1.00000 7.00000 18.8295154572 2.6303930516   18.537  4.951  4.4602  3.548    1  0.000  0.545     0.00     0.00     0.00     0.00     0.00 -1 -1.06e-08      0.00 7.470e-01 2.514e-01 2.929e-04 7.903e-05 7.168e-04 -1.000 1.629e-03 -7.607 -6.138 -5.076 -4.800 -4.684 -4.536 -4.177 -4.084 -3.991
0.0015467 -1.00000 7.00000 19.1256427765 2.6304642365   18.823  4.983  4.4524  3.491    1  0.000  0.545     0.00     0.00     0.00     0.00     0.00 -1 -1.14e-08      0.00 7.470e-01 2.514e-01 2.929e-04 7.903e-05 7.168e-04 -1.000 1.629e-03 -7.687 -6.250 -5.193 -4.919 -4.807 -4.666 -4.313 -4.219 -4.124
0.0015467 -1.00000 7.00000 19.2344875336 2.6304897686   18.928  4.995  4.4501  3.472    1  0.000  0.545     0.00     0.00     0.00     0.00     0.00 -1 -1.18e-08      0.00 7.470e-01 2.514e-01 2.929e-04 7.903e-05 7.168e-04 -1.000 1.629e-03 -7.717 -6.292 -5.237 -4.966 -4.856 -4.717 -4.366 -4.272 -4.176
0.0015467 -1.00000 7.00000 19.3201313019 2.6305096260   19.011  5.006  4.4548  3.482    1  0.000  0.545     0.00     0.00     0.00     0.00     0.00 -1  -1.3e-08      0.00 7.470e-01 2.514e-01 2.929e-04 7.903e-05 7.168e-04 -1.000 1.629e-03 -7.745 -6.302 -5.244 -4.970 -4.857 -4.713 -4.358 -4.265 -4.170
0.0015467 -1.00000 7.00000 19.4022846222 2.6305284847   19.090  5.020  4.4666  3.517    1  0.000  0.545     0.00     0.00     0.00     0.00     0.00 -1 -1.55e-08      0.00 7.470e-01 2.514e-01 2.929e-04 7.903e-05 7.168e-04 -1.000 1.629e-03 -7.781 -6.295 -5.227 -4.948 -4.827 -4.672 -4.305 -4.213 -4.123
0.0015467 -1.00000 7.00000 19.4185619354 2.6305321995   19.105  5.029  4.4766  3.549    1  0.000  0.545     0.00     0.00     0.00     0.00     0.00 -1 -1.76e-08      0.00 7.470e-01 2.514e-01 2.929e-04 7.903e-05 7.168e-04 -1.000 1.629e-03 -7.803 -6.277 -5.202 -4.921 -4.796 -4.635 -4.260 -4.166 -4.076
0.0015467 -1.00000 7.00000 19.4266300201 2.6305340381   19.113  5.042  4.4886  3.584    1  0.000  0.545     0.00     0.00     0.00     0.00     0.00 -1 -2.05e-08      0.00 7.470e-01 2.514e-01 2.929e-04 7.903e-05 7.168e-04 -1.000 1.629e-03 -7.835 -6.248 -5.165 -4.887 -4.763 -4.602 -4.227 -4.130 -4.040
0.0015467 -1.00000 7.00000 19.4296646118 2.6305347292   19.116  5.053  4.4974  3.608    1  0.000  0.545     0.00     0.00     0.00     0.00     0.00 -1 -2.32e-08      0.00 7.470e-01 2.514e-01 2.929e-04 7.903e-05 7.168e-04 -1.000 1.629e-03 -7.863 -6.233 -5.144 -4.866 -4.741 -4.579 -4.204 -4.108 -4.022
0.0015467 -1.00000 7.00000 19.4314479828 2.6305351352   19.118  5.058  4.5013  3.619    1  0.000  0.545     0.00     0.00     0.00     0.00     0.00 -1 -2.46e-08      0.00 7.470e-01 2.514e-01 2.929e-04 7.903e-05 7.168e-04 -1.000 1.629e-03 -7.875 -6.222 -5.131 -4.854 -4.729 -4.566 -4.191 -4.096 -4.010
0.0015467 -1.00000 7.00000 19.4335918427 2.6305356232   19.120  5.052  4.4975  3.610    2  0.000  0.545     0.00     0.00     0.00     0.00     0.00 -1 -2.34e-08      0.00 7.470e-01 2.514e-01 2.929e-04 7.903e-05 7.168e-04 -1.000 1.629e-03 -7.859 -6.229 -5.139 -4.862 -4.737 -4.575 -4.200 -4.104 -4.018
0.0015467 -1.00000 7.00000 19.4346771240 2.6305358702   19.121  5.050  4.4932  3.595    2  0.000  0.545     0.00     0.00     0.00     0.00     0.00 -1 -2.24e-08      0.00 7.470e-01 2.514e-01 2.929e-04 7.903e-05 7.168e-04 -1.000 1.629e-03 -7.854 -6.245 -5.159 -4.881 -4.757 -4.596 -4.221 -4.124 -4.035
0.0015467 -1.00000 7.00000 19.4356727600 2.6305360968   19.122  5.049  4.4884  3.576    2  0.000  0.545     0.00     0.00     0.00     0.00     0.00 -1 -2.15e-08      0.00 7.470e-01 2.514e-01 2.929e-04 7.903e-05 7.168e-04 -1.000 1.629e-03 -7.853 -6.269 -5.185 -4.908 -4.783 -4.623 -4.247 -4.150 -4.059
0.0015467 -1.00000 7.00000 19.4364795685 2.6305362803   19.122  5.049  4.4841  3.559    2  0.000  0.545     0.00     0.00     0.00     0.00     0.00 -1 -2.06e-08      0.00 7.470e-01 2.514e-01 2.929e-04 7.903e-05 7.168e-04 -1.000 1.629e-03 -7.853 -6.291 -5.211 -4.932 -4.808 -4.647 -4.271 -4.175 -4.084
0.0015467 -1.00000 7.00000 19.4371948242 2.6305364431   19.123  5.049  4.4799  3.542    2  0.000  0.545     0.00     0.00     0.00     0.00     0.00 -1 -1.98e-08      0.00 7.470e-01 2.514e-01 2.929e-04 7.903e-05 7.168e-04 -1.000 1.629e-03 -7.853 -6.313 -5.236 -4.957 -4.831 -4.670 -4.294 -4.199 -4.109
0.0015467 -1.00000 7.00000 19.4380340576 2.6305366340   19.124  5.050  4.4741  3.518    2  0.000  0.545     0.00     0.00     0.00     0.00     0.00 -1 -1.88e-08      0.00 7.470e-01 2.514e-01 2.929e-04 7.903e-05 7.168e-04 -1.000 1.629e-03 -7.855 -6.344 -5.271 -4.990 -4.864 -4.701 -4.327 -4.235 -4.148
0.0015467 -1.00000 7.00000 19.4386482239 2.6305367737   19.125  5.051  4.4695  3.499    2  0.000  0.545     0.00     0.00     0.00     0.00     0.00 -1 -1.79e-08      0.00 7.470e-01 2.514e-01 2.929e-04 7.903e-05 7.168e-04 -1.000 1.629e-03 -7.857 -6.364 -5.295 -5.015 -4.891 -4.732 -4.362 -4.271 -4.183
0.0015467 -1.00000 7.00000 19.4392719269 2.6305369155   19.125  5.052  4.4646  3.478    2  0.000  0.545     0.00     0.00     0.00     0.00     0.00 -1  -1.7e-08      0.00 7.470e-01 2.514e-01 2.929e-04 7.903e-05 7.168e-04 -1.000 1.629e-03 -7.860 -6.387 -5.321 -5.045 -4.925 -4.773 -4.409 -4.318 -4.227
0.0015467 -1.00000 7.00000 19.4397754669 2.6305370301   19.126  5.053  4.4603  3.460    2  0.000  0.545     0.00     0.00     0.00     0.00     0.00 -1 -1.63e-08      0.00 7.470e-01 2.514e-01 2.929e-04 7.903e-05 7.168e-04 -1.000 1.629e-03 -7.862 -6.406 -5.344 -5.071 -4.955 -4.807 -4.448 -4.356 -4.264
0.0015467 -1.00000 7.00000 19.4402866364 2.6305371463   19.126  5.054  4.4556  3.440    2  0.000  0.545     0.00     0.00     0.00     0.00     0.00 -1 -1.56e-08      0.00 7.470e-01 2.514e-01 2.929e-04 7.903e-05 7.168e-04 -1.000 1.629e-03 -7.864 -6.429 -5.371 -5.100 -4.988 -4.845 -4.491 -4.398 -4.303
0.0015467 -1.00000 7.00000 19.4408016205 2.6305372634   19.127  5.055  4.4507  3.420    2  0.000  0.545     0.00     0.00     0.00     0.00     0.00 -1 -1.48e-08      0.00 7.470e-01 2.514e-01 2.929e-04 7.903e-05 7.168e-04 -1.000 1.629e-03 -7.867 -6.453 -5.398 -5.131 -5.022 -4.883 -4.533 -4.439 -4.343
0.0015467 -1.00000 7.00000 19.4413261414 2.6305373827   19.127  5.056  4.4455  3.398    2  0.000  0.545     0.00     0.00     0.00     0.00     0.00 -1  -1.4e-08      0.00 7.470e-01 2.514e-01 2.929e-04 7.903e-05 7.168e-04 -1.000 1.629e-03 -7.869 -6.480 -5.430 -5.167 -5.060 -4.922 -4.573 -4.478 -4.381
0.0015467 -1.00000 7.00000 19.4418582916 2.6305375037   19.128  5.057  4.4400  3.375    2  0.000  0.545     0.00     0.00     0.00     0.00     0.00 -1 -1.31e-08      0.00 7.470e-01 2.514e-01 2.929e-04 7.903e-05 7.168e-04 -1.000 1.629e-03 -7.872 -6.510 -5.465 -5.206 -5.100 -4.963 -4.615 -4.520 -4.421
0.0015467 -1.00000 7.00000 19.4422683716 2.6305375969   19.128  5.057  4.4355  3.356    2  0.000  0.545     0.00     0.00     0.00     0.00     0.00 -1 -3.08e-08      0.00 7.470e-01 2.514e-01 2.929e-04 7.903e-05 7.168e-04 -1.000 1.629e-03 -7.874 -6.533 -5.493 -5.237 -5.131 -4.995 -4.647 -4.552 -4.451
0.0015467 -1.00000 7.00000 19.4426898956 2.6305376928   19.129  5.058  4.4307  3.336    2  0.000  0.545     0.00     0.00     0.00     0.00     0.00 -1 -3.03e-08      0.00 7.470e-01 2.514e-01 2.929e-04 7.903e-05 7.168e-04 -1.000 1.629e-03 -7.876 -6.558 -5.522 -5.269 -5.164 -5.028 -4.680 -4.584 -4.482
0.0015467 -1.00000 7.00000 19.4431381226 2.6305377947   19.129  5.059  4.4254  3.314    2  0.000  0.545     0.00     0.00     0.00     0.00     0.00 -1 -2.96e-08      0.00 7.470e-01 2.514e-01 2.929e-04 7.903e-05 7.168e-04 -1.000 1.629e-03 -7.878 -6.586 -5.553 -5.303 -5.199 -5.064 -4.716 -4.619 -4.515
0.0015467 -1.00000 7.00000 19.4436187744 2.6305379039   19.129  5.060  4.4194  3.289    2  0.000  0.545     0.00     0.00     0.00     0.00     0.00 -1 -2.89e-08      0.00 7.470e-01 2.514e-01 2.929e-04 7.903e-05 7.168e-04 -1.000 1.629e-03 -7.880 -6.613 -5.585 -5.338 -5.237 -5.106 -4.764 -4.670 -4.569
0.0015467 -1.00000 7.00000 19.4439716339 2.6305379841   19.130  5.061  4.4148  3.270    2  0.000  0.545     0.00     0.00     0.00     0.00     0.00 -1 -2.83e-08      0.00 7.470e-01 2.514e-01 2.929e-04 7.903e-05 7.168e-04 -1.000 1.629e-03 -7.881 -6.634 -5.608 -5.364 -5.265 -5.137 -4.800 -4.709 -4.609
0.0015467 -1.00000 7.00000 19.4443721771 2.6305380752   19.130  5.061  4.4094  3.248    2  0.000  0.545     0.00     0.00     0.00     0.00     0.00 -1 -2.76e-08      0.00 7.470e-01 2.514e-01 2.929e-04 7.903e-05 7.168e-04 -1.000 1.629e-03 -7.883 -6.658 -5.636 -5.394 -5.298 -5.174 -4.842 -4.753 -4.656
0.0015467 -1.00000 7.00000 19.4448661804 2.6305381875   19.131  5.062  4.4024  3.219    2  0.000  0.545     0.00     0.00     0.00     0.00     0.00 -1 -2.67e-08      0.00 7.470e-01 2.514e-01 2.929e-04 7.903e-05 7.168e-04 -1.000 1.629e-03 -7.885 -6.689 -5.671 -5.433 -5.341 -5.220 -4.895 -4.809 -4.716
0.0015467 -1.00000 7.00000 19.4451599121 2.6305382542   19.131  5.063  4.3981  3.201    2  0.000  0.545     0.00     0.00     0.00     0.00     0.00 -1 -2.63e-08      0.00 7.470e-01 2.514e-01 2.929e-04 7.903e-05 7.168e-04 -1.000 1.629e-03 -7.887 -6.676 -5.667 -5.432 -5.337 -5.209 -4.884 -4.794 -4.705
0.0015467 -1.00000 7.00000 19.4454879761 2.6305383288   19.131  5.063  4.3931  3.181    2  0.000  0.545     0.00     0.00     0.00     0.00     0.00 -1 -2.58e-08      0.00 7.470e-01 2.514e-01 2.929e-04 7.903e-05 7.168e-04 -1.000 1.629e-03 -7.888 -6.698 -5.695 -5.462 -5.367 -5.239 -4.915 -4.826 -4.739
0.0015467 -1.00000 7.00000 19.4458522797 2.6305384116   19.132  5.064  4.3875  3.158    2  0.000  0.545     0.00     0.00     0.00     0.00     0.00 -1 -2.52e-08      0.00 7.470e-01 2.514e-01 2.929e-04 7.903e-05 7.168e-04 -1.000 1.629e-03 -7.890 -6.722 -5.726 -5.495 -5.400 -5.273 -4.951 -4.863 -4.777
0.0015467 -1.00000 7.00000 19.4462604523 2.6305385043   19.132  5.065  4.3809  3.130    2  0.000  0.545     0.00     0.00     0.00     0.00     0.00 -1 -2.46e-08      0.00 7.470e-01 2.514e-01 2.929e-04 7.903e-05 7.168e-04 -1.000 1.629e-03 -7.892 -6.750 -5.762 -5.533 -5.438 -5.312 -4.992 -4.906 -4.822
0.0015467 -1.00000 7.00000 19.4467163086 2.6305386079   19.132  5.066  4.3732  3.099    2  0.000  0.545     0.00     0.00     0.00     0.00     0.00 -1 -2.37e-08      0.00 7.470e-01 2.514e-01 2.929e-04 7.903e-05 7.168e-04 -1.000 1.629e-03 -7.895 -6.783 -5.804 -5.577 -5.483 -5.358 -5.043 -4.959 -4.875
0.0015467 -1.00000 7.00000 19.4472274780 2.6305387241   19.133  5.067  4.3644  3.062    2  0.000  0.545     0.00     0.00     0.00     0.00     0.00 -1 -2.27e-08      0.00 7.470e-01 2.514e-01 2.929e-04 7.903e-05 7.168e-04 -1.000 1.629e-03 -7.898 -6.824 -5.853 -5.628 -5.538 -5.420 -5.113 -5.031 -4.946
0.0015467 -1.00000 7.00000 19.4477977753 2.6305388537   19.133  5.068  4.3540  3.019    2  0.000  0.545     0.00     0.00     0.00     0.00     0.00 -1 -2.17e-08      0.00 7.470e-01 2.514e-01 2.929e-04 7.903e-05 7.168e-04 -1.000 1.629e-03 -7.901 -6.870 -5.909 -5.688 -5.604 -5.492 -5.193 -5.113 -5.029
0.0015467 -1.00000 7.00000 19.4484348297 2.6305389984   19.134  5.070  4.3420  2.970    2  0.000  0.545     0.00     0.00     0.00     0.00     0.00 -1 -2.06e-08      0.00 7.470e-01 2.514e-01 2.929e-04 7.903e-05 7.168e-04 -1.000 1.629e-03 -7.905 -6.924 -5.978 -5.760 -5.677 -5.570 -5.274 -5.197 -5.112
0.0015467 -1.00000 7.00000 19.4491481781 2.6305391605   19.135  5.072  4.3279  2.911    2  0.000  0.545     0.00     0.00     0.00     0.00     0.00 -1 -1.94e-08      0.00 7.470e-01 2.514e-01 2.929e-04 7.903e-05 7.168e-04 -1.000 1.629e-03 -7.910 -6.997 -6.070 -5.856 -5.774 -5.668 -5.376 -5.303 -5.219
0.0015467 -1.00000 7.00000 19.4499454498 2.6305393416   19.135  5.074  4.3110  2.842    2  0.000  0.545     0.00     0.00     0.00     0.00     0.00 -1 -1.79e-08      0.00 7.470e-01 2.514e-01 2.929e-04 7.903e-05 7.168e-04 -1.000 1.629e-03 -7.914 -7.077 -6.170 -5.967 -5.891 -5.793 -5.511 -5.441 -5.361
0.0015467 -1.00000 7.00000 19.4507637024 2.6305395274   19.136  5.075  4.2923  2.766    2  0.000  0.545     0.00     0.00     0.00     0.00     0.00 -1 -1.75e-08      0.00 7.470e-01 2.514e-01 2.929e-04 7.903e-05 7.168e-04 -1.000 1.629e-03 -7.918 -7.044 -6.194 -6.003 -5.929 -5.821 -5.556 -5.481 -5.415
0.0015467 -1.00000 7.00000 19.4515533447 2.6305397068   19.137  5.076  4.2730  2.688    2  0.000  0.545     0.00     0.00     0.00     0.00     0.00 -1 -1.64e-08      0.00 7.470e-01 2.514e-01 2.929e-04 7.903e-05 7.168e-04 -1.000 1.629e-03 -7.920 -7.141 -6.297 -6.120 -6.054 -5.954 -5.699 -5.629 -5.566
0.0015467 -1.00000 7.00000 19.4523010254 2.6305398766   19.137  5.077  4.2528  2.606    2  0.000  0.545     0.00     0.00     0.00     0.00     0.00 -1 -2.53e-08      0.00 7.470e-01 2.514e-01 2.929e-04 7.903e-05 7.168e-04 -1.000 1.629e-03 -7.921 -7.217 -6.404 -6.236 -6.175 -6.083 -5.840 -5.775 -5.715
0.0015467 -1.00000 7.00000 19.4529819489 2.6305400312   19.138  5.076  4.2320  2.524    2  0.000  0.545     0.00     0.00     0.00     0.00     0.00 -1 -2.45e-08      0.00 7.470e-01 2.514e-01 2.929e-04 7.903e-05 7.168e-04 -1.000 1.629e-03 -7.919 -7.290 -6.510 -6.351 -6.296 -6.211 -5.981 -5.921 -5.865
0.0015467 -1.00000 7.00000 19.4532833099 2.6305400996   19.138  5.074  4.2229  2.489    2  0.000  0.545     0.00     0.00     0.00     0.00     0.00 -1 -3.55e-08      0.00 7.470e-01 2.514e-01 2.929e-04 7.903e-05 7.168e-04 -1.000 1.629e-03 -7.915 -7.317 -6.553 -6.399 -6.346 -6.264 -6.041 -5.983 -5.929
0.0015467 -1.00000 7.00000 19.4536190033 2.6305401759   19.139  5.072  4.2126  2.451    2  0.000  0.545     0.00     0.00     0.00     0.00     0.00 -1 -5.51e-08      0.00 7.470e-01 2.514e-01 2.929e-04 7.903e-05 7.168e-04 -1.000 1.629e-03 -7.909 -7.342 -6.601 -6.450 -6.400 -6.322 -6.105 -6.050 -5.998
0.0015467 -1.00000 7.00000 19.4539966583 2.6305402616   19.139  5.067  4.2031  2.417    2  0.000  0.545     0.00     0.00     0.00     0.00     0.00 -1 -7.54e-08      0.00 7.470e-01 2.514e-01 2.929e-04 7.903e-05 7.168e-04 -1.000 1.629e-03 -7.897 -7.359 -6.638 -6.491 -6.444 -6.368 -6.159 -6.106 -6.055
0.0015467 -1.00000 7.00000 19.4544429779 2.6305403629   19.139  5.061  4.1955  2.394    2  0.000  0.545     0.00     0.00     0.00     0.00     0.00 -1 -6.92e-08      0.00 7.470e-01 2.514e-01 2.929e-04 7.903e-05 7.168e-04 -1.000 1.629e-03 -7.881 -7.367 -6.663 -6.519 -6.473 -6.400 -6.196 -6.145 -6.095
0.0015467 -1.00000 7.00000 19.4549999237 2.6305404894   19.140  5.059  4.1882  2.366    2  0.000  0.545     0.00     0.00     0.00     0.00     0.00 -1 -6.56e-08      0.00 7.470e-01 2.514e-01 2.929e-04 7.903e-05 7.168e-04 -1.000 1.629e-03 -7.877 -7.385 -6.696 -6.555 -6.511 -6.441 -6.242 -6.193 -6.145
0.0015467 -1.00000 7.00000 19.4552688599 2.6305405504   19.140  5.060  4.1842  2.349    3  0.000  0.544     1.46     2.60     2.05     1.39     1.15  3  -6.5e-08      0.00 7.470e-01 2.514e-01 2.926e-04 7.913e-05 7.168e-04 -1.000 1.629e-03 -7.880 -7.401 -6.721 -6.582 -6.539 -6.470 -6.274 -6.226 -6.178
0.0015467 -1.00000 7.00000 19.4559020996 2.6305406942   19.141  5.064  4.1746  2.306    3  0.000  0.543     1.63     2.81     2.21     1.50     1.24  3 -6.26e-08      0.00 7.470e-01 2.514e-01 2.920e-04 7.935e-05 7.168e-04 -1.000 1.629e-03 -7.890 -7.441 -6.779 -6.645 -6.605 -6.540 -6.351 -6.305 -6.260
0.0015467 -1.00000 7.00000 19.4562759399 2.6305407790   19.141  5.066  4.1687  2.281    3  0.000  0.543     1.73     2.94     2.31     1.57     1.30  3 -6.18e-08      0.00 7.470e-01 2.514e-01 2.916e-04 7.948e-05 7.168e-04 -1.000 1.629e-03 -7.895 -7.468 -6.813 -6.683 -6.645 -6.583 -6.398 -6.354 -6.309
0.0015467 -1.00000 7.00000 19.4566917419 2.6305408734   19.141  5.069  4.1621  2.252    3  0.000  0.542     1.86     3.10     2.42     1.65     1.37  3 -6.03e-08      0.00 7.470e-01 2.514e-01 2.911e-04 7.963e-05 7.168e-04 -1.000 1.629e-03 -7.902 -7.500 -6.849 -6.725 -6.691 -6.632 -6.451 -6.409 -6.366
0.0015467 -1.00000 7.00000 19.4571609497 2.6305409799   19.142  5.072  4.1547  2.219    3  0.000  0.540     2.02     3.29     2.57     1.75     1.45  3 -5.89e-08      0.00 7.470e-01 2.514e-01 2.900e-04 8.052e-05 7.168e-04 -1.000 1.629e-03 -7.910 -7.539 -6.890 -6.773 -6.743 -6.689 -6.512 -6.473 -6.432
0.0015467 -1.00000 7.00000 19.4576835632 2.6305410985   19.142  5.076  4.1464  2.182    3  0.000  0.535     2.22     3.51     2.73     1.87     1.55  3  -5.8e-08      0.00 7.470e-01 2.514e-01 2.862e-04 8.428e-05 7.168e-04 -1.000 1.629e-03 -7.920 -7.580 -6.938 -6.827 -6.802 -6.752 -6.581 -6.545 -6.505
0.0015467 -1.00000 7.00000 19.4582691193 2.6305412314   19.143  5.080  4.1372  2.141    3  0.000  0.528     2.46     3.79     2.94     2.01     1.66  3 -5.72e-08      0.00 7.470e-01 2.514e-01 2.820e-04 8.847e-05 7.168e-04 -1.000 1.629e-03 -7.931 -7.617 -6.998 -6.891 -6.867 -6.820 -6.657 -6.623 -6.585
0.0015467 -1.00000 7.00000 19.4590530396 2.6305414093   19.144  5.087  4.1269  2.092    3  0.000  0.517     2.77     4.13     3.19     2.19     1.81  3 -5.64e-08      0.00 7.465e-01 2.519e-01 2.733e-04 1.018e-04 7.136e-04 -1.000 1.630e-03 -7.948 -7.655 -7.076 -6.969 -6.945 -6.900 -6.746 -6.714 -6.677
0.0015467 -1.00000 7.00000 19.4598350525 2.6305415867   19.145  5.091  4.1173  2.050    3  0.000  0.513     3.09     4.46     3.44     2.36     1.95  3 -5.65e-08      0.00 7.461e-01 2.523e-01 2.707e-04 1.067e-04 7.118e-04 -1.000 1.637e-03 -7.959 -7.683 -7.143 -7.037 -7.012 -6.969 -6.824 -6.793 -6.758
0.0015467 -1.00000 7.00000 19.4607124329 2.6305417858   19.145  5.096  4.1068  2.003    3  0.000  0.510     3.47     4.85     3.72     2.56     2.12  3 -7.56e-08      0.00 7.457e-01 2.526e-01 2.677e-04 1.122e-04 7.097e-04 -1.000 1.645e-03 -7.970 -7.718 -7.213 -7.108 -7.085 -7.045 -6.909 -6.880 -6.846
0.0015467 -1.00000 7.00000 19.4616889954 2.6305420073   19.146  5.101  4.0957  1.954    3  0.000  0.506     3.92     5.31     4.05     2.79     2.31  3 -7.54e-08      0.00 7.453e-01 2.531e-01 2.644e-04 1.183e-04 7.074e-04 -1.000 1.653e-03 -7.983 -7.760 -7.283 -7.183 -7.162 -7.126 -6.999 -6.974 -6.942
0.0015467 -1.00000 7.00000 19.4627132416 2.6305422396   19.147  5.105  4.0817  1.894    3  0.000  0.506     4.55     5.91     4.49     3.09     2.56  3 -7.14e-08      0.00 7.453e-01 2.531e-01 2.643e-04 1.184e-04 7.073e-04 -1.000 1.651e-03 -7.992 -7.803 -7.362 -7.269 -7.252 -7.221 -7.107 -7.084 -7.055
0.0015467 -1.00000 7.00000 19.4638576508 2.6305424992   19.148  5.109  4.0677  1.834    3  0.000  0.506     5.28     6.59     4.98     3.44     2.85  3  -6.7e-08      0.00 7.453e-01 2.531e-01 2.643e-04 1.184e-04 7.073e-04 -1.000 1.649e-03 -8.002 -7.882 -7.409 -7.340 -7.339 -7.322 -7.214 -7.201 -7.175
0.0015467 -1.00000 7.00000 19.4651317596 2.6305427881   19.149  5.113  4.0547  1.778    3  0.000  0.506     6.08     7.29     5.49     3.79     3.15  3 -6.34e-08      0.00 7.453e-01 2.531e-01 2.643e-04 1.185e-04 7.073e-04 -1.000 1.647e-03 -8.012 -7.918 -7.483 -7.419 -7.422 -7.410 -7.314 -7.304 -7.281
0.0015467 -1.00000 7.00000 19.4665660858 2.6305431133   19.150  5.117  4.0429  1.727    3  0.000  0.506     6.91     8.00     6.00     4.15     3.44  3 -6.39e-08      0.00 7.452e-01 2.531e-01 2.642e-04 1.186e-04 7.072e-04 -1.000 1.644e-03 -8.022 -7.948 -7.550 -7.491 -7.496 -7.489 -7.404 -7.398 -7.376
0.0015467 -1.00000 7.00000 19.4681663513 2.6305434761   19.152  5.121  4.0331  1.684    3  0.000  0.506     7.69     8.64     6.46     4.47     3.71  3 -7.86e-08      0.00 7.452e-01 2.531e-01 2.642e-04 1.187e-04 7.072e-04 -1.000 1.641e-03 -8.031 -7.973 -7.606 -7.551 -7.557 -7.554 -7.480 -7.476 -7.456
0.0015467 -1.00000 7.00000 19.4699592590 2.6305438824   19.154  5.124  4.0273  1.658    3  0.000  0.505     8.21     9.07     6.76     4.68     3.89  3 -1.11e-07      0.00 7.452e-01 2.531e-01 2.642e-04 1.188e-04 7.072e-04 -1.000 1.637e-03 -8.040 -7.989 -7.642 -7.588 -7.597 -7.596 -7.527 -7.525 -7.506
0.0015467 -1.00000 7.00000 19.4740028381 2.6305447985   19.157  5.131  4.0189  1.617    3  0.000  0.505     9.08     9.75     7.25     5.03     4.17  3  -1.5e-07      0.00 7.452e-01 2.532e-01 2.641e-04 1.190e-04 7.070e-04 -1.000 1.629e-03 -8.057 -8.017 -7.698 -7.648 -7.658 -7.660 -7.601 -7.601 -7.584
0.0015467 -1.00000 7.00000 19.4823513031 2.6305466886   19.164  5.132  4.0234  1.634    4  0.000  0.506     0.00     0.00     0.00     0.00     0.00 -1 -1.52e-07      0.00 7.452e-01 2.531e-01 2.643e-04 1.186e-04 7.071e-04 -1.000 1.629e-03 -8.060 -8.015 -7.680 -7.629 -7.638 -7.639 -7.574 -7.573 -7.555
0.0015467 -1.00000 7.00000 19.4915657043 2.6305487725   19.171  5.133  4.0307  1.663    4  0.000  0.506     0.00     0.00     0.00     0.00     0.00 -1 -1.53e-07      0.00 7.453e-01 2.531e-01 2.646e-04 1.182e-04 7.072e-04 -1.000 1.629e-03 -8.063 -8.008 -7.649 -7.594 -7.601 -7.599 -7.527 -7.524 -7.505
0.0015467 -1.00000 7.00000 19.5011272430 2.6305509326   19.180  5.136  4.0532  1.750    5  0.000  0.507     0.00     0.00     0.00     0.00     0.00 -1 -1.55e-07      0.00 7.453e-01 2.531e-01 2.649e-04 1.178e-04 7.073e-04 -1.000 1.629e-03 -8.069 -7.978 -7.547 -7.484 -7.486 -7.475 -7.381 -7.371 -7.348
0.0015467 -1.00000 7.00000 19.5138626099 2.6305538059   19.191  5.143  4.0822  1.859    5  0.000  0.507     0.00     0.00     0.00     0.00     0.00 -1 -1.64e-07      0.00 7.453e-01 2.531e-01 2.653e-04 1.173e-04 7.075e-04 -1.000 1.629e-03 -8.087 -7.897 -7.455 -7.361 -7.344 -7.313 -7.198 -7.176 -7.147
0.0015467 -1.00000 7.00000 19.5164184570 2.6305543820   19.193  5.150  4.0894  1.881    5  0.000  0.507     0.00     0.00     0.00     0.00     0.00 -1 -1.72e-07      0.00 7.453e-01 2.531e-01 2.654e-04 1.172e-04 7.075e-04 -1.000 1.629e-03 -8.104 -7.897 -7.435 -7.339 -7.320 -7.286 -7.165 -7.140 -7.110
0.0015467 -1.00000 7.00000 19.5172061920 2.6305545595   19.194  5.154  4.0946  1.898    5  0.000  0.507     0.00     0.00     0.00     0.00     0.00 -1 -1.76e-07      0.00 7.453e-01 2.531e-01 2.654e-04 1.171e-04 7.075e-04 -1.000 1.629e-03 -8.114 -7.894 -7.419 -7.320 -7.300 -7.264 -7.138 -7.113 -7.081
0.0015467 -1.00000 7.00000 19.5179519653 2.6305547276   19.194  5.156  4.1052  1.938    5  0.000  0.507     0.00     0.00     0.00     0.00     0.00 -1 -1.82e-07      0.00 7.453e-01 2.531e-01 2.655e-04 1.171e-04 7.075e-04 -1.000 1.629e-03 -8.120 -7.872 -7.371 -7.267 -7.244 -7.204 -7.069 -7.041 -7.008
0.0015467 -1.00000 7.00000 19.5186195374 2.6305548780   19.195  5.156  4.1195  1.995    5  0.000  0.507     0.00     0.00     0.00     0.00     0.00 -1 -1.88e-07      0.00 7.453e-01 2.531e-01 2.655e-04 1.171e-04 7.075e-04 -1.000 1.629e-03 -8.119 -7.841 -7.291 -7.184 -7.160 -7.117 -6.970 -6.938 -6.903
0.0015467 -1.00000 7.00000 19.5192394257 2.6305550176   19.195  5.155  4.1320  2.046    5  0.000  0.507     0.00     0.00     0.00     0.00     0.00 -1 -1.95e-07      0.00 7.453e-01 2.531e-01 2.655e-04 1.170e-04 7.075e-04 -1.000 1.629e-03 -8.117 -7.818 -7.212 -7.107 -7.085 -7.040 -6.881 -6.848 -6.810
0.0015467 -1.00000 7.00000 19.5198593140 2.6305551573   19.195  5.154  4.1421  2.087    5  0.000  0.507     0.00     0.00     0.00     0.00     0.00 -1    -2e-07      0.00 7.453e-01 2.531e-01 2.655e-04 1.170e-04 7.075e-04 -1.000 1.629e-03 -8.116 -7.796 -7.152 -7.046 -7.024 -6.977 -6.809 -6.774 -6.735
0.0015467 -1.00000 7.00000 19.5205440521 2.6305553116   19.196  5.154  4.1513  2.125    5  0.000  0.507     0.00     0.00     0.00     0.00     0.00 -1 -2.05e-07      0.00 7.453e-01 2.531e-01 2.655e-04 1.170e-04 7.075e-04 -1.000 1.629e-03 -8.115 -7.764 -7.105 -6.994 -6.968 -6.917 -6.742 -6.705 -6.664
0.0015467 -1.00000 7.00000 19.5213108063 2.6305554843   19.197  5.153  4.1601  2.160    5  0.000  0.507     0.00     0.00     0.00     0.00     0.00 -1 -2.08e-07      0.00 7.453e-01 2.531e-01 2.656e-04 1.169e-04 7.075e-04 -1.000 1.629e-03 -8.113 -7.724 -7.067 -6.946 -6.914 -6.858 -6.678 -6.637 -6.595
0.0015467 -1.00000 7.00000 19.5221672058 2.6305556772   19.197  5.153  4.1686  2.195    5  0.000  0.507     0.00     0.00     0.00     0.00     0.00 -1 -1.26e-07      0.00 7.453e-01 2.531e-01 2.656e-04 1.169e-04 7.076e-04 -1.000 1.629e-03 -8.112 -7.687 -7.029 -6.900 -6.863 -6.801 -6.616 -6.572 -6.528
0.0015467 -1.00000 7.00000 19.5231227875 2.6305558924   19.198  5.152  4.1765  2.227    5  0.000  0.507     0.00     0.00     0.00     0.00     0.00 -1 -1.25e-07      0.00 7.453e-01 2.531e-01 2.656e-04 1.169e-04 7.076e-04 -1.000 1.629e-03 -8.111 -7.656 -6.990 -6.855 -6.814 -6.749 -6.558 -6.512 -6.466
0.0015467 -1.00000 7.00000 19.5241947174 2.6305561338   19.199  5.152  4.1836  2.256    5  0.000  0.508     0.00     0.00     0.00     0.00     0.00 -1 -1.25e-07      0.00 7.453e-01 2.531e-01 2.657e-04 1.168e-04 7.076e-04 -1.000 1.629e-03 -8.109 -7.631 -6.953 -6.814 -6.771 -6.702 -6.507 -6.458 -6.411
0.0015467 -1.00000 7.00000 19.5253887177 2.6305564026   19.200  5.151  4.1901  2.283    5  0.000  0.508     0.00     0.00     0.00     0.00     0.00 -1 -1.24e-07      0.00 7.453e-01 2.531e-01 2.657e-04 1.168e-04 7.076e-04 -1.000 1.629e-03 -8.107 -7.610 -6.917 -6.776 -6.731 -6.660 -6.460 -6.410 -6.362
0.0015467 -1.00000 7.00000 19.5267238617 2.6305567032   19.201  5.150  4.1959  2.307    5  0.000  0.508     0.00     0.00     0.00     0.00     0.00 -1 -1.26e-07      0.00 7.453e-01 2.530e-01 2.657e-04 1.167e-04 7.076e-04 -1.000 1.629e-03 -8.106 -7.590 -6.885 -6.741 -6.695 -6.622 -6.418 -6.367 -6.317
0.0015467 -1.00000 7.00000 19.5282192230 2.6305570397   19.203  5.150  4.2013  2.329    5  0.000  0.508     0.00     0.00     0.00     0.00     0.00 -1 -1.28e-07      0.00 7.453e-01 2.530e-01 2.658e-04 1.166e-04 7.076e-04 -1.000 1.629e-03 -8.105 -7.572 -6.856 -6.710 -6.662 -6.587 -6.379 -6.327 -6.276
0.0015467 -1.00000 7.00000 19.5298881531 2.6305574153   19.204  5.149  4.2061  2.348    5  0.000  0.508     0.00     0.00     0.00     0.00     0.00 -1 -1.29e-07      0.00 7.453e-01 2.530e-01 2.658e-04 1.166e-04 7.076e-04 -1.000 1.629e-03 -8.104 -7.557 -6.830 -6.681 -6.633 -6.557 -6.345 -6.291 -6.240
0.0015467 -1.00000 7.00000 19.5317535400 2.6305578350   19.206  5.149  4.2106  2.367    5  0.000  0.508     0.00     0.00     0.00     0.00     0.00 -1  -1.3e-07      0.00 7.453e-01 2.530e-01 2.659e-04 1.165e-04 7.077e-04 -1.000 1.629e-03 -8.103 -7.542 -6.805 -6.655 -6.606 -6.528 -6.313 -6.258 -6.206
0.0015467 -1.00000 7.00000 19.5361652374 2.6305588273   19.210  5.149  4.2194  2.402    5  0.000  0.508     0.00     0.00     0.00     0.00     0.00 -1 -1.33e-07      0.00 7.453e-01 2.530e-01 2.660e-04 1.163e-04 7.077e-04 -1.000 1.629e-03 -8.102 -7.514 -6.758 -6.605 -6.553 -6.473 -6.252 -6.195 -6.141
0.0015467 -1.00000 7.00000 19.5414962769 2.6305600256   19.215  5.149  4.2276  2.435    5  0.000  0.508     0.00     0.00     0.00     0.00     0.00 -1 -1.35e-07      0.00 7.454e-01 2.530e-01 2.662e-04 1.161e-04 7.078e-04 -1.000 1.629e-03 -8.102 -7.489 -6.716 -6.559 -6.506 -6.422 -6.195 -6.137 -6.081
0.0015467 -1.00000 7.00000 19.5473098755 2.6305613315   19.220  5.149  4.2353  2.466    5  0.000  0.509     0.00     0.00     0.00     0.00     0.00 -1 -1.37e-07      0.00 7.454e-01 2.530e-01 2.664e-04 1.158e-04 7.078e-04 -1.000 1.629e-03 -8.102 -7.466 -6.676 -6.516 -6.461 -6.375 -6.143 -6.083 -6.026
0.0015467 -1.00000 7.00000 19.5533542633 2.6305626884   19.225  5.149  4.2422  2.493    5  0.000  0.509     0.00     0.00     0.00     0.00     0.00 -1 -1.36e-07      0.00 7.454e-01 2.530e-01 2.666e-04 1.155e-04 7.079e-04 -1.000 1.629e-03 -8.103 -7.445 -6.641 -6.479 -6.422 -6.334 -6.097 -6.035 -5.977
0.0015467 -1.00000 7.00000 19.5621089935 2.6305646519   19.233  5.150  4.2504  2.526    5  0.000  0.509     0.00     0.00     0.00     0.00     0.00 -1 -1.28e-07      0.00 7.454e-01 2.530e-01 2.668e-04 1.152e-04 7.080e-04 -1.000 1.629e-03 -8.104 -7.418 -6.599 -6.433 -6.375 -6.284 -6.042 -5.978 -5.918
0.0015467 -1.00000 7.00000 19.5710773468 2.6305666613   19.242  5.150  4.2576  2.555    5  0.000  0.510     0.00     0.00     0.00     0.00     0.00 -1  -1.2e-07      0.00 7.454e-01 2.530e-01 2.671e-04 1.148e-04 7.081e-04 -1.000 1.629e-03 -8.105 -7.393 -6.562 -6.394 -6.333 -6.240 -5.993 -5.927 -5.867
0.0015467 -1.00000 7.00000 19.5826797485 2.6305692577   19.252  5.151  4.2652  2.585    5  0.000  0.510     0.00     0.00     0.00     0.00     0.00 -1 -1.11e-07      0.00 7.454e-01 2.529e-01 2.675e-04 1.143e-04 7.082e-04 -1.000 1.629e-03 -8.107 -7.367 -6.524 -6.353 -6.290 -6.194 -5.943 -5.875 -5.813
0.0015467 -1.00000 7.00000 19.5941467285 2.6305718202   19.262  5.151  4.2715  2.609    5  0.000  0.511     0.00     0.00     0.00     0.00     0.00 -1 -1.01e-07      0.00 7.455e-01 2.529e-01 2.679e-04 1.138e-04 7.083e-04 -1.000 1.629e-03 -8.109 -7.346 -6.493 -6.319 -6.255 -6.156 -5.901 -5.832 -5.769
0.0015467 -1.00000 7.00000 19.6139869690 2.6305762459   19.280  5.153  4.2786  2.637    5  0.000  0.511     0.00     0.00     0.00     0.00     0.00 -1  -8.6e-08      0.00 7.455e-01 2.529e-01 2.685e-04 1.129e-04 7.085e-04 -1.000 1.629e-03 -8.112 -7.321 -6.460 -6.282 -6.215 -6.114 -5.855 -5.784 -5.720
0.0015467 -1.00000 7.00000 19.6576347351 2.6305859461   19.318  5.156  4.2862  2.665    5  0.000  0.513     0.00     0.00     0.00     0.00     0.00 -1 -7.05e-08      0.00 7.456e-01 2.528e-01 2.698e-04 1.110e-04 7.090e-04 -1.000 1.629e-03 -8.119 -7.286 -6.427 -6.243 -6.173 -6.068 -5.805 -5.732 -5.667
0.0015467 -1.00000 7.00000 19.7899417877 2.6306150494   19.434  5.166  4.2753  2.613    6  0.000  0.519     0.00     0.00     0.00     0.00     0.00 -1 -1.51e-07      0.00 7.458e-01 2.525e-01 2.740e-04 1.053e-04 7.104e-04 -1.000 1.629e-03 -8.146 -7.369 -6.511 -6.335 -6.269 -6.170 -5.912 -5.842 -5.779
0.0015467 -1.00000 7.00000 19.9022979736 2.6306394150   19.532  5.175  4.2654  2.567    6  0.000  0.524     0.00     0.00     0.00     0.00     0.00 -1 -1.68e-07      0.00 7.460e-01 2.523e-01 2.774e-04 1.005e-04 7.116e-04 -1.000 1.629e-03 -8.169 -7.431 -6.585 -6.414 -6.351 -6.256 -6.004 -5.936 -5.874
0.0015467 -1.00000 7.00000 20.0134143829 2.6306632025   19.628  5.184  4.2556  2.521    6  0.000  0.528     0.00     0.00     0.00     0.00     0.00 -1 -1.81e-07      0.00 7.463e-01 2.521e-01 2.809e-04 9.575e-05 7.127e-04 -1.000 1.629e-03 -8.190 -7.489 -6.658 -6.491 -6.432 -6.339 -6.093 -6.028 -5.968
0.0015467 -1.00000 7.00000 20.1034965515 2.6306822654   19.705  5.191  4.2456  2.476    6  0.000  0.532     0.00     0.00     0.00     0.00     0.00 -1 -1.88e-07      0.00 7.464e-01 2.519e-01 2.836e-04 9.192e-05 7.136e-04 -1.000 1.629e-03 -8.208 -7.540 -6.728 -6.564 -6.507 -6.418 -6.179 -6.116 -6.058
0.0015467 -1.00000 7.00000 20.1723785400 2.6306967099   19.764  5.196  4.2361  2.434    6  0.000  0.535     0.00     0.00     0.00     0.00     0.00 -1 -1.87e-07      0.00 7.466e-01 2.518e-01 2.857e-04 8.901e-05 7.144e-04 -1.000 1.629e-03 -8.221 -7.582 -6.790 -6.630 -6.575 -6.489 -6.256 -6.196 -6.139
0.0015467 -1.00000 7.00000 20.2311363220 2.6307089420   19.814  5.201  4.2261  2.391    6  0.000  0.537     0.00     0.00     0.00     0.00     0.00 -1 -1.87e-07      0.00 7.467e-01 2.517e-01 2.875e-04 8.654e-05 7.150e-04 -1.000 1.629e-03 -8.232 -7.624 -6.853 -6.697 -6.644 -6.561 -6.335 -6.277 -6.222
0.0015467 -1.00000 7.00000 20.2785720825 2.6307187576   19.855  5.204  4.2167  2.350    6  0.000  0.539     0.00     0.00     0.00     0.00     0.00 -1 -1.86e-07      0.00 7.468e-01 2.516e-01 2.890e-04 8.454e-05 7.154e-04 -1.000 1.629e-03 -8.241 -7.661 -6.912 -6.759 -6.708 -6.628 -6.409 -6.353 -6.300
0.0015467 -1.00000 7.00000 20.3226509094 2.6307278314   19.893  5.208  4.2067  2.308    6  0.000  0.541     0.00     0.00     0.00     0.00     0.00 -1 -1.85e-07      0.00 7.468e-01 2.515e-01 2.903e-04 8.269e-05 7.159e-04 -1.000 1.629e-03 -8.249 -7.701 -6.972 -6.824 -6.775 -6.698 -6.487 -6.433 -6.381
0.0015467 -1.00000 7.00000 20.3587398529 2.6307352269   19.924  5.210  4.1976  2.269    6  0.000  0.543     0.00     0.00     0.00     0.00     0.00 -1 -1.83e-07      0.00 7.469e-01 2.515e-01 2.914e-04 8.118e-05 7.163e-04 -1.000 1.629e-03 -8.256 -7.735 -7.027 -6.882 -6.836 -6.762 -6.557 -6.505 -6.455
0.0015467 -1.00000 7.00000 20.3904190063 2.6307416938   19.951  5.213  4.1886  2.232    6  0.000  0.544     0.00     0.00     0.00     0.00     0.00 -1  -1.8e-07      0.00 7.470e-01 2.514e-01 2.923e-04 7.986e-05 7.166e-04 -1.000 1.629e-03 -8.262 -7.769 -7.079 -6.938 -6.894 -6.824 -6.625 -6.575 -6.527
0.0015467 -1.00000 7.00000 20.4102172852 2.6307457237   19.969  5.214  4.1823  2.205    6  0.000  0.545     0.00     0.00     0.00     0.00     0.00 -1 -1.79e-07      0.00 7.470e-01 2.514e-01 2.929e-04 7.903e-05 7.168e-04 -1.000 1.629e-03 -8.266 -7.792 -7.117 -6.978 -6.935 -6.867 -6.673 -6.625 -6.578
0.0015467 -1.00000 7.00000 20.4204330444 2.6307477996   19.978  5.215  4.1790  2.191    6  0.000  0.545     0.00     0.00     0.00     0.00     0.00 -1 -1.78e-07      0.00 7.470e-01 2.514e-01 2.929e-04 7.903e-05 7.168e-04 -1.000 1.629e-03 -8.268 -7.805 -7.135 -6.998 -6.957 -6.890 -6.698 -6.651 -6.604
0.0015467 -1.00000 7.00000 20.4452915192 2.6307528409   19.999  5.217  4.1702  2.155    6  0.000  0.545     0.00     0.00     0.00     0.00     0.00 -1 -1.76e-07      0.00 7.470e-01 2.514e-01 2.929e-04 7.903e-05 7.168e-04 -1.000 1.629e-03 -8.272 -7.842 -7.181 -7.051 -7.013 -6.951 -6.765 -6.720 -6.676
0.0015467 -1.00000 7.00000 20.4675159454 2.6307573362   20.019  5.218  4.1614  2.119    6  0.000  0.545     0.00     0.00     0.00     0.00     0.00 -1 -1.73e-07      0.00 7.470e-01 2.514e-01 2.929e-04 7.903e-05 7.168e-04 -1.000 1.629e-03 -8.276 -7.883 -7.222 -7.101 -7.069 -7.012 -6.831 -6.790 -6.747
0.0015467 -1.00000 7.00000 20.4845199585 2.6307607679   20.033  5.220  4.1540  2.088    6  0.000  0.545     0.00     0.00     0.00     0.00     0.00 -1 -1.71e-07      0.00 7.470e-01 2.514e-01 2.929e-04 7.903e-05 7.168e-04 -1.000 1.629e-03 -8.279 -7.920 -7.256 -7.143 -7.116 -7.064 -6.887 -6.849 -6.808
0.0015467 -1.00000 7.00000 20.4991302490 2.6307637114   20.046  5.221  4.1471  2.060    6  0.000  0.545     0.00     0.00     0.00     0.00     0.00 -1 -1.69e-07      0.00 7.470e-01 2.514e-01 2.929e-04 7.903e-05 7.168e-04 -1.000 1.629e-03 -8.282 -7.950 -7.289 -7.183 -7.160 -7.112 -6.939 -6.904 -6.864
0.0015467 -1.00000 7.00000 20.5137348175 2.6307666488   20.059  5.222  4.1393  2.028    6  0.000  0.545     0.00     0.00     0.00     0.00     0.00 -1 -1.67e-07      0.00 7.470e-01 2.514e-01 2.929e-04 7.903e-05 7.168e-04 -1.000 1.629e-03 -8.284 -7.975 -7.332 -7.229 -7.208 -7.163 -6.996 -6.963 -6.924
0.0015467 -1.00000 7.00000 20.5273170471 2.6307693763   20.071  5.223  4.1316  1.997    6  0.000  0.545     0.00     0.00     0.00     0.00     0.00 -1 -1.65e-07      0.00 7.470e-01 2.514e-01 2.929e-04 7.903e-05 7.168e-04 -1.000 1.629e-03 -8.286 -7.990 -7.381 -7.277 -7.256 -7.211 -7.052 -7.020 -6.982
0.0015467 -1.00000 7.00000 20.5397853851 2.6307718765   20.081  5.223  4.1237  1.964    6  0.000  0.545     0.00     0.00     0.00     0.00     0.00 -1 -1.62e-07      0.00 7.470e-01 2.514e-01 2.929e-04 7.903e-05 7.168e-04 -1.000 1.629e-03 -8.289 -8.004 -7.434 -7.328 -7.304 -7.261 -7.109 -7.078 -7.041
0.0015467 -1.00000 7.00000 20.5511837006 2.6307741591   20.091  5.224  4.1157  1.931    6  0.000  0.545     0.00     0.00     0.00     0.00     0.00 -1 -1.57e-07      0.00 7.470e-01 2.514e-01 2.929e-04 7.903e-05 7.168e-04 -1.000 1.629e-03 -8.290 -8.019 -7.484 -7.378 -7.354 -7.311 -7.167 -7.137 -7.102
0.0015467 -1.00000 7.00000 20.5615768433 2.6307762378   20.100  5.225  4.1073  1.898    6  0.000  0.545     0.00     0.00     0.00     0.00     0.00 -1 -1.55e-07      0.00 7.470e-01 2.514e-01 2.929e-04 7.903e-05 7.168e-04 -1.000 1.629e-03 -8.292 -8.039 -7.532 -7.427 -7.404 -7.363 -7.227 -7.198 -7.164
0.0015467 -1.00000 7.00000 20.5710277557 2.6307781260   20.109  5.225  4.0991  1.864    6  0.000  0.545     0.00     0.00     0.00     0.00     0.00 -1 -1.52e-07      0.00 7.470e-01 2.514e-01 2.929e-04 7.903e-05 7.168e-04 -1.000 1.629e-03 -8.294 -8.062 -7.576 -7.475 -7.453 -7.416 -7.286 -7.259 -7.227
0.0015467 -1.00000 7.00000 20.5795974731 2.6307798364   20.116  5.226  4.0907  1.830    6  0.000  0.545     0.00     0.00     0.00     0.00     0.00 -1 -1.51e-07      0.00 7.470e-01 2.514e-01 2.929e-04 7.903e-05 7.168e-04 -1.000 1.629e-03 -8.295 -8.084 -7.620 -7.522 -7.503 -7.469 -7.346 -7.322 -7.291
0.0015467 -1.00000 7.00000 20.5873489380 2.6307813821   20.123  5.226  4.0822  1.796    6  0.000  0.545     0.00     0.00     0.00     0.00     0.00 -1 -1.47e-07      0.00 7.470e-01 2.514e-01 2.929e-04 7.903e-05 7.168e-04 -1.000 1.629e-03 -8.296 -8.106 -7.664 -7.570 -7.553 -7.522 -7.407 -7.385 -7.355
0.0015467 -1.00000 7.00000 20.5943489075 2.6307827768   20.129  5.227  4.0734  1.761    6  0.000  0.545     0.00     0.00     0.00     0.00     0.00 -1 -1.64e-07      0.00 7.470e-01 2.514e-01 2.929e-04 7.903e-05 7.168e-04 -1.000 1.629e-03 -8.297 -8.152 -7.687 -7.609 -7.602 -7.581 -7.470 -7.453 -7.426
0.0015467 -1.00000 7.00000 20.5986251831 2.6307836282   20.133  5.227  4.0678  1.738    6  0.000  0.545     0.00     0.00     0.00     0.00     0.00 -1 -1.63e-07      0.00 7.470e-01 2.514e-01 2.929e-04 7.903e-05 7.168e-04 -1.000 1.629e-03 -8.298 -8.178 -7.705 -7.635 -7.634 -7.618 -7.509 -7.496 -7.470
0.0015467 -1.00000 7.00000 20.6027793884 2.6307844550   20.136  5.227  4.0616  1.713    6  0.000  0.545     0.00     0.00     0.00     0.00     0.00 -1 -1.62e-07      0.00 7.470e-01 2.514e-01 2.929e-04 7.903e-05 7.168e-04 -1.000 1.629e-03 -8.298 -8.191 -7.736 -7.668 -7.669 -7.655 -7.552 -7.541 -7.516
0.0015467 -1.00000 7.00000 20.6065387726 2.6307852029   20.139  5.227  4.0556  1.689    6  0.000  0.545     0.00     0.00     0.00     0.00     0.00 -1  -1.6e-07      0.00 7.470e-01 2.514e-01 2.929e-04 7.903e-05 7.168e-04 -1.000 1.629e-03 -8.299 -8.203 -7.766 -7.701 -7.703 -7.691 -7.594 -7.584 -7.560
0.0015467 -1.00000 7.00000 20.6100101471 2.6307858932   20.142  5.228  4.0497  1.665    6  0.000  0.545     0.00     0.00     0.00     0.00     0.00 -1 -1.59e-07      0.00 7.470e-01 2.514e-01 2.929e-04 7.903e-05 7.168e-04 -1.000 1.629e-03 -8.299 -8.214 -7.795 -7.732 -7.736 -7.726 -7.635 -7.626 -7.604
0.0015467 -1.00000 7.00000 20.6132221222 2.6307865317   20.145  5.228  4.0437  1.641    6  0.000  0.545     0.00     0.00     0.00     0.00     0.00 -1  -1.6e-07      0.00 7.470e-01 2.514e-01 2.929e-04 7.903e-05 7.168e-04 -1.000 1.629e-03 -8.299 -8.224 -7.824 -7.764 -7.769 -7.762 -7.676 -7.669 -7.648
0.0015467 -1.00000 7.00000 20.6162109375 2.6307871256   20.147  5.228  4.0376  1.617    6  0.000  0.545     0.00     0.00     0.00     0.00     0.00 -1  -1.6e-07      0.00 7.470e-01 2.514e-01 2.929e-04 7.903e-05 7.168e-04 -1.000 1.629e-03 -8.299 -8.234 -7.853 -7.796 -7.802 -7.797 -7.718 -7.713 -7.692
0.0015467 -1.00000 7.00000 20.6189842224 2.6307876765   20.150  5.228  4.0317  1.593    6  0.000  0.545     0.00     0.00     0.00     0.00     0.00 -1 -1.59e-07      0.00 7.470e-01 2.514e-01 2.929e-04 7.903e-05 7.168e-04 -1.000 1.629e-03 -8.300 -8.243 -7.881 -7.826 -7.834 -7.831 -7.758 -7.755 -7.735
0.0015467 -1.00000 7.00000 20.6215591431 2.6307881878   20.152  5.228  4.0256  1.569    6  0.000  0.545     0.00     0.00     0.00     0.00     0.00 -1 -1.58e-07      0.00 7.470e-01 2.514e-01 2.929e-04 7.903e-05 7.168e-04 -1.000 1.629e-03 -8.300 -8.252 -7.910 -7.857 -7.866 -7.866 -7.799 -7.798 -7.779
0.0015467 -1.00000 7.00000 20.6239490509 2.6307886623   20.154  5.228  4.0194  1.544    6  0.000  0.545     0.00     0.00     0.00     0.00     0.00 -1 -1.58e-07      0.00 7.470e-01 2.514e-01 2.929e-04 7.903e-05 7.168e-04 -1.000 1.629e-03 -8.300 -8.259 -7.938 -7.888 -7.898 -7.901 -7.840 -7.841 -7.823
0.0015467 -1.00000 7.00000 20.6261692047 2.6307891030   20.156  5.228  4.0134  1.520    6  0.000  0.545     0.00     0.00     0.00     0.00     0.00 -1 -1.58e-07      0.00 7.470e-01 2.514e-01 2.929e-04 7.903e-05 7.168e-04 -1.000 1.629e-03 -8.300 -8.266 -7.966 -7.918 -7.929 -7.934 -7.881 -7.883 -7.866
0.0015467 -1.00000 7.00000 20.6282272339 2.6307895113   20.157  5.228  4.0073  1.496    6  0.000  0.545     0.00     0.00     0.00     0.00     0.00 -1 -1.57e-07      0.00 7.470e-01 2.514e-01 2.929e-04 7.903e-05 7.168e-04 -1.000 1.629e-03 -8.299 -8.272 -7.993 -7.948 -7.960 -7.967 -7.921 -7.925 -7.909
0.0015467 -1.00000 7.00000 20.6301364899 2.6307898901   20.159  5.228  4.0011  1.471    6  0.000  0.545     0.00     0.00     0.00     0.00     0.00 -1 -1.57e-07      0.00 7.470e-01 2.514e-01 2.929e-04 7.903e-05 7.168e-04 -1.000 1.629e-03 -8.299 -8.278 -8.021 -7.978 -7.991 -8.001 -7.962 -7.968 -7.953
0.0015467 -1.00000 7.00000 20.6320457458 2.6307902688   20.161  5.228  3.9946  1.446    6  0.000  0.545     0.00     0.00     0.00     0.00     0.00 -1 -1.56e-07      0.00 7.470e-01 2.514e-01 2.929e-04 7.903e-05 7.168e-04 -1.000 1.629e-03 -8.299 -8.282 -8.050 -8.009 -8.023 -8.036 -8.005 -8.013 -8.000
0.0015467 -1.00000 7.00000 20.6344337463 2.6307907424   20.162  5.227  3.9856  1.410    6  0.000  0.545     0.00     0.00     0.00     0.00     0.00 -1 -4.82e-07      0.00 7.470e-01 2.514e-01 2.929e-04 7.903e-05 7.168e-04 -1.000 1.629e-03 -8.298 -8.287 -8.089 -8.051 -8.067 -8.083 -8.063 -8.075 -8.063
0.0015467 -1.00000 7.00000 20.6358432770 2.6307910218   20.163  5.227  3.9796  1.386    6  0.000  0.545     0.00     0.00     0.00     0.00     0.00 -1 -5.96e-07      0.00 7.470e-01 2.514e-01 2.929e-04 7.903e-05 7.168e-04 -1.000 1.629e-03 -8.298 -8.289 -8.114 -8.079 -8.095 -8.114 -8.102 -8.116 -8.106
0.0015467 -1.00000 7.00000 20.6374034882 2.6307913311   20.163  5.227  3.9726  1.358    6  0.000  0.545     0.00     0.00     0.00     0.00     0.00 -1 -5.86e-07      0.00 7.470e-01 2.514e-01 2.929e-04 7.903e-05 7.168e-04 -1.000 1.629e-03 -8.297 -8.289 -8.143 -8.110 -8.127 -8.149 -8.147 -8.163 -8.155
0.0015467 -1.00000 7.00000 20.6389884949 2.6307916452   20.164  5.227  3.9650  1.328    6  0.000  0.545     0.00     0.00     0.00     0.00     0.00 -1 -5.75e-07      0.00 7.470e-01 2.514e-01 2.929e-04 7.903e-05 7.168e-04 -1.000 1.629e-03 -8.296 -8.294 -8.159 -8.137 -8.161 -8.189 -8.195 -8.215 -8.208
0.0015467 -1.00000 7.00000 20.6401824951 2.6307918818   20.165  5.226  3.9587  1.303    6  0.000  0.545     0.00     0.00     0.00     0.00     0.00 -1 -5.64e-07      0.00 7.470e-01 2.514e-01 2.929e-04 7.903e-05 7.168e-04 -1.000 1.629e-03 -8.295 -8.301 -8.166 -8.156 -8.187 -8.222 -8.233 -8.257 -8.252
0.0015467 -1.00000 7.00000 20.6411914825 2.6307920817   20.165  5.226  3.9533  1.282    6  0.000  0.545     0.00     0.00     0.00     0.00     0.00 -1 -5.55e-07      0.00 7.470e-01 2.514e-01 2.929e-04 7.903e-05 7.168e-04 -1.000 1.629e-03 -8.295 -8.304 -8.173 -8.173 -8.209 -8.249 -8.266 -8.293 -8.290
0.0015467 -1.00000 7.00000 20.6424579620 2.6307923326   20.166  5.225  3.9457  1.252    6  0.000  0.545     0.00     0.00     0.00     0.00     0.00 -1 -5.44e-07      0.00 7.470e-01 2.514e-01 2.929e-04 7.903e-05 7.168e-04 -1.000 1.629e-03 -8.293 -8.303 -8.195 -8.201 -8.240 -8.285 -8.312 -8.343 -8.341
0.0015467 -1.00000 7.00000 20.6432056427 2.6307924808   20.166  5.225  3.9412  1.235    6  0.000  0.545     0.00     0.00     0.00     0.00     0.00 -1 -5.38e-07      0.00 7.470e-01 2.514e-01 2.929e-04 7.903e-05 7.168e-04 -1.000 1.629e-03 -8.292 -8.299 -8.214 -8.220 -8.258 -8.305 -8.340 -8.372 -8.372
0.0015467 -1.00000 7.00000 20.6440410614 2.6307926462   20.167  5.224  3.9360  1.215    6  0.000  0.545     0.00     0.00     0.00     0.00     0.00 -1  -5.3e-07      0.00 7.470e-01 2.514e-01 2.929e-04 7.903e-05 7.168e-04 -1.000 1.629e-03 -8.291 -8.293 -8.234 -8.239 -8.277 -8.326 -8.370 -8.405 -8.406
0.0015467 -1.00000 7.00000 20.6448841095 2.6307928132   20.167  5.223  3.9303  1.192    6  0.000  0.545     0.00     0.00     0.00     0.00     0.00 -1 -5.19e-07      0.00 7.470e-01 2.514e-01 2.929e-04 7.903e-05 7.168e-04 -1.000 1.629e-03 -8.288 -8.285 -8.255 -8.260 -8.298 -8.349 -8.404 -8.441 -8.444
0.0015467 -1.00000 7.00000 20.6461544037 2.6307930648   20.168  5.222  3.9217  1.160    6  0.000  0.545     0.00     0.00     0.00     0.00     0.00 -1 -5.01e-07      0.00 7.470e-01 2.514e-01 2.929e-04 7.903e-05 7.168e-04 -1.000 1.629e-03 -8.285 -8.273 -8.245 -8.276 -8.326 -8.388 -8.452 -8.495 -8.500
0.0015467 -1.00000 7.00000 20.6485958099 2.6307935481   20.169  5.220  3.9031  1.087    6  0.000  0.545     0.00     0.00     0.00     0.00     0.00 -1 -4.73e-07      0.00 7.470e-01 2.514e-01 2.929e-04 7.903e-05 7.168e-04 -1.000 1.629e-03 -8.280 -8.243 -8.275 -8.322 -8.382 -8.460 -8.555 -8.612 -8.623
0.0015467 -1.00000 7.00000 20.6509418488 2.6307940125   20.170  5.219  3.8814  1.002    6  0.000  0.544     0.00     0.00     0.00     0.00     0.00 -1 -4.44e-07      0.00 7.470e-01 2.514e-01 2.926e-04 7.910e-05 7.168e-04 -1.000 1.629e-03 -8.276 -8.186 -8.302 -8.358 -8.432 -8.533 -8.676 -8.753 -8.772
0.0015467 -1.00000 7.00000 20.6570892334 2.6307952287   20.175  5.200  3.7944  0.672    6  0.000  0.538     0.00     0.00     0.00     0.00     0.00 -1 -3.34e-07      0.00 7.468e-01 2.516e-01 2.879e-04 8.541e-05 7.153e-04 -1.000 1.629e-03 -8.231 -7.676 -7.902 -8.267 -8.527 -8.784 -9.129 -9.355 -9.398
0.0015467 -1.00000 7.00000 20.6572704315 2.6307952645   20.175  5.199  3.7913  0.661    6  0.000  0.538     0.00     0.00     0.00     0.00     0.00 -1 -3.28e-07      0.00 7.468e-01 2.516e-01 2.879e-04 8.547e-05 7.153e-04 -1.000 1.629e-03 -8.227 -7.651 -7.877 -8.258 -8.526 -8.790 -9.142 -9.375 -9.419
0.0015467 -1.00000 7.00000 20.6579380035 2.6307953966   20.175  5.191  3.7806  0.626    7  0.000  0.538   110.63    59.34    40.70    28.94    24.13  3 -3.15e-07      0.00 7.465e-01 2.519e-01 2.874e-04 8.680e-05 7.145e-04 -1.000 1.629e-03 -8.208 -7.553 -7.784 -8.217 -8.513 -8.799 -9.180 -9.438 -9.485
0.0015467 -1.00000 7.00000 20.6590328217 2.6307956131   20.176  5.174  3.7647  0.579    7  0.000  0.537   124.41    64.57    44.13    31.41    26.19  3 -2.81e-07      0.00 7.461e-01 2.523e-01 2.865e-04 8.899e-05 7.131e-04 -1.000 1.629e-03 -8.166 -7.369 -7.621 -8.134 -8.475 -8.797 -9.223 -9.524 -9.575
0.0015467 -1.00000 7.00000 20.6597003937 2.6307957450   20.177  5.165  3.7558  0.553    7  0.000  0.536   132.99    67.75    46.20    32.91    27.45  3 -2.65e-07      0.00 7.458e-01 2.526e-01 2.860e-04 9.033e-05 7.123e-04 -1.000 1.629e-03 -8.144 -7.265 -7.529 -8.087 -8.451 -8.792 -9.244 -9.568 -9.622
0.0015467 -1.00000 7.00000 20.6603717804 2.6307958778   20.177  5.157  3.7468  0.525    7  0.000  0.536   142.60    71.24    48.47    34.55    28.82  3 -2.85e-07      0.00 7.455e-01 2.529e-01 2.854e-04 9.170e-05 7.115e-04 -1.000 1.629e-03 -8.123 -7.158 -7.438 -8.041 -8.427 -8.787 -9.265 -9.614 -9.671
0.0015467 -1.00000 7.00000 20.6610488892 2.6307960117   20.178  5.158  3.7365  0.483    7  0.000  0.528   158.27    76.79    52.07    37.16    31.00  3 -4.82e-07      0.00 7.452e-01 2.531e-01 2.801e-04 9.574e-05 7.106e-04 -1.000 1.629e-03 -8.125 -7.049 -7.357 -8.011 -8.423 -8.804 -9.311 -9.688 -9.749
0.0015467 -1.00000 7.00000 20.6615028381 2.6307961014   20.178  5.160  3.7290  0.451    7  0.000  0.521   171.81    81.47    55.09    39.36    32.84  3 -4.79e-07      0.00 7.451e-01 2.533e-01 2.753e-04 9.911e-05 7.100e-04 -1.000 1.629e-03 -8.131 -6.959 -7.297 -7.993 -8.425 -8.821 -9.351 -9.748 -9.811
0.0015467 -1.00000 7.00000 20.6619606018 2.6307961919   20.178  5.167  3.7211  0.412    7  0.000  0.501   189.23    87.33    58.88    42.10    35.13  3 -4.89e-07      0.00 7.449e-01 2.535e-01 2.617e-04 1.148e-04 7.095e-04 -1.000 1.629e-03 -8.148 -6.864 -7.239 -7.983 -8.436 -8.849 -9.401 -9.820 -9.886
0.0015467 -1.00000 7.00000 20.6624183655 2.6307962824   20.179  5.176  3.7126  0.370    7  0.000  0.475   210.55    94.31    63.36    45.36    37.86  3 -4.99e-07      0.00 7.447e-01 2.537e-01 2.447e-04 1.353e-04 7.089e-04 -1.000 1.629e-03 -8.169 -6.751 -7.175 -7.972 -8.449 -8.879 -9.458 -9.899 -9.968
0.0015467 -1.00000 7.00000 20.6628799438 2.6307963736   20.179  5.184  3.7036  0.325    7  0.000  0.459   235.50   102.24    68.44    49.05    40.95  3 -6.13e-07      0.00 7.415e-01 2.568e-01 2.306e-04 1.619e-04 6.979e-04 -1.000 1.629e-03 -8.191 -6.619 -7.102 -7.957 -8.458 -8.908 -9.516 -9.982 -10.054
0.0015467 -1.00000 7.00000 20.6633434296 2.6307964652   20.180  5.193  3.6941  0.278    7  0.000  0.451   261.37   111.20    74.16    53.22    44.43  3 -6.24e-07      0.00 7.355e-01 2.629e-01 2.194e-04 1.941e-04 6.767e-04 -1.000 1.629e-03 -8.213 -6.465 -7.018 -7.936 -8.465 -8.936 -9.574 -10.067 -10.141
0.0015467 -1.00000 7.00000 20.6638107300 2.6307965575   20.180  5.201  3.6839  0.229    7  0.000  0.443   282.09   121.54    80.73    58.01    48.44  3 -6.31e-07      0.00 7.295e-01 2.689e-01 2.085e-04 2.255e-04 6.561e-04 -1.000 1.629e-03 -8.234 -6.249 -6.905 -7.905 -8.467 -8.961 -9.634 -10.157 -10.233
0.0015467 -1.00000 7.00000 20.6642799377 2.6307966503   20.180  5.208  3.6737  0.181    7  0.000  0.441   303.97   132.61    87.73    63.12    52.73  3 -6.48e-07      0.00 7.258e-01 2.726e-01 2.037e-04 2.415e-04 6.447e-04 -1.000 1.629e-03 -8.251 -5.805 -6.691 -7.852 -8.470 -8.992 -9.704 -10.250 -10.326
0.0015467 -1.00000 7.00000 20.6647491455 2.6307967430   20.180  5.215  3.6633  0.133    7  0.000  0.438   327.36   144.58    95.29    68.64    57.35  0 -6.57e-07      0.00 7.220e-01 2.764e-01 1.989e-04 2.575e-04 6.332e-04 -1.000 1.629e-03 -8.267 -5.297 -6.447 -7.781 -8.461 -9.013 -9.771 -10.341 -10.420
0.0015467 -1.00000 7.00000 20.6649875641 2.6307967901   20.180  5.218  3.6582  0.110    7  0.000  0.436   339.39   150.79    99.19    71.50    59.75  0 -6.63e-07      0.00 7.201e-01 2.783e-01 1.964e-04 2.657e-04 6.273e-04 -1.000 1.629e-03 -8.275 -5.027 -6.316 -7.739 -8.452 -9.019 -9.802 -10.384 -10.466
0.0015467 -1.00000 7.00000 20.6652259827 2.6307968372   20.181  5.219  3.6536  0.090    7  0.000  0.436   350.06   156.34   102.67    74.05    61.88  0  -6.6e-07      0.00 7.188e-01 2.795e-01 1.948e-04 2.710e-04 6.234e-04 -1.000 1.629e-03 -8.278 -4.874 -6.238 -7.702 -8.433 -9.013 -9.818 -10.415 -10.501
0.0015467 -1.00000 7.00000 20.6654682159 2.6307968851   20.181  5.218  3.6495  0.075    7  0.000  0.435   358.31   160.64   105.37    76.03    63.54  0 -6.52e-07      0.00 7.185e-01 2.798e-01 1.944e-04 2.722e-04 6.226e-04 -1.000 1.629e-03 -8.275 -4.743 -6.167 -7.664 -8.411 -9.002 -9.826 -10.436 -10.526
0.0015467 -1.00000 7.00000 20.6657047272 2.6307969318   20.181  5.216  3.6459  0.063    7  0.000  0.435   365.29   164.30   107.66    77.70    64.94  0 -6.41e-07      0.00 7.183e-01 2.801e-01 1.941e-04 2.732e-04 6.219e-04 -1.000 1.629e-03 -8.270 -4.627 -6.103 -7.627 -8.388 -8.989 -9.830 -10.452 -10.545
0.0015467 -1.00000 7.00000 20.6659488678 2.6307969801   20.181  5.214  3.6424  0.051    7  0.000  0.435   372.14   167.90   109.91    79.35    66.32  0 -6.29e-07      0.00 7.181e-01 2.803e-01 1.938e-04 2.742e-04 6.211e-04 -1.000 1.629e-03 -8.265 -4.512 -6.041 -7.591 -8.366 -8.976 -9.834 -10.467 -10.563
0.0015467 -1.00000 7.00000 20.6661911011 2.6307970279   20.181  5.212  3.6395  0.041    7  0.000  0.435   377.52   170.73   111.68    80.65    67.41  0 -6.18e-07      0.00 7.179e-01 2.805e-01 1.935e-04 2.752e-04 6.204e-04 -1.000 1.629e-03 -8.259 -4.413 -5.985 -7.558 -8.344 -8.962 -9.834 -10.478 -10.576
0.0015467 -1.00000 7.00000 20.6664371490 2.6307970765   20.181  5.209  3.6366  0.032    7  0.000  0.435   383.06   173.66   113.51    81.99    68.53  0 -6.07e-07      0.00 7.176e-01 2.808e-01 1.933e-04 2.762e-04 6.197e-04 -1.000 1.629e-03 -8.253 -4.313 -5.930 -7.524 -8.321 -8.948 -9.834 -10.488 -10.590
0.0015467 -1.00000 7.00000 20.6666831970 2.6307971251   20.181  5.210  3.6344  0.023    7  0.000  0.434   388.59   176.59   115.34    83.33    69.66  0 -6.01e-07      0.00 7.174e-01 2.810e-01 1.930e-04 2.772e-04 6.190e-04 -1.000 1.629e-03 -8.255 -4.243 -5.893 -7.504 -8.310 -8.943 -9.841 -10.502 -10.606
0.0015467 -1.00000 7.00000 20.6669330597 2.6307971745   20.181  5.211  3.6323  0.013    7  0.000  0.434   394.15   179.54   117.18    84.68    70.79  0 -5.94e-07      0.00 7.172e-01 2.812e-01 1.927e-04 2.780e-04 6.184e-04 -1.000 1.629e-03 -8.256 -4.173 -5.857 -7.483 -8.298 -8.938 -9.847 -10.515 -10.621
0.0015467 -1.00000 7.00000 20.6671810150 2.6307972235   20.182  5.211  3.6301  0.004    7  0.000  0.434   399.75   182.51   119.03    86.04    71.93  0 -5.87e-07      0.00 7.170e-01 2.814e-01 1.925e-04 2.788e-04 6.178e-04 -1.000 1.629e-03 -8.258 -4.102 -5.820 -7.463 -8.287 -8.933 -9.852 -10.528 -10.637
0.0015467 -1.00000 7.00000 20.6674365997 2.6307972740   20.182  5.213  3.6282 -0.005    7  0.000  0.433   405.80   185.74   121.04    87.52    73.17  0 -5.88e-07      0.00 7.168e-01 2.816e-01 1.920e-04 2.797e-04 6.171e-04 -1.000 1.629e-03 -8.263 -4.049 -5.793 -7.449 -8.281 -8.933 -9.861 -10.544 -10.654
0.0015467 -1.00000 7.00000 20.6676902771 2.6307973241   20.182  5.216  3.6265 -0.015    7  0.000  0.432   411.99   189.05   123.10    89.03    74.43  0 -5.92e-07      0.00 7.166e-01 2.818e-01 1.915e-04 2.807e-04 6.165e-04 -1.000 1.629e-03 -8.270 -4.006 -5.772 -7.439 -8.277 -8.934 -9.871 -10.560 -10.672
0.0015467 -1.00000 7.00000 20.6679515839 2.6307973757   20.182  5.219  3.6248 -0.025    7  0.000  0.431   418.20   192.37   125.16    90.55    75.70  0 -5.97e-07      0.00 7.164e-01 2.820e-01 1.909e-04 2.816e-04 6.159e-04 -1.000 1.629e-03 -8.277 -3.964 -5.752 -7.429 -8.273 -8.935 -9.880 -10.576 -10.690
0.0015467 -1.00000 7.00000 20.6682109833 2.6307974269   20.183  5.222  3.6232 -0.034    7  0.000  0.430   424.03   195.50   127.11    91.97    76.90  0 -6.02e-07      0.00 7.162e-01 2.822e-01 1.902e-04 2.828e-04 6.152e-04 -1.000 1.630e-03 -8.284 -3.926 -5.734 -7.419 -8.270 -8.936 -9.889 -10.591 -10.707
0.0015467 -1.00000 7.00000 20.6687507629 2.6307975336   20.183  5.224  3.6211 -0.045    7  0.000  0.421   431.47   199.51   129.60    93.80    78.43  0 -6.08e-07      0.00 7.154e-01 2.829e-01 1.866e-04 2.889e-04 6.130e-04 -1.000 1.636e-03 -8.290 -3.871 -5.706 -7.404 -8.263 -8.936 -9.899 -10.609 -10.727
0.0015467 -1.00000 7.00000 20.6693134308 2.6307976447   20.183  5.227  3.6192 -0.055    7  0.000  0.412   438.35   203.23   131.90    95.50    79.85  0 -6.15e-07      0.00 7.146e-01 2.837e-01 1.829e-04 2.951e-04 6.107e-04 -1.000 1.642e-03 -8.297 -3.823 -5.682 -7.391 -8.257 -8.936 -9.908 -10.625 -10.746
0.0015467 -1.00000 7.00000 20.6698989868 2.6307977603   20.184  5.229  3.6175 -0.064    7  0.000  0.402   444.76   206.70   134.05    97.08    81.18  0 -6.22e-07      0.00 7.138e-01 2.845e-01 1.789e-04 3.017e-04 6.083e-04 -1.000 1.649e-03 -8.304 -3.781 -5.660 -7.379 -8.252 -8.936 -9.917 -10.640 -10.763
0.0015467 -1.00000 7.00000 20.6708278656 2.6307979438   20.184  5.235  3.6154 -0.079    7  0.000  0.388   454.89   212.19   137.45    99.58    83.28  0 -6.37e-07      0.00 7.115e-01 2.868e-01 1.726e-04 3.135e-04 6.030e-04 -1.000 1.657e-03 -8.319 -3.735 -5.640 -7.371 -8.252 -8.943 -9.934 -10.666 -10.791
0.0015467 -1.00000 7.00000 20.6728057861 2.6307983343   20.185  5.260  3.6123 -0.115    7  0.000  0.381   481.29   226.63   146.37   106.14    88.78  0 -7.06e-07      0.00 6.924e-01 3.060e-01 1.610e-04 3.566e-04 5.701e-04 -1.000 1.629e-03 -8.379 -3.709 -5.650 -7.399 -8.292 -8.993 -9.998 -10.742 -10.871
0.0015467 -1.00000 7.00000 20.6766376495 2.6307990907   20.187  5.299  3.6081 -0.172    7  0.000  0.375   525.30   250.97   161.35   117.18    98.04  0 -8.69e-07      0.00 6.845e-01 3.139e-01 1.537e-04 3.805e-04 5.523e-04 -1.000 1.629e-03 -8.478 -3.685 -5.676 -7.449 -8.360 -9.075 -10.102 -10.863 -10.996
0.0015467 -1.00000 7.00000 20.6783752441 2.6307994336   20.188  5.315  3.6065 -0.194    7  0.000  0.372   543.45   261.11   167.57   121.77   101.88  0 -9.28e-07      0.00 6.772e-01 3.212e-01 1.485e-04 3.989e-04 5.387e-04 -1.000 1.629e-03 -8.517 -3.677 -5.687 -7.468 -8.386 -9.107 -10.142 -10.909 -11.045
0.0015467 -1.00000 7.00000 20.6787319183 2.6307995039   20.188  5.321  3.6059 -0.202    7  0.000  0.372   550.75   265.21   170.08   123.62   103.44  0 -9.56e-07      0.00 6.756e-01 3.227e-01 1.475e-04 4.029e-04 5.355e-04 -1.000 1.629e-03 -8.533 -3.678 -5.693 -7.478 -8.398 -9.121 -10.158 -10.928 -11.064
0.0015467 -1.00000 7.00000 20.6792125702 2.6307995988   20.188  5.329  3.6052 -0.213    7  0.000  0.372   559.84   270.32   173.21   125.93   105.38  0 -9.96e-07      0.00 6.751e-01 3.233e-01 1.472e-04 4.044e-04 5.343e-04 -1.000 1.629e-03 -8.552 -3.676 -5.700 -7.489 -8.412 -9.137 -10.178 -10.951 -11.088
0.0015467 -1.00000 7.00000 20.6820659637 2.6308001616   20.190  5.346  3.6037 -0.236    7  0.000  0.372   580.63   282.06   180.39   131.23   109.82  0 -1.12e-06      0.00 6.727e-01 3.256e-01 1.460e-04 4.097e-04 5.299e-04 -1.000 1.629e-03 -8.596 -3.677 -5.717 -7.514 -8.445 -9.175 -10.224 -11.002 -11.141
# Zini     MH   logAge Mini        int_IMF         Mass   logL    logTe  logg  label   McoreTP C_O  period0  period1  period2  period3  period4  pmode  Mloss  tau1m   X   Y   Xc  Xn  Xo  Cexcess  Z 	 mbolmag  Umag    Bmag    Vmag    Rmag    Imag    Jmag    Hmag    Kmag
0.0015467 -1.00000 8.00000 0.0900000036 1.0816895926    0.090 -2.639  3.4927  4.954    0  0.000  0.545     0.00     0.00     0.00     0.00     0.00 -1 -3.25e-16      0.00 7.470e-01 2.514e-01 2.929e-04 7.903e-05 7.168e-04 -1.000 1.629e-03 11.368 17.311 15.439 13.605 12.238 10.792 9.463 8.936 8.713
0.0015467 -1.00000 8.00000 0.0907648355 1.0889761175    0.091 -2.633  3.4934  4.955    0  0.000  0.545     0.00     0.00     0.00     0.00     0.00 -1 -3.27e-16      0.00 7.470e-01 2.514e-01 2.929e-04 7.903e-05 7.168e-04 -1.000 1.629e-03 11.353 17.271 15.407 13.576 12.214 10.776 9.451 8.923 8.699
0.0015467 -1.00000 8.00000 0.0964354947 1.1406216025    0.096 -2.587  3.4992  4.958    0  0.000  0.545     0.00     0.00     0.00     0.00     0.00 -1 -3.51e-16      0.00 7.470e-01 2.514e-01 2.929e-04 7.903e-05 7.168e-04 -1.000 1.629e-03 11.238 16.956 15.155 13.348 12.028 10.645 9.353 8.817 8.593
0.0015467 -1.00000 8.00000 0.1000000015 1.1711064122    0.100 -2.558  3.5032  4.961    0  0.000  0.545     0.00     0.00     0.00     0.00     0.00 -1 -3.68e-16      0.00 7.470e-01 2.514e-01 2.929e-04 7.903e-05 7.168e-04 -1.000 1.629e-03 11.165 16.754 14.993 13.204 11.909 10.563 9.291 8.751 8.527
0.0015467 -1.00000 8.00000 0.1052641422 1.2136331020    0.105 -2.522  3.5072  4.963    0  0.000  0.545     0.00     0.00     0.00     0.00     0.00 -1 -3.89e-16      0.00 7.470e-01 2.514e-01 2.929e-04 7.903e-05 7.168e-04 -1.000 1.629e-03 11.075 16.532 14.813 13.042 11.772 10.465 9.213 8.669 8.445
0.0015467 -1.00000 8.00000 0.1153264493 1.2877102021    0.115 -2.455  3.5152  4.967    0  0.000  0.545     0.00     0.00     0.00     0.00     0.00 -1 -4.31e-16      0.00 7.470e-01 2.514e-01 2.929e-04 7.903e-05 7.168e-04 -1.000 1.629e-03 10.907 16.117 14.476 12.741 11.516 10.280 9.068 8.515 8.292
0.0015467 -1.00000 8.00000 0.1200000048 1.3193154741    0.120 -2.425  3.5189  4.970    0  0.000  0.545     0.00     0.00     0.00     0.00     0.00 -1 -4.51e-16      0.00 7.470e-01 2.514e-01 2.929e-04 7.903e-05 7.168e-04 -1.000 1.629e-03 10.833 15.929 14.324 12.606 11.402 10.200 9.006 8.450 8.227
0.0015467 -1.00000 8.00000 0.1201700270 1.3204349896    0.120 -2.424  3.5190  4.970    0  0.000  0.545     0.00     0.00     0.00     0.00     0.00 -1 -4.52e-16      0.00 7.470e-01 2.514e-01 2.929e-04 7.903e-05 7.168e-04 -1.000 1.629e-03 10.831 15.924 14.320 12.602 11.398 10.197 9.003 8.447 8.224
0.0015467 -1.00000 8.00000 0.1395512521 1.4360271657    0.139 -2.318  3.5304  4.973    0  0.000  0.545     0.00     0.00     0.00     0.00     0.00 -1 -5.34e-16      0.00 7.470e-01 2.514e-01 2.929e-04 7.903e-05 7.168e-04 -1.000 1.629e-03 10.564 15.337 13.833 12.174 11.024 9.911 8.768 8.203 7.982
0.0015467 -1.00000 8.00000 0.1400000006 1.4384526719    0.140 -2.315  3.5306  4.974    0  0.000  0.545     0.00     0.00     0.00     0.00     0.00 -1 -5.36e-16      0.00 7.470e-01 2.514e-01 2.929e-04 7.903e-05 7.168e-04 -1.000 1.629e-03 10.558 15.325 13.822 12.165 11.016 9.905 8.762 8.197 7.976
0.0015467 -1.00000 8.00000 0.1599999964 1.5372931554    0.160 -2.221  3.5394  4.972    0  0.000  0.545     0.00     0.00     0.00     0.00     0.00 -1 -6.25e-16      0.00 7.470e-01 2.514e-01 2.929e-04 7.903e-05 7.168e-04 -1.000 1.629e-03 10.322 14.860 13.428 11.818 10.705 9.657 8.551 7.980 7.760
0.0015467 -1.00000 8.00000 0.1977577806 1.6862164183    0.198 -2.074  3.5518  4.967    0  0.000  0.545     0.00     0.00     0.00     0.00     0.00 -1 -7.92e-16      0.00 7.470e-01 2.514e-01 2.929e-04 7.903e-05 7.168e-04 -1.000 1.629e-03 9.955 14.189 12.851 11.308 10.241 9.276 8.218 7.641 7.423
0.0015467 -1.00000 8.00000 0.2000000179 1.6938791367    0.200 -2.066  3.5525  4.967    0  0.000  0.545     0.00     0.00     0.00     0.00     0.00 -1 -8.03e-16      0.00 7.470e-01 2.514e-01 2.929e-04 7.903e-05 7.168e-04 -1.000 1.629e-03 9.935 14.153 12.820 11.281 10.216 9.255 8.200 7.623 7.405
0.0015467 -1.00000 8.00000 0.2494342774 1.8388877277    0.249 -1.915  3.5639  4.957    0  0.000  0.545     0.00     0.00     0.00     0.00     0.00 -1 -1.03e-15      0.00 7.470e-01 2.514e-01 2.929e-04 7.903e-05 7.168e-04 -1.000 1.629e-03 9.556 13.514 12.262 10.783 9.759 8.868 7.855 7.272 7.055
0.0015467 -1.00000 8.00000 0.2500000000 1.8403257998    0.250 -1.913  3.5641  4.957    0  0.000  0.545     0.00     0.00     0.00     0.00     0.00 -1 -1.03e-15      0.00 7.470e-01 2.514e-01 2.929e-04 7.903e-05 7.168e-04 -1.000 1.629e-03 9.552 13.507 12.256 10.778 9.754 8.864 7.852 7.268 7.052
0.0015467 -1.00000 8.00000 0.2776638567 1.9058863385    0.278 -1.840  3.5696  4.951    0  0.000  0.545     0.00     0.00     0.00     0.00     0.00 -1 -1.16e-15      0.00 7.470e-01 2.514e-01 2.929e-04 7.903e-05 7.168e-04 -1.000 1.629e-03 9.369 13.201 11.989 10.539 9.535 8.677 7.685 7.099 6.883
0.0015467 -1.00000 8.00000 0.3000000417 1.9529140366    0.300 -1.783  3.5737  4.945    0  0.000  0.545     0.00     0.00     0.00     0.00     0.00 -1 -1.28e-15      0.00 7.470e-01 2.514e-01 2.929e-04 7.903e-05 7.168e-04 -1.000 1.629e-03 9.228 12.976 11.790 10.361 9.371 8.534 7.555 6.968 6.753
0.0015467 -1.00000 8.00000 0.3455435336 2.0360524084    0.346 -1.662  3.5827  4.922    0  0.000  0.545     0.00     0.00     0.00     0.00     0.00 -1 -1.62e-15      0.00 7.470e-01 2.514e-01 2.929e-04 7.903e-05 7.168e-04 -1.000 1.629e-03 8.925 12.485 11.359 9.979 9.020 8.227 7.278 6.686 6.476
0.0015467 -1.00000 8.00000 0.3499999940 2.0434174644    0.350 -1.651  3.5836  4.920    0  0.000  0.545     0.00     0.00     0.00     0.00     0.00 -1 -1.65e-15      0.00 7.470e-01 2.514e-01 2.929e-04 7.903e-05 7.168e-04 -1.000 1.629e-03 8.898 12.441 11.320 9.944 8.989 8.199 7.252 6.661 6.450
0.0015467 -1.00000 8.00000 0.3590350747 2.0579820413    0.359 -1.623  3.5859  4.912    0  0.000  0.545     0.00     0.00     0.00     0.00     0.00 -1 -1.76e-15      0.00 7.470e-01 2.514e-01 2.929e-04 7.903e-05 7.168e-04 -1.000 1.629e-03 8.828 12.321 11.218 9.854 8.907 8.128 7.189 6.596 6.387
0.0015467 -1.00000 8.00000 0.4000000060 2.1185024399    0.400 -1.502  3.5962  4.879    0  0.000  0.545     0.00     0.00     0.00     0.00     0.00 -1 -2.29e-15      0.00 7.470e-01 2.514e-01 2.929e-04 7.903e-05 7.168e-04 -1.000 1.629e-03 8.525 11.818 10.778 9.469 8.559 7.822 6.915 6.317 6.116
0.0015467 -1.00000 8.00000 0.4113498032 2.1338577503    0.411 -1.462  3.6008  4.869    0  0.000  0.545     0.00     0.00     0.00     0.00     0.00 -1 -2.51e-15      0.00 7.470e-01 2.514e-01 2.929e-04 7.903e-05 7.168e-04 -1.000 1.629e-03 8.425 11.632 10.619 9.334 8.441 7.720 6.827 6.227 6.031
0.0015467 -1.00000 8.00000 0.4499999881 2.1822809009    0.450 -1.333  3.6154  4.838    0  0.000  0.545     0.00     0.00     0.00     0.00     0.00 -1 -3.34e-15      0.00 7.470e-01 2.514e-01 2.929e-04 7.903e-05 7.168e-04 -1.000 1.629e-03 8.103 11.043 10.111 8.906 8.066 7.393 6.541 5.933 5.759
0.0015467 -1.00000 8.00000 0.4595993459 2.1934742445    0.459 -1.297  3.6217  4.836    0  0.000  0.545     0.00     0.00     0.00     0.00     0.00 -1  -3.6e-15      0.00 7.470e-01 2.514e-01 2.929e-04 7.903e-05 7.168e-04 -1.000 1.629e-03 8.013 10.845 9.945 8.773 7.956 7.302 6.467 5.856 5.693
0.0015467 -1.00000 8.00000 0.4877279699 2.2245977149    0.488 -1.210  3.6356  4.830    0  0.000  0.545     0.00     0.00     0.00     0.00     0.00 -1 -4.31e-15      0.00 7.470e-01 2.514e-01 2.929e-04 7.903e-05 7.168e-04 -1.000 1.629e-03 7.795 10.387 9.559 8.459 7.694 7.084 6.284 5.673 5.530
0.0015467 -1.00000 8.00000 0.5000000000 2.2374541529    0.500 -1.180  3.6394  4.827    0  0.000  0.545     0.00     0.00     0.00     0.00     0.00 -1 -4.57e-15      0.00 7.470e-01 2.514e-01 2.929e-04 7.903e-05 7.168e-04 -1.000 1.629e-03 7.721 10.247 9.439 8.360 7.609 7.011 6.221 5.611 5.473
0.0015467 -1.00000 8.00000 0.5199581385 2.2571234903    0.520 -1.125  3.6473  4.820    0  0.000  0.545     0.00     0.00     0.00     0.00     0.00 -1 -5.12e-15      0.00 7.471e-01 2.513e-01 2.929e-04 7.901e-05 7.166e-04 -1.000 1.629e-03 7.581 9.963 9.202 8.167 7.446 6.871 6.102 5.499 5.372
0.0015467 -1.00000 8.00000 0.5397576094 2.2749928302    0.539 -1.069  3.6549  4.810    0  0.000  0.545     0.00     0.00     0.00     0.00     0.00 -1 -5.76e-15      0.00 7.472e-01 2.512e-01 2.928e-04 7.899e-05 7.164e-04 -1.000 1.629e-03 7.442 9.681 8.973 7.978 7.285 6.732 5.984 5.391 5.273
0.0015467 -1.00000 8.00000 0.5500000715 2.2836583126    0.550 -1.033  3.6603  4.804    0  0.000  0.545     0.00     0.00     0.00     0.00     0.00 -1 -6.24e-15      0.00 7.472e-01 2.511e-01 2.927e-04 7.897e-05 7.162e-04 -1.000 1.629e-03 7.352 9.486 8.818 7.852 7.180 6.642 5.910 5.326 5.213
0.0015467 -1.00000 8.00000 0.6000000238 2.3211213258    0.600 -0.858  3.6862  4.771    0  0.000  0.545     0.00     0.00     0.00     0.00     0.00 -1 -9.26e-15      0.00 7.473e-01 2.511e-01 2.926e-04 7.895e-05 7.161e-04 -1.000 1.629e-03 6.916 8.554 8.114 7.264 6.688 6.211 5.560 5.036 4.943
0.0015467 -1.00000 8.00000 0.6499999762 2.3520353107    0.650 -0.698  3.7108  4.744    0  0.000  0.545     0.00     0.00     0.00     0.00     0.00 -1 -1.33e-14      0.00 7.474e-01 2.510e-01 2.926e-04 7.893e-05 7.159e-04 -1.000 1.629e-03 6.515 7.737 7.515 6.754 6.254 5.822 5.249 4.793 4.713
0.0015467 -1.00000 8.00000 0.6980602741 2.3770015139    0.698 -0.549  3.7343  4.720    0  0.000  0.545     0.00     0.00     0.00     0.00     0.00 -1 -1.86e-14      0.00 7.475e-01 2.509e-01 2.925e-04 7.891e-05 7.157e-04 -1.000 1.629e-03 6.142 7.044 6.992 6.313 5.870 5.475 4.972 4.572 4.503
0.0015467 -1.00000 8.00000 0.6999999881 2.3779266974    0.700 -0.543  3.7352  4.719    0  0.000  0.545     0.00     0.00     0.00     0.00     0.00 -1 -1.88e-14      0.00 7.475e-01 2.508e-01 2.925e-04 7.891e-05 7.156e-04 -1.000 1.629e-03 6.128 7.019 6.973 6.297 5.856 5.463 4.962 4.564 4.496
0.0015467 -1.00000 8.00000 0.7500000000 2.3998889087    0.750 -0.403  3.7581  4.701    0  0.000  0.538     0.00     0.00     0.00     0.00     0.00 -1 -2.56e-14      0.00 7.476e-01 2.508e-01 2.885e-04 7.878e-05 7.155e-04 -1.000 1.629e-03 5.777 6.420 6.501 5.904 5.512 5.155 4.713 4.358 4.305
0.0015467 -1.00000 8.00000 0.8000000119 2.4187244405    0.800 -0.274  3.7757  4.670    0  0.000  0.538     0.00     0.00     0.00     0.00     0.00 -1 -3.46e-14      0.00 7.478e-01 2.506e-01 2.883e-04 7.872e-05 7.151e-04 -1.000 1.624e-03 5.455 5.944 6.097 5.563 5.206 4.877 4.475 4.150 4.108
0.0015467 -1.00000 8.00000 0.8500000238 2.4350346840    0.850 -0.152  3.7908  4.634    0  0.000  0.538     0.00     0.00     0.00     0.00     0.00 -1 -4.63e-14      0.00 7.482e-01 2.502e-01 2.880e-04 7.864e-05 7.142e-04 -1.000 1.618e-03 5.150 5.540 5.730 5.249 4.921 4.615 4.246 3.945 3.913
0.0015467 -1.00000 8.00000 0.8999999762 2.4492786016    0.899 -0.036  3.8042  4.597    0  0.000  0.538     0.00     0.00     0.00     0.00     0.00 -1 -6.13e-14      0.00 7.485e-01 2.499e-01 2.877e-04 7.855e-05 7.135e-04 -1.000 1.618e-03 4.861 5.185 5.390 4.954 4.651 4.367 4.026 3.748 3.724
0.0015467 -1.00000 8.00000 0.9499999881 2.4618121868    0.950  0.073  3.8169  4.562    0  0.000  0.538     0.00     0.00     0.00     0.00     0.00 -1 -8.01e-14      0.00 7.484e-01 2.499e-01 2.878e-04 7.858e-05 7.138e-04 -1.000 1.613e-03 4.586 4.867 5.070 4.673 4.394 4.129 3.817 3.561 3.543
0.0015467 -1.00000 8.00000 1.0000000000 2.4729154477    1.000  0.178  3.8293  4.530    0  0.000  0.537     0.00     0.00     0.00     0.00     0.00 -1 -1.03e-13      0.00 7.485e-01 2.499e-01 2.877e-04 7.858e-05 7.137e-04 -1.000 1.629e-03 4.326 4.574 4.768 4.405 4.148 3.903 3.619 3.388 3.373
0.0015467 -1.00000 8.00000 1.0499999523 2.4828114860    1.050  0.275  3.8419  4.503    0  0.000  0.538     0.00     0.00     0.00     0.00     0.00 -1  -1.2e-13      0.00 7.485e-01 2.499e-01 2.877e-04 7.858e-05 7.137e-04 -1.000 1.615e-03 4.082 4.310 4.484 4.152 3.918 3.695 3.439 3.234 3.221
0.0015467 -1.00000 8.00000 1.1000000238 2.4916801480    1.099  0.367  3.8553  4.485    0  0.000  0.538     0.00     0.00     0.00     0.00     0.00 -1 -1.37e-13      0.00 7.486e-01 2.498e-01 2.877e-04 7.856e-05 7.136e-04 -1.000 1.629e-03 3.853 4.066 4.214 3.913 3.704 3.504 3.279 3.101 3.090
0.0015467 -1.00000 8.00000 1.1499999762 2.4996678137    1.149  0.454  3.8703  4.478    0  0.000  0.538     0.00     0.00     0.00     0.00     0.00 -1 -1.51e-13      0.00 7.486e-01 2.497e-01 2.876e-04 7.855e-05 7.135e-04 -1.000 1.629e-03 3.636 3.838 3.954 3.686 3.506 3.333 3.141 2.993 2.984
0.0015467 -1.00000 8.00000 1.2000000477 2.5068948796    1.200  0.535  3.8871  4.482    0  0.000  0.537     0.00     0.00     0.00     0.00     0.00 -1 -1.61e-13      0.00 7.487e-01 2.497e-01 2.876e-04 7.853e-05 7.133e-04 -1.000 1.629e-03 3.432 3.628 3.706 3.474 3.325 3.183 3.028 2.913 2.904
0.0015467 -1.00000 8.00000 1.2500000000 2.5134610955    1.250  0.613  3.9044  4.492    1  0.000  0.538     0.00     0.00     0.00     0.00     0.00 -1 -1.68e-13      0.00 7.488e-01 2.496e-01 2.875e-04 7.851e-05 7.132e-04 -1.000 1.629e-03 3.239 3.431 3.473 3.277 3.161 3.052 2.932 2.847 2.839
0.0015467 -1.00000 8.00000 1.2999999523 2.5194498592    1.300  0.686  3.9211  4.502    1  0.000  0.537     0.00     0.00     0.00     0.00     0.00 -1 -1.71e-13      0.00 7.488e-01 2.495e-01 2.874e-04 7.850e-05 7.131e-04 -1.000 1.619e-03 3.055 3.247 3.258 3.098 3.014 2.934 2.847 2.789 2.781
0.0015467 -1.00000 8.00000 1.3500000238 2.5249313598    1.350  0.756  3.9372  4.513    1  0.000  0.537     0.00     0.00     0.00     0.00     0.00 -1 -1.71e-13      0.00 7.489e-01 2.495e-01 2.874e-04 7.848e-05 7.129e-04 -1.000 1.629e-03 2.879 3.077 3.068 2.946 2.889 2.834 2.773 2.735 2.727
0.0015467 -1.00000 8.00000 1.3999999762 2.5299650300    1.400  0.824  3.9526  4.522    1  0.000  0.538     0.00     0.00     0.00     0.00     0.00 -1 -1.66e-13      0.00 7.489e-01 2.494e-01 2.873e-04 7.847e-05 7.128e-04 -1.000 1.629e-03 2.710 2.915 2.904 2.815 2.779 2.744 2.705 2.681 2.676
0.0015467 -1.00000 8.00000 1.4500000477 2.5346015836    1.450  0.889  3.9672  4.531    1  0.000  0.538     0.00     0.00     0.00     0.00     0.00 -1 -1.57e-13      0.00 7.490e-01 2.494e-01 2.873e-04 7.846e-05 7.127e-04 -1.000 1.603e-03 2.546 2.758 2.761 2.698 2.678 2.659 2.640 2.628 2.625
0.0015467 -1.00000 8.00000 1.5000000000 2.5388844597    1.500  0.952  3.9811  4.539    1  0.000  0.537     0.00     0.00     0.00     0.00     0.00 -1 -1.41e-13      0.00 7.491e-01 2.493e-01 2.872e-04 7.844e-05 7.126e-04 -1.000 1.629e-03 2.390 2.609 2.634 2.593 2.585 2.579 2.578 2.576 2.575
0.0015467 -1.00000 8.00000 1.5499999523 2.5428511323    1.550  1.012  3.9943  4.546    1  0.000  0.537     0.00     0.00     0.00     0.00     0.00 -1 -1.18e-13      0.00 7.491e-01 2.493e-01 2.872e-04 7.843e-05 7.125e-04 -1.000 1.629e-03 2.241 2.467 2.521 2.499 2.500 2.505 2.520 2.524 2.526
0.0015467 -1.00000 8.00000 1.6000000238 2.5465340628    1.600  1.069  4.0067  4.552    1  0.000  0.537     0.00     0.00     0.00     0.00     0.00 -1 -8.81e-14      0.00 7.492e-01 2.492e-01 2.871e-04 7.842e-05 7.123e-04 -1.000 1.621e-03 2.098 2.331 2.418 2.413 2.421 2.433 2.463 2.473 2.478
0.0015467 -1.00000 8.00000 1.6499998569 2.5499614695    1.649  1.124  4.0185  4.557    1  0.000  0.537     0.00     0.00     0.00     0.00     0.00 -1    -1e-30      0.00 7.492e-01 2.492e-01 2.871e-04 7.841e-05 7.123e-04 -1.000 1.629e-03 1.960 2.202 2.323 2.332 2.346 2.365 2.408 2.422 2.430
0.0015467 -1.00000 8.00000 1.7000000477 2.5531580802    1.699  1.177  4.0296  4.561    1  0.000  0.537     0.00     0.00     0.00     0.00     0.00 -1    -1e-30      0.00 7.493e-01 2.491e-01 2.871e-04 7.840e-05 7.122e-04 -1.000 1.612e-03 1.827 2.081 2.235 2.256 2.274 2.299 2.353 2.371 2.381
0.0015467 -1.00000 8.00000 1.7293841839 2.5549378132    1.728  1.207  4.0358  4.563    1  0.000  0.537     0.00     0.00     0.00     0.00     0.00 -1    -1e-30      0.00 7.493e-01 2.491e-01 2.870e-04 7.839e-05 7.121e-04 -1.000 1.613e-03 1.752 2.014 2.185 2.213 2.233 2.261 2.321 2.341 2.353
0.0015467 -1.00000 8.00000 1.7500000000 2.5561455243    1.749  1.228  4.0400  4.565    1  0.000  0.537     0.00     0.00     0.00     0.00     0.00 -1    -1e-30      0.00 7.493e-01 2.491e-01 2.870e-04 7.839e-05 7.121e-04 -1.000 1.611e-03 1.699 1.968 2.151 2.183 2.205 2.234 2.299 2.320 2.333
0.0015467 -1.00000 8.00000 1.7999999523 2.5589429085    1.799  1.278  4.0498  4.566    1  0.000  0.537     0.00     0.00     0.00     0.00     0.00 -1    -1e-30      0.00 7.494e-01 2.490e-01 2.870e-04 7.838e-05 7.120e-04 -1.000 1.594e-03 1.576 1.859 2.071 2.112 2.137 2.171 2.245 2.268 2.284
0.0015467 -1.00000 8.00000 1.8500001431 2.5615671263    1.849  1.325  4.0590  4.567    1  0.000  0.537     0.00     0.00     0.00     0.00     0.00 -1    -1e-30      0.00 7.494e-01 2.490e-01 2.870e-04 7.837e-05 7.119e-04 -1.000 1.629e-03 1.456 1.756 1.995 2.043 2.071 2.108 2.191 2.217 2.235
0.0015467 -1.00000 8.00000 1.8665182590 2.5623986156    1.865  1.341  4.0619  4.567    1  0.000  0.537     0.00     0.00     0.00     0.00     0.00 -1    -1e-30      0.00 7.494e-01 2.490e-01 2.870e-04 7.837e-05 7.119e-04 -1.000 1.629e-03 1.418 1.723 1.970 2.020 2.049 2.087 2.174 2.200 2.219
0.0015467 -1.00000 8.00000 1.8999999762 2.5640331260    1.899  1.372  4.0677  4.567    1  0.000  0.537     0.00     0.00     0.00     0.00     0.00 -1    -1e-30      0.00 7.494e-01 2.490e-01 2.869e-04 7.837e-05 7.119e-04 -1.000 1.629e-03 1.340 1.657 1.920 1.975 2.005 2.046 2.137 2.165 2.186
0.0015467 -1.00000 8.00000 1.9500000477 2.5663542714    1.950  1.417  4.0759  4.567    1  0.000  0.537     0.00     0.00     0.00     0.00     0.00 -1    -1e-30      0.00 7.495e-01 2.490e-01 2.869e-04 7.836e-05 7.118e-04 -1.000 1.552e-03 1.229 1.562 1.848 1.909 1.941 1.985 2.084 2.114 2.137
0.0015467 -1.00000 8.00000 1.9811974764 2.5677344806    1.981  1.444  4.0808  4.566    1  0.000  0.537     0.00     0.00     0.00     0.00     0.00 -1    -1e-30      0.00 7.495e-01 2.489e-01 2.869e-04 7.836e-05 7.118e-04 -1.000 1.596e-03 1.160 1.504 1.804 1.868 1.902 1.948 2.051 2.082 2.106
0.0015467 -1.00000 8.00000 2.0000000000 2.5685424513    2.000  1.460  4.0837  4.566    1  0.000  0.537     0.00     0.00     0.00     0.00     0.00 -1    -1e-30      0.00 7.495e-01 2.489e-01 2.869e-04 7.835e-05 7.118e-04 -1.000 1.629e-03 1.120 1.470 1.777 1.844 1.878 1.925 2.031 2.063 2.087
0.0015467 -1.00000 8.00000 2.0291888714 2.5697626887    2.029  1.485  4.0882  4.565    1  0.000  0.537     0.00     0.00     0.00     0.00     0.00 -1    -1e-30      0.00 7.495e-01 2.489e-01 2.869e-04 7.835e-05 7.117e-04 -1.000 1.611e-03 1.057 1.417 1.737 1.806 1.842 1.890 2.000 2.033 2.058
0.0015467 -1.00000 8.00000 2.0499999523 2.5706083333    2.050  1.503  4.0913  4.564    1  0.000  0.537     0.00     0.00     0.00     0.00     0.00 -1    -1e-30      0.00 7.495e-01 2.489e-01 2.869e-04 7.834e-05 7.117e-04 -1.000 1.597e-03 1.013 1.380 1.708 1.780 1.816 1.866 1.978 2.012 2.038
0.0015467 -1.00000 8.00000 2.0999999046 2.5725614918    2.099  1.544  4.0985  4.562    1  0.000  0.537     0.00     0.00     0.00     0.00     0.00 -1    -1e-30      0.00 7.495e-01 2.489e-01 2.869e-04 7.834e-05 7.117e-04 -1.000 1.616e-03 0.909 1.293 1.641 1.717 1.755 1.807 1.926 1.962 1.989
0.0015467 -1.00000 8.00000 2.1500000954 2.5744105556    2.149  1.585  4.1054  4.559    1  0.000  0.537     0.00     0.00     0.00     0.00     0.00 -1    -1e-30      0.00 7.495e-01 2.488e-01 2.869e-04 7.834e-05 7.116e-04 -1.000 1.629e-03 0.808 1.209 1.575 1.655 1.695 1.750 1.874 1.912 1.941
0.0015467 -1.00000 8.00000 2.1957037449 2.5760162840    2.194  1.621  4.1116  4.557    1  0.000  0.537     0.00     0.00     0.00     0.00     0.00 -1    -1e-30      0.00 7.496e-01 2.488e-01 2.869e-04 7.834e-05 7.116e-04 -1.000 1.629e-03 0.717 1.134 1.516 1.600 1.641 1.698 1.827 1.866 1.896
0.0015467 -1.00000 8.00000 2.2000000477 2.5761632879    2.199  1.624  4.1122  4.556    1  0.000  0.537     0.00     0.00     0.00     0.00     0.00 -1    -1e-30      0.00 7.496e-01 2.488e-01 2.869e-04 7.834e-05 7.116e-04 -1.000 1.629e-03 0.709 1.127 1.510 1.595 1.636 1.693 1.823 1.862 1.892
0.0015467 -1.00000 8.00000 2.2197179794 2.5768295783    2.218  1.640  4.1147  4.555    1  0.000  0.537     0.00     0.00     0.00     0.00     0.00 -1    -1e-30      0.00 7.496e-01 2.488e-01 2.869e-04 7.833e-05 7.116e-04 -1.000 1.629e-03 0.670 1.095 1.485 1.571 1.613 1.671 1.803 1.842 1.873
0.0015467 -1.00000 8.00000 2.2500000000 2.5778267375    2.249  1.663  4.1187  4.553    1  0.000  0.537     0.00     0.00     0.00     0.00     0.00 -1    -1e-30      0.00 7.496e-01 2.488e-01 2.869e-04 7.833e-05 7.116e-04 -1.000 1.619e-03 0.612 1.047 1.446 1.535 1.578 1.637 1.772 1.813 1.844
0.0015467 -1.00000 8.00000 2.2999999523 2.5794072884    2.299  1.702  4.1250  4.550    1  0.000  0.537     0.00     0.00     0.00     0.00     0.00 -1    -1e-30      0.00 7.496e-01 2.488e-01 2.868e-04 7.833e-05 7.115e-04 -1.000 1.587e-03 0.516 0.968 1.384 1.476 1.520 1.581 1.722 1.764 1.796
0.0015467 -1.00000 8.00000 2.3250205517 2.5801689307    2.324  1.720  4.1280  4.548    1  0.000  0.537     0.00     0.00     0.00     0.00     0.00 -1    -1e-30      0.00 7.491e-01 2.493e-01 2.870e-04 7.840e-05 7.121e-04 -1.000 1.607e-03 0.469 0.930 1.353 1.447 1.492 1.554 1.697 1.740 1.773
0.0015467 -1.00000 8.00000 2.3499999046 2.5809107422    2.349  1.739  4.1311  4.546    1  0.000  0.537     0.00     0.00     0.00     0.00     0.00 -1    -1e-30      0.00 7.486e-01 2.497e-01 2.873e-04 7.846e-05 7.128e-04 -1.000 1.629e-03 0.423 0.892 1.323 1.418 1.464 1.527 1.672 1.716 1.749
0.0015467 -1.00000 8.00000 2.4000000954 2.5823423892    2.399  1.775  4.1370  4.543    1  0.000  0.538     0.00     0.00     0.00     0.00     0.00 -1    -1e-30      0.00 7.470e-01 2.514e-01 2.891e-04 7.893e-05 7.169e-04 -1.000 1.629e-03 0.332 0.817 1.263 1.361 1.409 1.474 1.624 1.668 1.703
0.0015467 -1.00000 8.00000 2.4654872417 2.5841168391    2.465  1.822  4.1443  4.537    1  0.000  0.538     0.00     0.00     0.00     0.00     0.00 -1    -1e-30      0.00 7.470e-01 2.513e-01 2.891e-04 7.894e-05 7.170e-04 -1.000 1.629e-03 0.215 0.721 1.184 1.287 1.336 1.404 1.559 1.606 1.642
0.0015467 -1.00000 8.00000 2.5999999046 2.5874412955    2.600  1.915  4.1584  4.524    1  0.000  0.538     0.00     0.00     0.00     0.00     0.00 -1    -1e-30      0.00 7.470e-01 2.513e-01 2.892e-04 7.895e-05 7.171e-04 -1.000 1.629e-03 -0.017 0.532 1.028 1.138 1.191 1.263 1.429 1.478 1.517
0.0015467 -1.00000 8.00000 2.6928484440 2.5895145717    2.693  1.976  4.1675  4.514    1  0.000  0.538     0.00     0.00     0.00     0.00     0.00 -1    -1e-30      0.00 7.470e-01 2.513e-01 2.892e-04 7.895e-05 7.171e-04 -1.000 1.629e-03 -0.171 0.406 0.922 1.038 1.092 1.167 1.340 1.391 1.432
0.0015467 -1.00000 8.00000 2.8000001907 2.5917117867    2.800  2.046  4.1774  4.501    1  0.000  0.538     0.00     0.00     0.00     0.00     0.00 -1    -1e-30      0.00 7.470e-01 2.513e-01 2.892e-04 7.895e-05 7.171e-04 -1.000 1.629e-03 -0.344 0.264 0.802 0.923 0.980 1.058 1.238 1.291 1.334
0.0015467 -1.00000 8.00000 2.8585927486 2.5928334710    2.859  2.082  4.1824  4.494    1  0.000  0.538     0.00     0.00     0.00     0.00     0.00 -1    -1e-30      0.00 7.470e-01 2.513e-01 2.892e-04 7.895e-05 7.171e-04 -1.000 1.629e-03 -0.436 0.188 0.738 0.862 0.919 0.999 1.183 1.237 1.280
0.0015467 -1.00000 8.00000 2.9752202034 2.5949156996    2.975  2.154  4.1921  4.478    1  0.000  0.538     0.00     0.00     0.00     0.00     0.00 -1    -1e-30      0.00 7.470e-01 2.513e-01 2.892e-04 7.895e-05 7.171e-04 -1.000 1.629e-03 -0.615 0.041 0.611 0.740 0.800 0.883 1.073 1.129 1.174
0.0015467 -1.00000 8.00000 3.0000000000 2.5953341962    3.000  2.169  4.1940  4.474    1  0.000  0.538     0.00     0.00     0.00     0.00     0.00 -1    -1e-30      0.00 7.470e-01 2.513e-01 2.892e-04 7.895e-05 7.171e-04 -1.000 1.629e-03 -0.653 0.010 0.583 0.714 0.774 0.858 1.049 1.106 1.151
0.0015467 -1.00000 8.00000 3.0835759640 2.5966888187    3.083  2.219  4.2003  4.461    1  0.000  0.538     0.00     0.00     0.00     0.00     0.00 -1    -1e-30      0.00 7.470e-01 2.513e-01 2.892e-04 7.895e-05 7.171e-04 -1.000 1.629e-03 -0.778 -0.094 0.493 0.627 0.688 0.774 0.970 1.028 1.074
0.0015467 -1.00000 8.00000 3.1827435493 2.5981904982    3.182  2.278  4.2073  4.444    1  0.000  0.538     0.00     0.00     0.00     0.00     0.00 -1    -1e-30      0.00 7.470e-01 2.513e-01 2.892e-04 7.895e-05 7.171e-04 -1.000 1.629e-03 -0.925 -0.218 0.384 0.522 0.585 0.672 0.873 0.933 0.980
0.0015467 -1.00000 8.00000 3.2000000477 2.5984409005    3.199  2.288  4.2084  4.441    1  0.000  0.538     0.00     0.00     0.00     0.00     0.00 -1    -1e-30      0.00 7.470e-01 2.513e-01 2.892e-04 7.895e-05 7.171e-04 -1.000 1.629e-03 -0.950 -0.239 0.365 0.503 0.567 0.655 0.856 0.916 0.964
0.0015467 -1.00000 8.00000 3.2662599087 2.5993741649    3.265  2.326  4.2129  4.429    1  0.000  0.538     0.00     0.00     0.00     0.00     0.00 -1    -1e-30      0.00 7.470e-01 2.513e-01 2.892e-04 7.895e-05 7.171e-04 -1.000 1.629e-03 -1.045 -0.320 0.293 0.434 0.499 0.588 0.793 0.853 0.902
0.0015467 -1.00000 8.00000 3.4000000954 2.6011310876    3.398  2.403  4.2212  4.404    1  0.000  0.538     0.00     0.00     0.00     0.00     0.00 -1    -1e-30      0.00 7.470e-01 2.513e-01 2.892e-04 7.895e-05 7.171e-04 -1.000 1.629e-03 -1.236 -0.482 0.148 0.293 0.360 0.452 0.662 0.724 0.774
0.0015467 -1.00000 8.00000 3.4225699902 2.6014120537    3.421  2.415  4.2225  4.399    1  0.000  0.538     0.00     0.00     0.00     0.00     0.00 -1    -1e-30      0.00 7.470e-01 2.513e-01 2.892e-04 7.895e-05 7.171e-04 -1.000 1.629e-03 -1.268 -0.509 0.123 0.270 0.337 0.429 0.640 0.702 0.753
0.0015467 -1.00000 8.00000 3.5749747753 2.6032030015    3.572  2.500  4.2307  4.366    1  0.000  0.538     0.00     0.00     0.00     0.00     0.00 -1    -1e-30      0.00 7.470e-01 2.513e-01 2.892e-04 7.895e-05 7.171e-04 -1.000 1.629e-03 -1.480 -0.694 -0.045 0.107 0.175 0.270 0.486 0.551 0.603
0.0015467 -1.00000 8.00000 3.5999999046 2.6034804580    3.598  2.514  4.2319  4.360    1  0.000  0.538     0.00     0.00     0.00     0.00     0.00 -1    -1e-30      0.00 7.470e-01 2.513e-01 2.892e-04 7.895e-05 7.171e-04 -1.000 1.629e-03 -1.514 -0.724 -0.072 0.079 0.149 0.243 0.461 0.525 0.577
0.0015467 -1.00000 8.00000 3.6179332733 2.6036765747    3.616  2.524  4.2328  4.356    1  0.000  0.538     0.00     0.00     0.00     0.00     0.00 -1    -1e-30      0.00 7.470e-01 2.513e-01 2.892e-04 7.895e-05 7.171e-04 -1.000 1.629e-03 -1.539 -0.746 -0.092 0.060 0.129 0.225 0.442 0.507 0.560
0.0015467 -1.00000 8.00000 3.7382595539 2.6049366721    3.736  2.590  4.2379  4.324    1  0.000  0.538     0.00     0.00     0.00     0.00     0.00 -1    -1e-30      0.00 7.470e-01 2.513e-01 2.892e-04 7.895e-05 7.171e-04 -1.000 1.629e-03 -1.706 -0.896 -0.232 -0.076 -0.006 0.091 0.312 0.378 0.431
0.0015467 -1.00000 8.00000 3.8000001907 2.6055477311    3.798  2.624  4.2402  4.306    1  0.000  0.538     0.00     0.00     0.00     0.00     0.00 -1    -1e-30      0.00 7.470e-01 2.513e-01 2.892e-04 7.895e-05 7.171e-04 -1.000 1.629e-03 -1.791 -0.974 -0.305 -0.148 -0.077 0.020 0.243 0.309 0.363
0.0015467 -1.00000 8.00000 3.8758778572 2.6062681280    3.875  2.666  4.2427  4.283    1  0.000  0.538     0.00     0.00     0.00     0.00     0.00 -1    -1e-30      0.00 7.470e-01 2.513e-01 2.892e-04 7.895e-05 7.171e-04 -1.000 1.629e-03 -1.895 -1.070 -0.396 -0.237 -0.166 -0.068 0.157 0.223 0.277
0.0015467 -1.00000 8.00000 3.9628775120 2.6070552021    3.963  2.714  4.2451  4.254    1  0.000  0.538     0.00     0.00     0.00     0.00     0.00 -1    -1e-30      0.00 7.470e-01 2.513e-01 2.892e-04 7.895e-05 7.171e-04 -1.000 1.629e-03 -2.014 -1.183 -0.503 -0.343 -0.271 -0.172 0.054 0.121 0.175
0.0015467 -1.00000 8.00000 4.0000000000 2.6073790840    4.001  2.734  4.2458  4.241    1  0.000  0.538     0.00     0.00     0.00     0.00     0.00 -1    -1e-30      0.00 7.470e-01 2.513e-01 2.892e-04 7.895e-05 7.171e-04 -1.000 1.629e-03 -2.066 -1.232 -0.551 -0.390 -0.318 -0.219 0.007 0.074 0.129
0.0015467 -1.00000 8.00000 4.0530962944 2.6078304950    4.053  2.764  4.2466  4.221    1  0.000  0.538     0.00     0.00     0.00     0.00     0.00 -1    -1e-30      0.00 7.470e-01 2.513e-01 2.892e-04 7.895e-05 7.171e-04 -1.000 1.629e-03 -2.140 -1.304 -0.621 -0.459 -0.387 -0.287 -0.060 0.007 0.062
0.0015467 -1.00000 8.00000 4.1270585060 2.6084370945    4.126  2.805  4.2472  4.189    1  0.000  0.538     0.00     0.00     0.00     0.00     0.00 -1    -1e-30      0.00 7.470e-01 2.513e-01 2.892e-04 7.895e-05 7.171e-04 -1.000 1.629e-03 -2.243 -1.407 -0.722 -0.559 -0.487 -0.388 -0.160 -0.093 -0.038
0.0015467 -1.00000 8.00000 4.1999998093 2.6090113217    4.198  2.846  4.2471  4.155    1  0.000  0.538     0.00     0.00     0.00     0.00     0.00 -1    -1e-30      0.00 7.470e-01 2.513e-01 2.892e-04 7.895e-05 7.171e-04 -1.000 1.629e-03 -2.346 -1.513 -0.827 -0.663 -0.591 -0.492 -0.265 -0.197 -0.142
0.0015467 -1.00000 8.00000 4.2273187637 2.6092205319    4.225  2.862  4.2469  4.142    1  0.000  0.538     0.00     0.00     0.00     0.00     0.00 -1    -1e-30      0.00 7.470e-01 2.513e-01 2.892e-04 7.895e-05 7.171e-04 -1.000 1.629e-03 -2.385 -1.552 -0.866 -0.702 -0.631 -0.531 -0.304 -0.237 -0.182
0.0015467 -1.00000 8.00000 4.3107404709 2.6098405498    4.308  2.910  4.2453  4.096    1  0.000  0.538     0.00     0.00     0.00     0.00     0.00 -1    -1e-30      0.00 7.470e-01 2.513e-01 2.892e-04 7.895e-05 7.171e-04 -1.000 1.629e-03 -2.505 -1.681 -0.996 -0.833 -0.761 -0.663 -0.436 -0.369 -0.314
0.0015467 -1.00000 8.00000 4.3802542686 2.6103365080    4.377  2.951  4.2428  4.051    1  0.000  0.538     0.00     0.00     0.00     0.00     0.00 -1    -1e-30      0.00 7.470e-01 2.513e-01 2.892e-04 7.895e-05 7.171e-04 -1.000 1.629e-03 -2.608 -1.796 -1.115 -0.951 -0.881 -0.783 -0.558 -0.492 -0.437
0.0015467 -1.00000 8.00000 4.4000000954 2.6104741055    4.397  2.963  4.2418  4.037    1  0.000  0.538     0.00     0.00     0.00     0.00     0.00 -1    -1e-30      0.00 7.470e-01 2.513e-01 2.892e-04 7.895e-05 7.171e-04 -1.000 1.629e-03 -2.637 -1.830 -1.150 -0.986 -0.916 -0.819 -0.595 -0.529 -0.474
0.0015467 -1.00000 8.00000 4.4259033203 2.6106524711    4.423  2.978  4.2406  4.020    1  0.000  0.538     0.00     0.00     0.00     0.00     0.00 -1    -1e-30      0.00 7.470e-01 2.513e-01 2.892e-04 7.895e-05 7.171e-04 -1.000 1.629e-03 -2.676 -1.873 -1.195 -1.032 -0.962 -0.865 -0.642 -0.576 -0.522
0.0015467 -1.00000 8.00000 4.4992427826 2.6111446900    4.496  3.023  4.2355  3.962    1  0.000  0.538     0.00     0.00     0.00     0.00     0.00 -1    -1e-30      0.00 7.470e-01 2.513e-01 2.892e-04 7.895e-05 7.171e-04 -1.000 1.629e-03 -2.787 -2.007 -1.336 -1.174 -1.105 -1.010 -0.790 -0.725 -0.672
0.0015467 -1.00000 8.00000 4.5632338524 2.6115593362    4.560  3.063  4.2290  3.901    1  0.000  0.538     0.00     0.00     0.00     0.00     0.00 -1    -1e-30      0.00 7.470e-01 2.513e-01 2.892e-04 7.895e-05 7.171e-04 -1.000 1.629e-03 -2.889 -2.136 -1.475 -1.315 -1.249 -1.156 -0.939 -0.876 -0.824
0.0015467 -1.00000 8.00000 4.5999999046 2.6117915791    4.597  3.087  4.2246  3.863    1  0.000  0.538     0.00     0.00     0.00     0.00     0.00 -1    -1e-30      0.00 7.470e-01 2.513e-01 2.892e-04 7.895e-05 7.171e-04 -1.000 1.629e-03 -2.948 -2.215 -1.559 -1.402 -1.336 -1.245 -1.031 -0.969 -0.918
0.0015467 -1.00000 8.00000 4.6219983101 2.6119285081    4.620  3.102  4.2219  3.840    1  0.000  0.538     0.00     0.00     0.00     0.00     0.00 -1    -1e-30      0.00 7.470e-01 2.513e-01 2.892e-04 7.895e-05 7.171e-04 -1.000 1.629e-03 -2.984 -2.262 -1.610 -1.454 -1.389 -1.299 -1.087 -1.025 -0.974
0.0015467 -1.00000 8.00000 4.6710000038 2.6122281942    4.669  3.137  4.2152  3.783    1  0.000  0.538     0.00     0.00     0.00     0.00     0.00 -1    -1e-30      0.00 7.470e-01 2.513e-01 2.892e-04 7.895e-05 7.171e-04 -1.000 1.629e-03 -3.071 -2.376 -1.735 -1.581 -1.518 -1.430 -1.223 -1.163 -1.113
0.0015467 -1.00000 8.00000 4.7016539574 2.6124120203    4.699  3.160  4.2126  3.753    1  0.000  0.538     0.00     0.00     0.00     0.00     0.00 -1    -1e-30      0.00 7.470e-01 2.513e-01 2.892e-04 7.895e-05 7.171e-04 -1.000 1.629e-03 -3.130 -2.446 -1.808 -1.655 -1.593 -1.506 -1.300 -1.241 -1.191
0.0015467 -1.00000 8.00000 4.7095880508 2.6124591515    4.707  3.168  4.2156  3.757    1  0.000  0.538     0.00     0.00     0.00     0.00     0.00 -1    -1e-30      0.00 7.470e-01 2.513e-01 2.892e-04 7.895e-05 7.171e-04 -1.000 1.629e-03 -3.150 -2.455 -1.812 -1.657 -1.594 -1.506 -1.299 -1.239 -1.188
0.0015467 -1.00000 8.00000 4.7274980545 2.6125648745    4.725  3.190  4.2280  3.786    1  0.000  0.538     0.00     0.00     0.00     0.00     0.00 -1    -1e-30      0.00 7.470e-01 2.513e-01 2.892e-04 7.895e-05 7.171e-04 -1.000 1.629e-03 -3.206 -2.465 -1.800 -1.640 -1.574 -1.481 -1.265 -1.203 -1.150
0.0015467 -1.00000 8.00000 4.7319641113 2.6125910943    4.730  3.203  4.2384  3.816    1  0.000  0.538     0.00     0.00     0.00     0.00     0.00 -1    -1e-30      0.00 7.470e-01 2.513e-01 2.892e-04 7.895e-05 7.171e-04 -1.000 1.629e-03 -3.237 -2.457 -1.774 -1.609 -1.540 -1.445 -1.222 -1.157 -1.103
0.0015467 -1.00000 8.00000 4.7338080406 2.6126019033    4.731  3.217  4.2489  3.844    1  0.000  0.538     0.00     0.00     0.00     0.00     0.00 -1    -1e-30      0.00 7.470e-01 2.513e-01 2.892e-04 7.895e-05 7.171e-04 -1.000 1.629e-03 -3.271 -2.452 -1.750 -1.581 -1.509 -1.410 -1.181 -1.113 -1.057
0.0015467 -1.00000 8.00000 4.7346963882 2.6126071073    4.732  3.231  4.2579  3.866    1  0.000  0.538     0.00     0.00     0.00     0.00     0.00 -1    -1e-30      0.00 7.470e-01 2.513e-01 2.892e-04 7.895e-05 7.171e-04 -1.000 1.629e-03 -3.306 -2.453 -1.736 -1.562 -1.489 -1.387 -1.152 -1.082 -1.025
0.0015467 -1.00000 8.00000 4.7351970673 2.6126100393    4.733  3.241  4.2641  3.881    1  0.000  0.538     0.00     0.00     0.00     0.00     0.00 -1    -1e-30      0.00 7.470e-01 2.513e-01 2.892e-04 7.895e-05 7.171e-04 -1.000 1.629e-03 -3.332 -2.455 -1.728 -1.552 -1.477 -1.373 -1.134 -1.063 -1.004
0.0015467 -1.00000 8.00000 4.7353658676 2.6126110276    4.733  3.228  4.2596  3.875    2  0.000  0.538     0.00     0.00     0.00     0.00     0.00 -1    -1e-30      0.00 7.470e-01 2.513e-01 2.892e-04 7.895e-05 7.171e-04 -1.000 1.629e-03 -3.301 -2.441 -1.721 -1.547 -1.473 -1.370 -1.134 -1.064 -1.007
0.0015467 -1.00000 8.00000 4.7356104851 2.6126124597    4.733  3.211  4.2508  3.857    2  0.000  0.538     0.00     0.00     0.00     0.00     0.00 -1    -1e-30      0.00 7.470e-01 2.513e-01 2.892e-04 7.895e-05 7.171e-04 -1.000 1.629e-03 -3.258 -2.431 -1.727 -1.556 -1.485 -1.385 -1.154 -1.086 -1.030
0.0015467 -1.00000 8.00000 4.7358546257 2.6126138889    4.733  3.205  4.2396  3.819    2  0.000  0.538     0.00     0.00     0.00     0.00     0.00 -1    -1e-30      0.00 7.470e-01 2.513e-01 2.892e-04 7.895e-05 7.171e-04 -1.000 1.629e-03 -3.242 -2.458 -1.773 -1.607 -1.538 -1.442 -1.219 -1.154 -1.099
0.0015467 -1.00000 8.00000 4.7361087799 2.6126153765    4.734  3.214  4.2281  3.764    2  0.000  0.538     0.00     0.00     0.00     0.00     0.00 -1    -1e-30      0.00 7.470e-01 2.513e-01 2.892e-04 7.895e-05 7.171e-04 -1.000 1.629e-03 -3.265 -2.525 -1.859 -1.698 -1.632 -1.540 -1.324 -1.261 -1.209
0.0015467 -1.00000 8.00000 4.7363944054 2.6126170481    4.734  3.231  4.2164  3.700    2  0.000  0.538     0.00     0.00     0.00     0.00     0.00 -1    -1e-30      0.00 7.470e-01 2.513e-01 2.892e-04 7.895e-05 7.171e-04 -1.000 1.629e-03 -3.307 -2.614 -1.966 -1.810 -1.748 -1.659 -1.451 -1.391 -1.340
0.0015467 -1.00000 8.00000 4.7367029190 2.6126188533    4.734  3.247  4.2047  3.637    2  0.000  0.538     0.00     0.00     0.00     0.00     0.00 -1    -1e-30      0.00 7.470e-01 2.513e-01 2.892e-04 7.895e-05 7.171e-04 -1.000 1.629e-03 -3.348 -2.700 -2.072 -1.921 -1.861 -1.777 -1.577 -1.519 -1.470
0.0015467 -1.00000 8.00000 4.7370247841 2.6126207364    4.735  3.260  4.1929  3.577    2  0.000  0.538     0.00     0.00     0.00     0.00     0.00 -1    -1e-30      0.00 7.470e-01 2.513e-01 2.892e-04 7.895e-05 7.171e-04 -1.000 1.629e-03 -3.380 -2.776 -2.169 -2.022 -1.966 -1.886 -1.693 -1.639 -1.592
0.0015467 -1.00000 8.00000 4.7373552322 2.6126226694    4.735  3.270  4.1812  3.520    2  0.000  0.538     0.00     0.00     0.00     0.00     0.00 -1    -1e-30      0.00 7.470e-01 2.513e-01 2.892e-04 7.895e-05 7.171e-04 -1.000 1.629e-03 -3.404 -2.844 -2.258 -2.116 -2.063 -1.987 -1.803 -1.751 -1.706
0.0015467 -1.00000 8.00000 4.7376894951 2.6126246245    4.735  3.277  4.1693  3.466    2  0.000  0.538     0.00     0.00     0.00     0.00     0.00 -1    -1e-30      0.00 7.470e-01 2.513e-01 2.892e-04 7.895e-05 7.171e-04 -1.000 1.629e-03 -3.423 -2.906 -2.341 -2.204 -2.155 -2.083 -1.907 -1.858 -1.815
0.0015467 -1.00000 8.00000 4.7380228043 2.6126265736    4.736  3.283  4.1575  3.412    2  0.000  0.538     0.00     0.00     0.00     0.00     0.00 -1    -1e-30      0.00 7.470e-01 2.513e-01 2.892e-04 7.895e-05 7.171e-04 -1.000 1.629e-03 -3.438 -2.963 -2.420 -2.288 -2.242 -2.175 -2.007 -1.961 -1.920
0.0015467 -1.00000 8.00000 4.7383508682 2.6126284917    4.736  3.288  4.1456  3.360    2  0.000  0.538     0.00     0.00     0.00     0.00     0.00 -1    -1e-30      0.00 7.470e-01 2.513e-01 2.892e-04 7.895e-05 7.171e-04 -1.000 1.629e-03 -3.450 -3.017 -2.495 -2.370 -2.327 -2.264 -2.105 -2.062 -2.023
0.0015467 -1.00000 8.00000 4.7386703491 2.6126303594    4.736  3.292  4.1336  3.309    2  0.000  0.538     0.00     0.00     0.00     0.00     0.00 -1    -1e-30      0.00 7.470e-01 2.513e-01 2.892e-04 7.895e-05 7.171e-04 -1.000 1.629e-03 -3.459 -3.066 -2.568 -2.448 -2.408 -2.350 -2.200 -2.160 -2.123
0.0015467 -1.00000 8.00000 4.7389779091 2.6126321571    4.737  3.294  4.1217  3.258    2  0.000  0.538     0.00     0.00     0.00     0.00     0.00 -1    -1e-30      0.00 7.470e-01 2.513e-01 2.892e-04 7.895e-05 7.171e-04 -1.000 1.629e-03 -3.466 -3.112 -2.638 -2.523 -2.487 -2.434 -2.292 -2.256 -2.221
0.0015467 -1.00000 8.00000 4.7392725945 2.6126338793    4.737  3.297  4.1097  3.208    2  0.000  0.538     0.00     0.00     0.00     0.00     0.00 -1    -1e-30      0.00 7.470e-01 2.513e-01 2.892e-04 7.895e-05 7.171e-04 -1.000 1.629e-03 -3.471 -3.156 -2.706 -2.597 -2.564 -2.515 -2.383 -2.350 -2.317
0.0015467 -1.00000 8.00000 4.7395520210 2.6126355121    4.737  3.298  4.0978  3.158    2  0.000  0.538     0.00     0.00     0.00     0.00     0.00 -1    -1e-30      0.00 7.470e-01 2.513e-01 2.892e-04 7.895e-05 7.171e-04 -1.000 1.629e-03 -3.475 -3.195 -2.772 -2.668 -2.638 -2.594 -2.472 -2.442 -2.411
0.0015467 -1.00000 8.00000 4.7398166656 2.6126370583    4.737  3.299  4.0858  3.109    2  0.000  0.538     0.00     0.00     0.00     0.00     0.00 -1    -1e-30      0.00 7.470e-01 2.513e-01 2.892e-04 7.895e-05 7.171e-04 -1.000 1.629e-03 -3.478 -3.231 -2.835 -2.737 -2.711 -2.672 -2.559 -2.532 -2.503
0.0015467 -1.00000 8.00000 4.7400660515 2.6126385152    4.738  3.300  4.0738  3.061    2  0.000  0.538     0.00     0.00     0.00     0.00     0.00 -1    -1e-30      0.00 7.470e-01 2.513e-01 2.892e-04 7.895e-05 7.171e-04 -1.000 1.629e-03 -3.479 -3.263 -2.897 -2.804 -2.781 -2.747 -2.645 -2.621 -2.594
0.0015467 -1.00000 8.00000 4.7403001785 2.6126398827    4.738  3.300  4.0617  3.013    2  0.000  0.538     0.00     0.00     0.00     0.00     0.00 -1    -1e-30      0.00 7.470e-01 2.513e-01 2.892e-04 7.895e-05 7.171e-04 -1.000 1.629e-03 -3.479 -3.293 -2.956 -2.869 -2.849 -2.820 -2.729 -2.709 -2.684
0.0015467 -1.00000 8.00000 4.7405209541 2.6126411722    4.738  3.299  4.0498  2.965    2  0.000  0.538     0.00     0.00     0.00     0.00     0.00 -1    -1e-30      0.00 7.470e-01 2.513e-01 2.892e-04 7.895e-05 7.171e-04 -1.000 1.629e-03 -3.479 -3.319 -3.013 -2.931 -2.915 -2.891 -2.811 -2.795 -2.772
0.0015467 -1.00000 8.00000 4.7407269478 2.6126423752    4.738  3.299  4.0377  2.918    2  0.000  0.538     0.00     0.00     0.00     0.00     0.00 -1    -1e-30      0.00 7.470e-01 2.513e-01 2.892e-04 7.895e-05 7.171e-04 -1.000 1.629e-03 -3.477 -3.342 -3.068 -2.992 -2.979 -2.960 -2.892 -2.880 -2.860
0.0015467 -1.00000 8.00000 4.7409200668 2.6126435029    4.739  3.298  4.0257  2.871    2  0.000  0.538     0.00     0.00     0.00     0.00     0.00 -1    -1e-30      0.00 7.470e-01 2.513e-01 2.892e-04 7.895e-05 7.171e-04 -1.000 1.629e-03 -3.475 -3.361 -3.120 -3.050 -3.041 -3.028 -2.972 -2.964 -2.946
0.0015467 -1.00000 8.00000 4.7411012650 2.6126445609    4.739  3.297  4.0136  2.824    2  0.000  0.538     0.00     0.00     0.00     0.00     0.00 -1    -1e-30      0.00 7.470e-01 2.513e-01 2.892e-04 7.895e-05 7.171e-04 -1.000 1.629e-03 -3.471 -3.376 -3.170 -3.107 -3.102 -3.094 -3.051 -3.046 -3.031
0.0015467 -1.00000 8.00000 4.7412705421 2.6126455492    4.739  3.295  4.0016  2.777    2  0.000  0.538     0.00     0.00     0.00     0.00     0.00 -1    -1e-30      0.00 7.470e-01 2.513e-01 2.892e-04 7.895e-05 7.171e-04 -1.000 1.629e-03 -3.467 -3.388 -3.218 -3.162 -3.160 -3.158 -3.129 -3.128 -3.116
0.0015467 -1.00000 8.00000 4.7414298058 2.6126464789    4.739  3.293  3.9895  2.731    2  0.000  0.538     0.00     0.00     0.00     0.00     0.00 -1    -1e-30      0.00 7.470e-01 2.513e-01 2.892e-04 7.895e-05 7.171e-04 -1.000 1.629e-03 -3.463 -3.394 -3.263 -3.214 -3.215 -3.219 -3.205 -3.209 -3.199
0.0015467 -1.00000 8.00000 4.7415785789 2.6126473474    4.739  3.291  3.9774  2.684    2  0.000  0.538     0.00     0.00     0.00     0.00     0.00 -1    -1e-30      0.00 7.470e-01 2.513e-01 2.892e-04 7.895e-05 7.171e-04 -1.000 1.629e-03 -3.457 -3.394 -3.304 -3.263 -3.268 -3.278 -3.280 -3.288 -3.282
0.0015467 -1.00000 8.00000 4.7417187691 2.6126481657    4.739  3.289  3.9653  2.638    2  0.000  0.538     0.00     0.00     0.00     0.00     0.00 -1    -1e-30      0.00 7.470e-01 2.513e-01 2.892e-04 7.895e-05 7.171e-04 -1.000 1.629e-03 -3.452 -3.389 -3.340 -3.308 -3.318 -3.335 -3.353 -3.367 -3.364
0.0015467 -1.00000 8.00000 4.7418498993 2.6126489310    4.740  3.286  3.9532  2.592    2  0.000  0.538     0.00     0.00     0.00     0.00     0.00 -1    -1e-30      0.00 7.470e-01 2.513e-01 2.892e-04 7.895e-05 7.171e-04 -1.000 1.629e-03 -3.445 -3.379 -3.371 -3.349 -3.365 -3.390 -3.426 -3.445 -3.446
0.0015467 -1.00000 8.00000 4.7419729233 2.6126496490    4.740  3.283  3.9411  2.547    2  0.000  0.538     0.00     0.00     0.00     0.00     0.00 -1    -1e-30      0.00 7.470e-01 2.513e-01 2.892e-04 7.895e-05 7.171e-04 -1.000 1.629e-03 -3.438 -3.363 -3.396 -3.386 -3.408 -3.442 -3.496 -3.523 -3.527
0.0015467 -1.00000 8.00000 4.7420883179 2.6126503225    4.740  3.280  3.9289  2.501    2  0.000  0.538     0.00     0.00     0.00     0.00     0.00 -1    -1e-30      0.00 7.470e-01 2.513e-01 2.892e-04 7.895e-05 7.171e-04 -1.000 1.629e-03 -3.430 -3.340 -3.411 -3.416 -3.448 -3.492 -3.566 -3.601 -3.609
0.0015467 -1.00000 8.00000 4.7421965599 2.6126509541    4.740  3.277  3.9168  2.456    2  0.000  0.538     0.00     0.00     0.00     0.00     0.00 -1    -1e-30      0.00 7.470e-01 2.513e-01 2.892e-04 7.895e-05 7.171e-04 -1.000 1.629e-03 -3.422 -3.312 -3.412 -3.437 -3.481 -3.539 -3.634 -3.679 -3.691
0.0015467 -1.00000 8.00000 4.7422981262 2.6126515468    4.740  3.274  3.9047  2.411    2  0.000  0.538     0.00     0.00     0.00     0.00     0.00 -1    -1e-30      0.00 7.470e-01 2.513e-01 2.892e-04 7.895e-05 7.171e-04 -1.000 1.629e-03 -3.414 -3.279 -3.404 -3.451 -3.510 -3.583 -3.700 -3.758 -3.772
0.0015467 -1.00000 8.00000 4.7423925400 2.6126520977    4.740  3.270  3.8926  2.366    2  0.000  0.538     0.00     0.00     0.00     0.00     0.00 -1    -1e-30      0.00 7.470e-01 2.513e-01 2.892e-04 7.895e-05 7.171e-04 -1.000 1.629e-03 -3.405 -3.241 -3.385 -3.458 -3.534 -3.625 -3.764 -3.837 -3.854
0.0015467 -1.00000 8.00000 4.7424821854 2.6126526208    4.740  3.266  3.8804  2.321    2  0.000  0.538     0.00     0.00     0.00     0.00     0.00 -1    -1e-30      0.00 7.470e-01 2.513e-01 2.892e-04 7.895e-05 7.171e-04 -1.000 1.629e-03 -3.396 -3.200 -3.351 -3.455 -3.553 -3.663 -3.827 -3.917 -3.936
0.0015467 -1.00000 8.00000 4.7425656319 2.6126531076    4.740  3.262  3.8683  2.276    2  0.000  0.538     0.00     0.00     0.00     0.00     0.00 -1    -1e-30      0.00 7.470e-01 2.513e-01 2.892e-04 7.895e-05 7.171e-04 -1.000 1.629e-03 -3.386 -3.156 -3.306 -3.448 -3.569 -3.700 -3.889 -3.998 -4.019
0.0015467 -1.00000 8.00000 4.7426443100 2.6126535667    4.740  3.258  3.8561  2.232    2  0.000  0.538     0.00     0.00     0.00     0.00     0.00 -1    -1e-30      0.00 7.470e-01 2.513e-01 2.892e-04 7.895e-05 7.171e-04 -1.000 1.629e-03 -3.376 -3.109 -3.253 -3.435 -3.581 -3.735 -3.949 -4.079 -4.102
0.0015467 -1.00000 8.00000 4.7427182198 2.6126539979    4.740  3.254  3.8439  2.187    2  0.000  0.538     0.00     0.00     0.00     0.00     0.00 -1    -1e-30      0.00 7.470e-01 2.513e-01 2.892e-04 7.895e-05 7.171e-04 -1.000 1.629e-03 -3.365 -3.060 -3.192 -3.417 -3.590 -3.766 -4.007 -4.160 -4.185
0.0015467 -1.00000 8.00000 4.7427878380 2.6126544040    4.740  3.250  3.8317  2.143    2  0.000  0.538     0.00     0.00     0.00     0.00     0.00 -1    -1e-30      0.00 7.470e-01 2.513e-01 2.892e-04 7.895e-05 7.171e-04 -1.000 1.629e-03 -3.355 -3.009 -3.128 -3.396 -3.596 -3.796 -4.064 -4.241 -4.268
0.0015467 -1.00000 8.00000 4.7428536415 2.6126547879    4.741  3.245  3.8196  2.099    2  0.000  0.538     0.00     0.00     0.00     0.00     0.00 -1    -1e-30      0.00 7.470e-01 2.513e-01 2.892e-04 7.895e-05 7.171e-04 -1.000 1.629e-03 -3.344 -2.954 -3.062 -3.370 -3.597 -3.820 -4.117 -4.321 -4.350
0.0015467 -1.00000 8.00000 4.7429161072 2.6126551523    4.741  3.241  3.8074  2.054    2  0.000  0.538     0.00     0.00     0.00     0.00     0.00 -1    -1e-30      0.00 7.470e-01 2.513e-01 2.892e-04 7.895e-05 7.171e-04 -1.000 1.629e-03 -3.332 -2.894 -2.989 -3.341 -3.595 -3.842 -4.168 -4.399 -4.431
0.0015467 -1.00000 8.00000 4.7429752350 2.6126554972    4.741  3.236  3.7952  2.011    2  0.000  0.538     0.00     0.00     0.00     0.00     0.00 -1    -1e-30      0.00 7.470e-01 2.513e-01 2.892e-04 7.895e-05 7.171e-04 -1.000 1.629e-03 -3.320 -2.830 -2.910 -3.306 -3.589 -3.860 -4.217 -4.475 -4.511
0.0015467 -1.00000 8.00000 4.7430319786 2.6126558282    4.741  3.231  3.7830  1.967    2  0.000  0.538     0.00     0.00     0.00     0.00     0.00 -1    -1e-30      0.00 7.470e-01 2.513e-01 2.892e-04 7.895e-05 7.171e-04 -1.000 1.629e-03 -3.308 -2.759 -2.829 -3.270 -3.580 -3.875 -4.262 -4.549 -4.589
0.0015467 -1.00000 8.00000 4.7430872917 2.6126561509    4.741  3.226  3.7709  1.924    2  0.000  0.538     0.00     0.00     0.00     0.00     0.00 -1    -1e-30      0.00 7.470e-01 2.513e-01 2.892e-04 7.895e-05 7.171e-04 -1.000 1.629e-03 -3.294 -2.670 -2.742 -3.231 -3.569 -3.887 -4.306 -4.625 -4.668
0.0015467 -1.00000 8.00000 4.7431435585 2.6126564791    4.741  3.219  3.7589  1.882    2  0.000  0.538     0.00     0.00     0.00     0.00     0.00 -1    -1e-30      0.00 7.470e-01 2.513e-01 2.892e-04 7.895e-05 7.171e-04 -1.000 1.629e-03 -3.279 -2.574 -2.650 -3.188 -3.552 -3.894 -4.346 -4.695 -4.743
0.0015467 -1.00000 8.00000 4.7432122231 2.6126568796    4.741  3.211  3.7458  1.838    2  0.000  0.538     0.00     0.00     0.00     0.00     0.00 -1    -1e-30      0.00 7.470e-01 2.513e-01 2.892e-04 7.895e-05 7.171e-04 -1.000 1.629e-03 -3.257 -2.452 -2.541 -3.135 -3.528 -3.894 -4.381 -4.763 -4.817
0.0015467 -1.00000 8.00000 4.7433013916 2.6126573996    4.741  3.198  3.7327  1.799    2  0.000  0.538     0.00     0.00     0.00     0.00     0.00 -1    -1e-30      0.00 7.470e-01 2.513e-01 2.892e-04 7.895e-05 7.171e-04 -1.000 1.629e-03 -3.225 -2.299 -2.417 -3.068 -3.489 -3.879 -4.404 -4.821 -4.880
0.0015467 -1.00000 8.00000 4.7434430122 2.6126582256    4.741  3.175  3.7198  1.770    2  0.000  0.538     0.00     0.00     0.00     0.00     0.00 -1    -1e-30      0.00 7.470e-01 2.513e-01 2.892e-04 7.895e-05 7.171e-04 -1.000 1.629e-03 -3.168 -2.100 -2.262 -2.973 -3.423 -3.837 -4.400 -4.851 -4.914
0.0015467 -1.00000 8.00000 4.7436223030 2.6126592712    4.741  3.154  3.7079  1.743    2  0.000  0.538     0.00     0.00     0.00     0.00     0.00 -1    -1e-30      0.00 7.470e-01 2.513e-01 2.892e-04 7.895e-05 7.171e-04 -1.000 1.629e-03 -3.116 -1.897 -2.113 -2.881 -3.358 -3.794 -4.394 -4.880 -4.946
0.0015467 -1.00000 8.00000 4.7436699867 2.6126595492    4.741  3.150  3.7048  1.736    2  0.000  0.538     0.00     0.00     0.00     0.00     0.00 -1    -1e-30      0.00 7.470e-01 2.513e-01 2.892e-04 7.895e-05 7.171e-04 -1.000 1.629e-03 -3.104 -1.844 -2.075 -2.858 -3.341 -3.783 -4.394 -4.888 -4.955
0.0015467 -1.00000 8.00000 4.7438082695 2.6126603556    4.741  3.177  3.6965  1.675    3  0.000  0.538     7.19     6.14     4.52     3.28     2.69  4    -1e-30      0.00 7.470e-01 2.513e-01 2.891e-04 7.896e-05 7.171e-04 -1.000 1.629e-03 -3.172 -1.786 -2.070 -2.895 -3.399 -3.857 -4.494 -5.012 -5.082
0.0015467 -1.00000 8.00000 4.7438931465 2.6126608505    4.742  3.206  3.6915  1.626    3  0.000  0.535     7.97     6.71     4.91     3.57     2.93  4    -1e-30      0.00 7.470e-01 2.513e-01 2.878e-04 7.942e-05 7.171e-04 -1.000 1.642e-03 -3.244 -1.775 -2.095 -2.946 -3.462 -3.930 -4.584 -5.117 -5.188
0.0015467 -1.00000 8.00000 4.7439808846 2.6126613620    4.742  3.242  3.6867  1.571    3  0.000  0.525     8.95     7.41     5.40     3.93     3.22  4    -1e-30      0.00 7.470e-01 2.514e-01 2.818e-04 8.276e-05 7.171e-04 -1.000 1.641e-03 -3.334 -1.780 -2.138 -3.016 -3.544 -4.021 -4.692 -5.240 -5.313
0.0015467 -1.00000 8.00000 4.7440242767 2.6126616150    4.742  3.260  3.6846  1.545    3  0.000  0.515     9.47     7.77     5.66     4.12     3.38  4    -1e-30      0.00 7.469e-01 2.514e-01 2.764e-04 8.656e-05 7.171e-04 -1.000 1.629e-03 -3.379 -1.779 -2.159 -3.052 -3.585 -4.067 -4.745 -5.299 -5.372
0.0015467 -1.00000 8.00000 4.7440967560 2.6126620376    4.742  3.285  3.6819  1.509    3  0.000  0.483    10.22     8.30     6.02     4.38     3.60  4    -1e-30      0.00 7.469e-01 2.514e-01 2.590e-04 1.057e-04 7.171e-04 -1.000 1.629e-03 -3.442 -1.777 -2.189 -3.105 -3.646 -4.132 -4.819 -5.380 -5.453
0.0015467 -1.00000 8.00000 4.7441449165 2.6126623184    4.742  3.299  3.6804  1.489    3  0.000  0.460    10.66     8.60     6.23     4.54     3.73  4    -1e-30      0.00 7.468e-01 2.515e-01 2.470e-04 1.201e-04 7.171e-04 -1.000 1.675e-03 -3.478 -1.775 -2.206 -3.135 -3.681 -4.169 -4.861 -5.426 -5.499
0.0015467 -1.00000 8.00000 4.7442536354 2.6126629522    4.742  3.318  3.6784  1.462    3  0.000  0.435    11.28     9.03     6.53     4.76     3.91  4    -1e-30      0.00 7.468e-01 2.515e-01 2.340e-04 1.362e-04 7.170e-04 -1.000 1.658e-03 -3.525 -1.770 -2.227 -3.174 -3.726 -4.217 -4.915 -5.485 -5.558
0.0015467 -1.00000 8.00000 4.7445898056 2.6126649118    4.742  3.358  3.6743  1.405    3  0.000  0.390    12.73    10.01     7.20     5.26     4.32  4    -1e-30      0.00 7.467e-01 2.517e-01 2.099e-04 1.660e-04 7.169e-04 -1.000 1.651e-03 -3.626 -1.755 -2.271 -3.257 -3.822 -4.321 -5.033 -5.613 -5.687
0.0015467 -1.00000 8.00000 4.7450294495 2.6126674741    4.743  3.398  3.6705  1.350    3  0.000  0.360    14.29    11.05     7.92     5.79     4.76  4    -1e-30      0.00 7.465e-01 2.519e-01 1.932e-04 1.872e-04 7.159e-04 -1.000 1.640e-03 -3.725 -1.740 -2.313 -3.338 -3.916 -4.422 -5.147 -5.735 -5.810
0.0015467 -1.00000 8.00000 4.7454886436 2.6126701497    4.743  3.428  3.6677  1.309    3  0.000  0.346    15.58    11.90     8.49     6.22     5.11  4    -1e-30      0.00 7.462e-01 2.522e-01 1.846e-04 2.019e-04 7.110e-04 -1.000 1.629e-03 -3.799 -1.724 -2.343 -3.398 -3.986 -4.496 -5.232 -5.827 -5.902
0.0015467 -1.00000 8.00000 4.7467923164 2.6126777427    4.744  3.468  3.6643  1.255    3  0.000  0.338    17.47    13.12     9.32     6.84     5.62  4    -1e-30      0.00 7.446e-01 2.537e-01 1.766e-04 2.277e-04 6.927e-04 -1.000 1.646e-03 -3.900 -1.706 -2.386 -3.479 -4.080 -4.597 -5.346 -5.949 -6.025
0.0015467 -1.00000 8.00000 4.7633337975 2.6127736709    4.761  3.442  3.6682  1.299    4  0.000  0.338     0.00     0.00     0.00     0.00     0.00 -1    -1e-30      0.00 7.446e-01 2.537e-01 1.766e-04 2.275e-04 6.927e-04 -1.000 1.641e-03 -3.834 -1.768 -2.384 -3.435 -4.022 -4.532 -5.265 -5.859 -5.934
0.0015467 -1.00000 8.00000 4.7859692574 2.6129037048    4.784  3.414  3.6734  1.349    4  0.000  0.339     0.00     0.00     0.00     0.00     0.00 -1    -1e-30      0.00 7.447e-01 2.537e-01 1.767e-04 2.273e-04 6.928e-04 -1.000 1.633e-03 -3.766 -1.854 -2.393 -3.392 -3.961 -4.462 -5.177 -5.759 -5.832
0.0015467 -1.00000 8.00000 4.8000001907 2.6129836005    4.798  3.404  3.6769  1.375    4  0.000  0.339     0.00     0.00     0.00     0.00     0.00 -1    -1e-30      0.00 7.447e-01 2.537e-01 1.767e-04 2.272e-04 6.929e-04 -1.000 1.629e-03 -3.740 -1.924 -2.416 -3.382 -3.940 -4.434 -5.138 -5.711 -5.784
0.0015467 -1.00000 8.00000 4.8110179901 2.6130459632    4.809  3.395  3.6797  1.395    4  0.000  0.339     0.00     0.00     0.00     0.00     0.00 -1    -1e-30      0.00 7.447e-01 2.537e-01 1.768e-04 2.272e-04 6.929e-04 -1.000 1.629e-03 -3.719 -1.976 -2.431 -3.373 -3.922 -4.412 -5.107 -5.673 -5.745
0.0015467 -1.00000 8.00000 4.8200893402 2.6130970626    4.818  3.391  3.6821  1.411    4  0.000  0.339     0.00     0.00     0.00     0.00     0.00 -1    -1e-30      0.00 7.447e-01 2.537e-01 1.768e-04 2.271e-04 6.930e-04 -1.000 1.629e-03 -3.707 -2.022 -2.449 -3.370 -3.913 -4.398 -5.085 -5.645 -5.717
0.0015467 -1.00000 8.00000 4.8258976936 2.6131296654    4.824  3.398  3.6859  1.419    4  0.000  0.339     0.00     0.00     0.00     0.00     0.00 -1    -1e-30      0.00 7.447e-01 2.537e-01 1.768e-04 2.271e-04 6.930e-04 -1.000 1.629e-03 -3.726 -2.126 -2.514 -3.404 -3.936 -4.416 -5.090 -5.639 -5.711
0.0015467 -1.00000 8.00000 4.8326544762 2.6131674784    4.831  3.410  3.6915  1.430    5  0.000  0.339     0.00     0.00     0.00     0.00     0.00 -1    -1e-30      0.00 7.447e-01 2.536e-01 1.768e-04 2.270e-04 6.930e-04 -1.000 1.629e-03 -3.755 -2.245 -2.596 -3.459 -3.977 -4.446 -5.100 -5.632 -5.702
0.0015467 -1.00000 8.00000 4.8352184296 2.6131817952    4.833  3.418  3.6959  1.439    5  0.000  0.339     0.00     0.00     0.00     0.00     0.00 -1    -1e-30      0.00 7.447e-01 2.536e-01 1.768e-04 2.270e-04 6.930e-04 -1.000 1.629e-03 -3.776 -2.331 -2.658 -3.498 -4.006 -4.466 -5.105 -5.623 -5.693
0.0015467 -1.00000 8.00000 4.8367881775 2.6131905519    4.835  3.424  3.6999  1.450    5  0.000  0.339     0.00     0.00     0.00     0.00     0.00 -1    -1e-30      0.00 7.447e-01 2.536e-01 1.768e-04 2.270e-04 6.930e-04 -1.000 1.629e-03 -3.789 -2.405 -2.708 -3.528 -4.026 -4.478 -5.104 -5.611 -5.679
0.0015467 -1.00000 8.00000 4.8381438255 2.6131981090    4.836  3.428  3.7044  1.464    5  0.000  0.339     0.00     0.00     0.00     0.00     0.00 -1    -1e-30      0.00 7.447e-01 2.536e-01 1.768e-04 2.270e-04 6.931e-04 -1.000 1.629e-03 -3.800 -2.479 -2.758 -3.555 -4.042 -4.486 -5.098 -5.591 -5.658
0.0015467 -1.00000 8.00000 4.8392777443 2.6132044264    4.838  3.431  3.7089  1.479    5  0.000  0.339     0.00     0.00     0.00     0.00     0.00 -1    -1e-30      0.00 7.447e-01 2.536e-01 1.768e-04 2.270e-04 6.931e-04 -1.000 1.629e-03 -3.807 -2.550 -2.806 -3.580 -4.056 -4.491 -5.088 -5.569 -5.634
0.0015467 -1.00000 8.00000 4.8402986526 2.6132101112    4.839  3.434  3.7134  1.495    5  0.000  0.339     0.00     0.00     0.00     0.00     0.00 -1    -1e-30      0.00 7.447e-01 2.536e-01 1.768e-04 2.270e-04 6.931e-04 -1.000 1.629e-03 -3.814 -2.615 -2.851 -3.602 -4.068 -4.494 -5.078 -5.545 -5.610
0.0015467 -1.00000 8.00000 4.8413929939 2.6132162018    4.840  3.437  3.7186  1.512    5  0.000  0.339     0.00     0.00     0.00     0.00     0.00 -1    -1e-30      0.00 7.447e-01 2.536e-01 1.768e-04 2.270e-04 6.931e-04 -1.000 1.629e-03 -3.822 -2.691 -2.903 -3.628 -4.082 -4.498 -5.065 -5.518 -5.581
0.0015467 -1.00000 8.00000 4.8425421715 2.6132225943    4.841  3.441  3.7243  1.531    5  0.000  0.339     0.00     0.00     0.00     0.00     0.00 -1    -1e-30      0.00 7.447e-01 2.536e-01 1.768e-04 2.270e-04 6.931e-04 -1.000 1.629e-03 -3.832 -2.769 -2.959 -3.656 -4.097 -4.502 -5.052 -5.489 -5.550
0.0015467 -1.00000 8.00000 4.8438086510 2.6132296352    4.842  3.445  3.7303  1.551    5  0.000  0.339     0.00     0.00     0.00     0.00     0.00 -1    -1e-30      0.00 7.447e-01 2.536e-01 1.768e-04 2.270e-04 6.931e-04 -1.000 1.629e-03 -3.843 -2.850 -3.018 -3.685 -4.112 -4.506 -5.038 -5.459 -5.518
0.0015467 -1.00000 8.00000 4.8451704979 2.6132372015    4.843  3.450  3.7365  1.571    5  0.000  0.339     0.00     0.00     0.00     0.00     0.00 -1    -1e-30      0.00 7.447e-01 2.536e-01 1.768e-04 2.270e-04 6.931e-04 -1.000 1.629e-03 -3.854 -2.926 -3.076 -3.714 -4.127 -4.509 -5.024 -5.427 -5.484
0.0015467 -1.00000 8.00000 4.8466515541 2.6132454247    4.845  3.455  3.7435  1.595    5  0.000  0.339     0.00     0.00     0.00     0.00     0.00 -1    -1e-30      0.00 7.447e-01 2.536e-01 1.768e-04 2.270e-04 6.931e-04 -1.000 1.629e-03 -3.866 -3.005 -3.139 -3.745 -4.143 -4.512 -5.006 -5.391 -5.445
0.0015467 -1.00000 8.00000 4.8482770920 2.6132544434    4.847  3.460  3.7510  1.620    5  0.000  0.339     0.00     0.00     0.00     0.00     0.00 -1    -1e-30      0.00 7.447e-01 2.536e-01 1.768e-04 2.269e-04 6.931e-04 -1.000 1.629e-03 -3.879 -3.082 -3.205 -3.778 -4.159 -4.513 -4.986 -5.351 -5.402
0.0015467 -1.00000 8.00000 4.8500404358 2.6132642188    4.848  3.465  3.7594  1.648    5  0.000  0.339     0.00     0.00     0.00     0.00     0.00 -1    -1e-30      0.00 7.447e-01 2.536e-01 1.768e-04 2.269e-04 6.931e-04 -1.000 1.629e-03 -3.892 -3.161 -3.275 -3.811 -4.173 -4.512 -4.962 -5.306 -5.353
0.0015467 -1.00000 8.00000 4.8519463539 2.6132747753    4.850  3.470  3.7689  1.682    5  0.000  0.339     0.00     0.00     0.00     0.00     0.00 -1    -1e-30      0.00 7.448e-01 2.536e-01 1.769e-04 2.269e-04 6.931e-04 -1.000 1.629e-03 -3.904 -3.241 -3.350 -3.846 -4.186 -4.506 -4.930 -5.248 -5.292
0.0015467 -1.00000 8.00000 4.8539500237 2.6132858631    4.852  3.474  3.7792  1.719    5  0.000  0.339     0.00     0.00     0.00     0.00     0.00 -1    -1e-30      0.00 7.448e-01 2.536e-01 1.769e-04 2.269e-04 6.931e-04 -1.000 1.629e-03 -3.915 -3.327 -3.428 -3.880 -4.196 -4.495 -4.890 -5.181 -5.223
0.0015467 -1.00000 8.00000 4.8559784889 2.6132970773    4.854  3.478  3.7898  1.757    5  0.000  0.339     0.00     0.00     0.00     0.00     0.00 -1    -1e-30      0.00 7.448e-01 2.536e-01 1.769e-04 2.269e-04 6.931e-04 -1.000 1.629e-03 -3.926 -3.397 -3.500 -3.912 -4.203 -4.481 -4.849 -5.115 -5.154
0.0015467 -1.00000 8.00000 4.8580212593 2.6133083597    4.856  3.482  3.8006  1.796    5  0.000  0.339     0.00     0.00     0.00     0.00     0.00 -1    -1e-30      0.00 7.448e-01 2.536e-01 1.769e-04 2.269e-04 6.931e-04 -1.000 1.629e-03 -3.936 -3.459 -3.573 -3.942 -4.208 -4.465 -4.806 -5.047 -5.082
0.0015467 -1.00000 8.00000 4.8604879379 2.6133219689    4.859  3.487  3.8131  1.842    5  0.000  0.339     0.00     0.00     0.00     0.00     0.00 -1    -1e-30      0.00 7.448e-01 2.536e-01 1.769e-04 2.269e-04 6.932e-04 -1.000 1.629e-03 -3.947 -3.524 -3.653 -3.974 -4.210 -4.443 -4.753 -4.967 -4.998
0.0015467 -1.00000 8.00000 4.8630104065 2.6133358695    4.861  3.491  3.8249  1.885    5  0.000  0.339     0.00     0.00     0.00     0.00     0.00 -1    -1e-30      0.00 7.448e-01 2.536e-01 1.769e-04 2.268e-04 6.932e-04 -1.000 1.629e-03 -3.957 -3.584 -3.721 -4.001 -4.210 -4.419 -4.702 -4.889 -4.918
0.0015467 -1.00000 8.00000 4.8657908440 2.6133511725    4.864  3.495  3.8369  1.929    5  0.000  0.339     0.00     0.00     0.00     0.00     0.00 -1    -1e-30      0.00 7.448e-01 2.536e-01 1.769e-04 2.268e-04 6.932e-04 -1.000 1.629e-03 -3.969 -3.640 -3.788 -4.024 -4.206 -4.392 -4.647 -4.810 -4.837
0.0015467 -1.00000 8.00000 4.8690195084 2.6133689171    4.867  3.500  3.8495  1.975    5  0.000  0.339     0.00     0.00     0.00     0.00     0.00 -1    -1e-30      0.00 7.448e-01 2.536e-01 1.769e-04 2.268e-04 6.932e-04 -1.000 1.629e-03 -3.981 -3.697 -3.856 -4.045 -4.199 -4.361 -4.589 -4.727 -4.752
0.0015467 -1.00000 8.00000 4.8729572296 2.6133905222    4.871  3.506  3.8632  2.025    5  0.000  0.339     0.00     0.00     0.00     0.00     0.00 -1    -1e-30      0.00 7.448e-01 2.536e-01 1.769e-04 2.268e-04 6.932e-04 -1.000 1.629e-03 -3.995 -3.759 -3.925 -4.063 -4.188 -4.325 -4.523 -4.638 -4.660
0.0015467 -1.00000 8.00000 4.8774051666 2.6134148784    4.876  3.512  3.8767  2.073    5  0.000  0.339     0.00     0.00     0.00     0.00     0.00 -1    -1e-30      0.00 7.448e-01 2.536e-01 1.769e-04 2.268e-04 6.932e-04 -1.000 1.629e-03 -4.010 -3.818 -3.977 -4.077 -4.175 -4.289 -4.459 -4.553 -4.573
0.0015467 -1.00000 8.00000 4.8825397491 2.6134429312    4.881  3.518  3.8898  2.119    5  0.000  0.339     0.00     0.00     0.00     0.00     0.00 -1    -1e-30      0.00 7.448e-01 2.536e-01 1.769e-04 2.267e-04 6.932e-04 -1.000 1.629e-03 -4.026 -3.873 -4.021 -4.087 -4.162 -4.255 -4.398 -4.472 -4.489
0.0015467 -1.00000 8.00000 4.8882937431 2.6134742875    4.887  3.525  3.9013  2.159    5  0.000  0.339     0.00     0.00     0.00     0.00     0.00 -1    -1e-30      0.00 7.448e-01 2.536e-01 1.769e-04 2.267e-04 6.933e-04 -1.000 1.629e-03 -4.043 -3.921 -4.046 -4.089 -4.148 -4.224 -4.345 -4.406 -4.420
0.0015467 -1.00000 8.00000 4.8965411186 2.6135190838    4.895  3.534  3.9127  2.197    5  0.000  0.339     0.00     0.00     0.00     0.00     0.00 -1    -1e-30      0.00 7.448e-01 2.536e-01 1.769e-04 2.266e-04 6.933e-04 -1.000 1.629e-03 -4.065 -3.970 -4.068 -4.090 -4.136 -4.198 -4.298 -4.347 -4.358
0.0015467 -1.00000 8.00000 4.9116201401 2.6136005395    4.910  3.550  3.9280  2.243    5  0.000  0.339     0.00     0.00     0.00     0.00     0.00 -1    -1e-30      0.00 7.448e-01 2.535e-01 1.770e-04 2.266e-04 6.934e-04 -1.000 1.629e-03 -4.105 -4.038 -4.093 -4.093 -4.125 -4.170 -4.244 -4.279 -4.286
0.0015467 -1.00000 8.00000 4.9149193764 2.6136182851    4.913  3.553  3.9301  2.249    5  0.000  0.339     0.00     0.00     0.00     0.00     0.00 -1    -1e-30      0.00 7.448e-01 2.535e-01 1.770e-04 2.265e-04 6.934e-04 -1.000 1.629e-03 -4.112 -4.049 -4.097 -4.094 -4.124 -4.168 -4.237 -4.272 -4.278
0.0015467 -1.00000 8.00000 4.9291238785 2.6136943750    4.928  3.565  3.9195  2.195    6  0.000  0.339     0.00     0.00     0.00     0.00     0.00 -1    -1e-30      0.00 7.449e-01 2.535e-01 1.770e-04 2.264e-04 6.934e-04 -1.000 1.629e-03 -4.143 -4.064 -4.142 -4.153 -4.192 -4.246 -4.334 -4.376 -4.386
0.0015467 -1.00000 8.00000 4.9355392456 2.6137285754    4.934  3.570  3.9043  2.131    6  0.000  0.339     0.00     0.00     0.00     0.00     0.00 -1    -1e-30      0.00 7.449e-01 2.535e-01 1.770e-04 2.264e-04 6.935e-04 -1.000 1.629e-03 -4.155 -4.044 -4.161 -4.196 -4.251 -4.323 -4.438 -4.495 -4.509
0.0015467 -1.00000 8.00000 4.9392027855 2.6137480600    4.938  3.572  3.8897  2.070    6  0.000  0.339     0.00     0.00     0.00     0.00     0.00 -1    -1e-30      0.00 7.449e-01 2.535e-01 1.770e-04 2.264e-04 6.935e-04 -1.000 1.629e-03 -4.160 -4.011 -4.158 -4.222 -4.297 -4.389 -4.532 -4.606 -4.623
0.0015467 -1.00000 8.00000 4.9429645538 2.6137680324    4.942  3.573  3.8675  1.981    6  0.000  0.339     0.00     0.00     0.00     0.00     0.00 -1    -1e-30      0.00 7.449e-01 2.535e-01 1.770e-04 2.264e-04 6.935e-04 -1.000 1.629e-03 -4.162 -3.944 -4.111 -4.232 -4.346 -4.476 -4.665 -4.771 -4.793
0.0015467 -1.00000 8.00000 4.9447841644 2.6137776807    4.943  3.572  3.8468  1.899    6  0.000  0.339     0.00     0.00     0.00     0.00     0.00 -1    -1e-30      0.00 7.449e-01 2.535e-01 1.770e-04 2.264e-04 6.935e-04 -1.000 1.629e-03 -4.159 -3.869 -4.029 -4.224 -4.382 -4.549 -4.781 -4.924 -4.949
0.0015467 -1.00000 8.00000 4.9459481239 2.6137838483    4.945  3.570  3.8290  1.830    6  0.000  0.339     0.00     0.00     0.00     0.00     0.00 -1    -1e-30      0.00 7.449e-01 2.535e-01 1.770e-04 2.263e-04 6.935e-04 -1.000 1.629e-03 -4.156 -3.798 -3.946 -4.207 -4.405 -4.605 -4.878 -5.055 -5.084
0.0015467 -1.00000 8.00000 4.9469542503 2.6137891768    4.946  3.568  3.8102  1.757    6  0.000  0.339     0.00     0.00     0.00     0.00     0.00 -1    -1e-30      0.00 7.449e-01 2.535e-01 1.770e-04 2.263e-04 6.935e-04 -1.000 1.629e-03 -4.151 -3.713 -3.847 -4.177 -4.418 -4.656 -4.972 -5.190 -5.223
0.0015467 -1.00000 8.00000 4.9478192329 2.6137937558    4.946  3.565  3.7927  1.690    6  0.000  0.339     0.00     0.00     0.00     0.00     0.00 -1    -1e-30      0.00 7.449e-01 2.535e-01 1.770e-04 2.263e-04 6.935e-04 -1.000 1.629e-03 -4.142 -3.623 -3.738 -4.137 -4.420 -4.692 -5.052 -5.309 -5.347
0.0015467 -1.00000 8.00000 4.9484024048 2.6137968420    4.947  3.561  3.7813  1.649    6  0.000  0.339     0.00     0.00     0.00     0.00     0.00 -1    -1e-30      0.00 7.449e-01 2.535e-01 1.770e-04 2.263e-04 6.935e-04 -1.000 1.629e-03 -4.133 -3.551 -3.662 -4.105 -4.414 -4.708 -5.098 -5.382 -5.423
0.0015467 -1.00000 8.00000 4.9489140511 2.6137995489    4.948  3.556  3.7718  1.615    6  0.000  0.339     0.00     0.00     0.00     0.00     0.00 -1    -1e-30      0.00 7.449e-01 2.535e-01 1.770e-04 2.263e-04 6.935e-04 -1.000 1.629e-03 -4.120 -3.471 -3.588 -4.072 -4.404 -4.718 -5.133 -5.443 -5.486
0.0015467 -1.00000 8.00000 4.9493584633 2.6138018996    4.948  3.551  3.7636  1.588    6  0.000  0.339     0.00     0.00     0.00     0.00     0.00 -1    -1e-30      0.00 7.449e-01 2.535e-01 1.770e-04 2.263e-04 6.935e-04 -1.000 1.629e-03 -4.107 -3.398 -3.521 -4.039 -4.391 -4.721 -5.159 -5.490 -5.537
0.0015467 -1.00000 8.00000 4.9497437477 2.6138039372    4.948  3.545  3.7559  1.563    6  0.000  0.339     0.00     0.00     0.00     0.00     0.00 -1    -1e-30      0.00 7.449e-01 2.535e-01 1.770e-04 2.263e-04 6.935e-04 -1.000 1.629e-03 -4.093 -3.326 -3.455 -4.007 -4.377 -4.721 -5.180 -5.531 -5.580
0.0015467 -1.00000 8.00000 4.9500794411 2.6138057122    4.949  3.540  3.7487  1.539    6  0.000  0.339     0.00     0.00     0.00     0.00     0.00 -1    -1e-30      0.00 7.449e-01 2.535e-01 1.770e-04 2.263e-04 6.935e-04 -1.000 1.629e-03 -4.081 -3.253 -3.392 -3.975 -4.362 -4.720 -5.199 -5.569 -5.621
0.0015467 -1.00000 8.00000 4.9503731728 2.6138072651    4.949  3.538  3.7419  1.514    6  0.000  0.339     0.00     0.00     0.00     0.00     0.00 -1    -1e-30      0.00 7.449e-01 2.535e-01 1.770e-04 2.263e-04 6.935e-04 -1.000 1.629e-03 -4.076 -3.188 -3.338 -3.952 -4.354 -4.725 -5.224 -5.612 -5.667
0.0015467 -1.00000 8.00000 4.9506258965 2.6138086010    4.949  3.538  3.7354  1.488    6  0.000  0.339     0.00     0.00     0.00     0.00     0.00 -1    -1e-30      0.00 7.449e-01 2.535e-01 1.770e-04 2.263e-04 6.935e-04 -1.000 1.629e-03 -4.074 -3.122 -3.289 -3.932 -4.349 -4.733 -5.250 -5.655 -5.713
0.0015467 -1.00000 8.00000 4.9508395195 2.6138097301    4.950  3.537  3.7292  1.464    6  0.000  0.339     0.00     0.00     0.00     0.00     0.00 -1    -1e-30      0.00 7.449e-01 2.535e-01 1.770e-04 2.263e-04 6.935e-04 -1.000 1.629e-03 -4.072 -3.054 -3.239 -3.913 -4.343 -4.739 -5.274 -5.696 -5.756
0.0015467 -1.00000 8.00000 4.9510211945 2.6138106903    4.950  3.536  3.7233  1.442    6  0.000  0.339     0.00     0.00     0.00     0.00     0.00 -1    -1e-30      0.00 7.449e-01 2.535e-01 1.770e-04 2.263e-04 6.935e-04 -1.000 1.629e-03 -4.070 -2.982 -3.189 -3.892 -4.336 -4.743 -5.296 -5.735 -5.796
0.0015467 -1.00000 8.00000 4.9511761665 2.6138115092    4.950  3.535  3.7175  1.419    6  0.000  0.339     0.00     0.00     0.00     0.00     0.00 -1    -1e-30      0.00 7.449e-01 2.535e-01 1.770e-04 2.263e-04 6.935e-04 -1.000 1.629e-03 -4.068 -2.909 -3.139 -3.871 -4.329 -4.747 -5.317 -5.771 -5.835
0.0015467 -1.00000 8.00000 4.9513101578 2.6138122173    4.950  3.535  3.7120  1.397    6  0.000  0.339     0.00     0.00     0.00     0.00     0.00 -1    -1e-30      0.00 7.449e-01 2.535e-01 1.770e-04 2.263e-04 6.935e-04 -1.000 1.629e-03 -4.069 -2.838 -3.092 -3.853 -4.323 -4.752 -5.339 -5.809 -5.875
0.0015467 -1.00000 8.00000 4.9514269829 2.6138128346    4.950  3.537  3.7067  1.374    6  0.000  0.339     0.00     0.00     0.00     0.00     0.00 -1    -1e-30      0.00 7.449e-01 2.535e-01 1.770e-04 2.263e-04 6.935e-04 -1.000 1.629e-03 -4.072 -2.768 -3.049 -3.837 -4.320 -4.759 -5.364 -5.849 -5.915
0.0015467 -1.00000 8.00000 4.9515304565 2.6138133813    4.950  3.538  3.7015  1.353    6  0.000  0.339     0.00     0.00     0.00     0.00     0.00 -1    -1e-30      0.00 7.449e-01 2.535e-01 1.770e-04 2.263e-04 6.935e-04 -1.000 1.629e-03 -4.075 -2.697 -3.005 -3.820 -4.316 -4.765 -5.386 -5.886 -5.954
0.0015467 -1.00000 8.00000 4.9516239166 2.6138138751    4.950  3.539  3.6966  1.332    6  0.000  0.339     0.00     0.00     0.00     0.00     0.00 -1    -1e-30      0.00 7.449e-01 2.535e-01 1.770e-04 2.263e-04 6.935e-04 -1.000 1.629e-03 -4.077 -2.624 -2.961 -3.802 -4.309 -4.768 -5.405 -5.920 -5.989
0.0015467 -1.00000 8.00000 4.9517126083 2.6138143437    4.950  3.539  3.6919  1.314    6  0.000  0.339     0.00     0.00     0.00     0.00     0.00 -1    -1e-30      0.00 7.449e-01 2.535e-01 1.770e-04 2.263e-04 6.935e-04 -1.000 1.629e-03 -4.077 -2.552 -2.918 -3.783 -4.302 -4.770 -5.423 -5.951 -6.022
0.0015467 -1.00000 8.00000 4.9518113136 2.6138148651    4.951  3.539  3.6874  1.296    6  0.000  0.339     0.00     0.00     0.00     0.00     0.00 -1    -1e-30      0.00 7.449e-01 2.535e-01 1.770e-04 2.263e-04 6.935e-04 -1.000 1.629e-03 -4.077 -2.477 -2.873 -3.762 -4.292 -4.769 -5.438 -5.981 -6.053
0.0015467 -1.00000 8.00000 4.9519300461 2.6138154924    4.951  3.537  3.6829  1.279    6  0.000  0.339     0.00     0.00     0.00     0.00     0.00 -1    -1e-30      0.00 7.449e-01 2.535e-01 1.770e-04 2.263e-04 6.935e-04 -1.000 1.629e-03 -4.072 -2.377 -2.817 -3.739 -4.281 -4.767 -5.450 -6.006 -6.079
0.0015467 -1.00000 8.00000 4.9520640373 2.6138162002    4.951  3.534  3.6787  1.265    6  0.000  0.339     0.00     0.00     0.00     0.00     0.00 -1    -1e-30      0.00 7.449e-01 2.535e-01 1.770e-04 2.263e-04 6.935e-04 -1.000 1.629e-03 -4.066 -2.265 -2.756 -3.715 -4.270 -4.762 -5.460 -6.026 -6.099
0.0015467 -1.00000 8.00000 4.9522151947 2.6138169986    4.951  3.535  3.6739  1.246    6  0.000  0.339     0.00     0.00     0.00     0.00     0.00 -1    -1e-30      0.00 7.449e-01 2.535e-01 1.770e-04 2.263e-04 6.935e-04 -1.000 1.629e-03 -4.067 -2.135 -2.690 -3.695 -4.265 -4.766 -5.479 -6.057 -6.131
0.0015467 -1.00000 8.00000 4.9523100853 2.6138174998    4.951  3.536  3.6709  1.232    6  0.000  0.339     0.00     0.00     0.00     0.00     0.00 -1    -1e-30      0.00 7.449e-01 2.535e-01 1.770e-04 2.263e-04 6.935e-04 -1.000 1.629e-03 -4.071 -2.052 -2.650 -3.685 -4.265 -4.771 -5.495 -6.081 -6.155
0.0015467 -1.00000 8.00000 4.9524374008 2.6138181722    4.951  3.568  3.6646  1.175    7  0.000  0.339    20.76    15.32    10.83     7.94     6.53  4 -1.56e-23      0.00 7.449e-01 2.534e-01 1.770e-04 2.263e-04 6.935e-04 -1.000 1.662e-03 -4.149 -1.929 -2.628 -3.729 -4.332 -4.849 -5.596 -6.197 -6.274
0.0015467 -1.00000 8.00000 4.9527268410 2.6138197008    4.951  3.619  3.6587  1.100    7  0.000  0.339    24.35    17.55    12.32     9.06     7.45  4 -3.37e-20      0.00 7.449e-01 2.534e-01 1.770e-04 2.263e-04 6.935e-04 -1.000 1.678e-03 -4.277 -1.839 -2.650 -3.821 -4.447 -4.976 -5.747 -6.362 -6.441
0.0015467 -1.00000 8.00000 4.9530959129 2.6138216495    4.952  3.596  3.6610  1.133    7  0.000  0.339    22.72    16.55    11.65     8.56     7.04  4 -3.34e-20      0.00 7.449e-01 2.534e-01 1.770e-04 2.263e-04 6.935e-04 -1.000 1.678e-03 -4.220 -1.873 -2.637 -3.779 -4.395 -4.920 -5.681 -6.290 -6.368
0.0015467 -1.00000 8.00000 4.9538655281 2.6138257122    4.952  3.626  3.6574  1.088    7  0.000  0.339    25.00    17.94    12.59     9.26     7.61  4 -1.15e-18      0.00 7.449e-01 2.534e-01 1.770e-04 2.263e-04 6.935e-04 -1.000 1.685e-03 -4.296 -1.818 -2.649 -3.832 -4.462 -4.994 -5.770 -6.388 -6.468
0.0015467 -1.00000 8.00000 4.9542040825 2.6138274989    4.953  3.666  3.6536  1.033    7  0.000  0.339    28.11    19.83    13.85    10.20     8.39  4 -6.45e-12      0.00 7.449e-01 2.534e-01 1.770e-04 2.263e-04 6.936e-04 -1.000 1.715e-03 -4.395 -1.799 -2.689 -3.903 -4.547 -5.088 -5.880 -6.511 -6.594
0.0015467 -1.00000 8.00000 4.9545941353 2.6138295570    4.953  3.706  3.6504  0.981    7  0.000  0.339    31.43    21.80    15.16    11.18     9.20  4    -8e-12      0.00 7.449e-01 2.534e-01 1.770e-04 2.263e-04 6.936e-04 -1.000 1.729e-03 -4.495 -1.794 -2.736 -3.979 -4.634 -5.184 -5.990 -6.630 -6.715
0.0015467 -1.00000 8.00000 4.9550571442 2.6138319996    4.953  3.745  3.6472  0.929    7  0.000  0.339    35.09    23.94    16.58    12.24    10.08  4 -1.16e-08      0.00 7.449e-01 2.534e-01 1.771e-04 2.263e-04 6.936e-04 -1.000 1.729e-03 -4.592 -1.773 -2.776 -4.048 -4.717 -5.276 -6.097 -6.747 -6.835
0.0015467 -1.00000 8.00000 4.9555974007 2.6138348491    4.953  3.784  3.6439  0.877    7  0.000  0.339    39.22    26.31    18.14    13.42    11.05  4  -1.4e-08      0.00 7.449e-01 2.534e-01 1.770e-04 2.263e-04 6.935e-04 -1.000 1.728e-03 -4.690 -1.752 -2.815 -4.118 -4.801 -5.369 -6.205 -6.865 -6.955
0.0015467 -1.00000 8.00000 4.9562168121 2.6138381152    4.954  3.824  3.6406  0.824    7  0.000  0.337    43.87    28.94    19.87    14.72    12.12  4 -1.69e-08      0.00 7.449e-01 2.534e-01 1.762e-04 2.278e-04 6.929e-04 -1.000 1.724e-03 -4.789 -1.730 -2.854 -4.188 -4.885 -5.463 -6.313 -6.983 -7.077
0.0015467 -1.00000 8.00000 4.9568915367 2.6138416718    4.954  3.863  3.6374  0.771    7  0.000  0.336    49.07    31.83    21.76    16.14    13.29  4 -2.09e-08      0.00 7.448e-01 2.535e-01 1.753e-04 2.305e-04 6.909e-04 -1.000 1.727e-03 -4.888 -1.701 -2.890 -4.255 -4.967 -5.555 -6.421 -7.102 -7.198
0.0015467 -1.00000 8.00000 4.9575543404 2.6138451646    4.954  3.902  3.6341  0.719    7  0.000  0.335    54.80    34.96    23.80    17.67    14.56  4 -2.92e-08      0.00 7.445e-01 2.537e-01 1.741e-04 2.337e-04 6.887e-04 -1.000 1.729e-03 -4.985 -1.671 -2.925 -4.321 -5.047 -5.645 -6.527 -7.218 -7.317
0.0015467 -1.00000 8.00000 4.9581398964 2.6138482493    4.953  3.940  3.6310  0.669    7  0.000  0.334    61.04    38.31    25.97    19.32    15.92  3 -4.22e-08      0.00 7.440e-01 2.543e-01 1.726e-04 2.385e-04 6.854e-04 -1.000 1.729e-03 -5.080 -1.638 -2.957 -4.384 -5.125 -5.733 -6.630 -7.331 -7.434
0.0015467 -1.00000 8.00000 4.9586505890 2.6138509391    4.953  3.977  3.6277  0.619    7  0.000  0.334    67.90    41.94    28.31    21.09    17.38  3 -6.14e-08      0.00 7.430e-01 2.552e-01 1.710e-04 2.455e-04 6.797e-04 -1.000 1.728e-03 -5.173 -1.601 -2.986 -4.443 -5.200 -5.818 -6.731 -7.443 -7.548
0.0015467 -1.00000 8.00000 4.9591021538 2.6138533168    4.952  4.014  3.6245  0.569    7  0.000  0.334    75.48    45.88    30.85    23.01    18.97  3 -9.01e-08      0.00 7.420e-01 2.563e-01 1.697e-04 2.518e-04 6.744e-04 -1.000 1.725e-03 -5.265 -1.563 -3.013 -4.501 -5.273 -5.902 -6.830 -7.553 -7.662
0.0015467 -1.00000 8.00000 4.9595174789 2.6138555033    4.950  4.051  3.6213  0.519    7  0.000  0.333    83.97    50.23    33.64    25.12    20.71  3 -1.32e-07      0.00 7.410e-01 2.573e-01 1.685e-04 2.571e-04 6.699e-04 -1.000 1.722e-03 -5.357 -1.522 -3.039 -4.558 -5.345 -5.986 -6.930 -7.664 -7.776
0.0015467 -1.00000 8.00000 4.9598941803 2.6138574861    4.948  4.087  3.6180  0.469    7  0.000  0.333    93.31    54.93    36.64    27.40    22.60  3  -1.9e-07      0.00 7.400e-01 2.583e-01 1.675e-04 2.616e-04 6.661e-04 -1.000 1.725e-03 -5.448 -1.472 -3.057 -4.609 -5.415 -6.067 -7.029 -7.773 -7.889
0.0015467 -1.00000 8.00000 4.9602880478 2.6138595589    4.945  4.128  3.6143  0.413    7  0.000  0.333   105.14    60.80    40.37    30.23    24.94  3 -2.88e-07      0.00 7.388e-01 2.595e-01 1.665e-04 2.665e-04 6.621e-04 -1.000 1.706e-03 -5.551 -1.407 -3.071 -4.663 -5.491 -6.159 -7.140 -7.896 -8.017
0.0015467 -1.00000 8.00000 4.9606084824 2.6138612449    4.940  4.165  3.6110  0.363    7  0.000  0.333   116.95    66.56    44.01    33.00    27.23  3 -4.18e-07      0.00 7.368e-01 2.615e-01 1.655e-04 2.712e-04 6.581e-04 -1.000 1.716e-03 -5.642 -1.348 -3.082 -4.710 -5.558 -6.240 -7.239 -8.006 -8.131
0.0015467 -1.00000 8.00000 4.9609251022 2.6138629107    4.934  4.205  3.6074  0.307    7  0.000  0.334   131.52    73.54    48.41    36.36    30.01  2 -6.39e-07      0.00 7.290e-01 2.693e-01 1.635e-04 2.811e-04 6.497e-04 -1.000 1.726e-03 -5.744 -1.283 -3.093 -4.760 -5.632 -6.328 -7.347 -8.126 -8.257
0.0015467 -1.00000 8.00000 4.9611048698 2.6138638563    4.929  4.235  3.6046  0.266    7  0.000  0.334   143.45    79.17    51.94    39.05    32.24  2 -8.69e-07      0.00 7.120e-01 2.863e-01 1.598e-04 2.994e-04 6.343e-04 -1.000 1.720e-03 -5.817 -1.229 -3.097 -4.794 -5.682 -6.392 -7.426 -8.214 -8.349
0.0015467 -1.00000 8.00000 4.9612450600 2.6138645937    4.923  4.272  3.6003  0.211    7  0.000  0.335   161.23    87.44    57.11    43.01    35.51  2 -1.28e-06      0.00 6.769e-01 3.214e-01 1.523e-04 3.362e-04 6.031e-04 -1.000 1.699e-03 -5.910 -1.131 -3.084 -4.826 -5.740 -6.469 -7.526 -8.330 -8.471
0.0015467 -1.00000 8.00000 4.9613704681 2.6138652533    4.915  4.313  3.5956  0.151    7  0.000  0.335   183.36    97.55    63.40    47.82    39.49  2 -1.97e-06      0.00 6.564e-01 3.419e-01 1.484e-04 3.556e-04 5.867e-04 -1.000 1.729e-03 -6.014 -1.023 -3.065 -4.856 -5.801 -6.553 -7.637 -8.458 -8.608
0.0015467 -1.00000 8.00000 4.9614887238 2.6138658753    4.903  4.356  3.5912  0.089    7  0.000  0.335   208.64   108.89    70.42    53.21    43.95  2 -3.07e-06      0.01 6.487e-01 3.495e-01 1.468e-04 3.630e-04 5.804e-04 -1.000 1.702e-03 -6.120 -0.917 -3.047 -4.886 -5.862 -6.638 -7.749 -8.586 -8.746
0.0015467 -1.00000 8.00000 4.9616141319 2.6138665348    4.882  4.402  3.5862  0.021    7  0.000  0.336   240.81   123.06    79.13    59.91    49.50  2    -5e-06      0.01 6.441e-01 3.542e-01 1.460e-04 3.675e-04 5.767e-04 -1.000 1.712e-03 -6.236 -0.781 -3.007 -4.904 -5.918 -6.723 -7.868 -8.726 -8.900
0.0015467 -1.00000 8.00000 4.9617362022 2.6138671768    4.849  4.446  3.5815 -0.044    7  0.000  0.336   275.89   138.24    88.42    67.07    55.43  2    -8e-06      0.03 6.417e-01 3.566e-01 1.455e-04 3.700e-04 5.746e-04 -1.000 1.656e-03 -6.344 -0.617 -2.937 -4.897 -5.954 -6.792 -7.976 -8.856 -9.047
0.0015467 -1.00000 8.00000 4.9618830681 2.6138679490    4.781  4.489  3.5762 -0.115    7  0.000  0.336   318.59   156.50    99.51    75.66    62.54  2 -1.32e-05      0.05 6.403e-01 3.580e-01 1.453e-04 3.714e-04 5.734e-04 -1.000 1.717e-03 -6.453 -0.398 -2.820 -4.856 -5.967 -6.850 -8.082 -8.987 -9.202
0.0015467 -1.00000 8.00000 4.9620199203 2.6138686686    4.694  4.491  3.5749 -0.130    7  0.000  0.336   326.05   159.95   101.56    77.29    63.89  2 -1.42e-05      0.05 6.399e-01 3.584e-01 1.452e-04 3.718e-04 5.731e-04 -1.000 1.704e-03 -6.457 -0.321 -2.766 -4.820 -5.944 -6.840 -8.084 -8.996 -9.217
0.0015467 -1.00000 8.00000 4.9620366096 2.6138687564    4.682  4.480  3.5759 -0.116    7  0.000  0.336   316.85   156.12    99.23    75.50    62.40  2 -1.29e-05      0.05 6.399e-01 3.584e-01 1.452e-04 3.718e-04 5.730e-04 -1.000 1.700e-03 -6.431 -0.368 -2.791 -4.828 -5.941 -6.827 -8.061 -8.967 -9.182
0.0015467 -1.00000 8.00000 4.9620437622 2.6138687940    4.678  4.470  3.5768 -0.103    7  0.000  0.336   307.97   152.38    96.96    73.75    60.95  2 -1.17e-05      0.04 6.399e-01 3.584e-01 1.452e-04 3.718e-04 5.730e-04 -1.000 1.699e-03 -6.406 -0.414 -2.816 -4.838 -5.939 -6.815 -8.038 -8.938 -9.147
0.0015467 -1.00000 8.00000 4.9620499611 2.6138688266    4.674  4.460  3.5778 -0.089    7  0.000  0.336   298.61   148.42    94.55    71.89    59.41  2 -1.05e-05      0.04 6.399e-01 3.584e-01 1.452e-04 3.718e-04 5.730e-04 -1.000 1.699e-03 -6.379 -0.448 -2.832 -4.839 -5.931 -6.798 -8.011 -8.907 -9.112
0.0015467 -1.00000 8.00000 4.9620585442 2.6138688717    4.669  4.444  3.5792 -0.068    7  0.000  0.336   285.96   143.04    91.27    69.36    57.31  2 -8.98e-06      0.03 6.399e-01 3.584e-01 1.452e-04 3.718e-04 5.730e-04 -1.000 1.705e-03 -6.341 -0.495 -2.854 -4.842 -5.919 -6.773 -7.974 -8.863 -9.062
0.0015467 -1.00000 8.00000 4.9620695114 2.6138689294    4.664  4.421  3.5814 -0.036    7  0.000  0.336   266.99   134.89    86.29    65.53    54.14  2 -7.07e-06      0.02 6.398e-01 3.584e-01 1.452e-04 3.719e-04 5.730e-04 -1.000 1.729e-03 -6.282 -0.581 -2.891 -4.845 -5.898 -6.735 -7.915 -8.794 -8.982
0.0015467 -1.00000 8.00000 4.9620976448 2.6138690773    4.656  4.353  3.5882  0.057    7  0.000  0.336   219.03   113.87    73.40    55.60    45.92  2 -3.54e-06      0.01 6.398e-01 3.584e-01 1.452e-04 3.719e-04 5.730e-04 -1.000 1.729e-03 -6.113 -0.782 -2.961 -4.830 -5.825 -6.617 -7.746 -8.594 -8.760
0.0015467 -1.00000 8.00000 4.9621334076 2.6138692653    4.650  4.372  3.5862  0.030    7  0.000  0.336   231.92   119.60    76.92    58.31    48.16  2 -4.34e-06      0.01 6.398e-01 3.584e-01 1.452e-04 3.719e-04 5.730e-04 -1.000 1.729e-03 -6.161 -0.725 -2.942 -4.835 -5.847 -6.651 -7.794 -8.651 -8.822
0.0015467 -1.00000 8.00000 4.9621458054 2.6138693305    4.647  4.382  3.5852  0.016    7  0.000  0.336   238.85   122.65    78.80    59.76    49.36  2  -4.8e-06      0.01 6.398e-01 3.584e-01 1.452e-04 3.719e-04 5.730e-04 -1.000 1.729e-03 -6.185 -0.697 -2.934 -4.839 -5.858 -6.668 -7.819 -8.680 -8.854
0.0015467 -1.00000 8.00000 4.9621653557 2.6138694333    4.643  4.392  3.5841  0.001    7  0.000  0.336   246.47   126.01    80.85    61.34    50.67  2 -5.32e-06      0.01 6.398e-01 3.584e-01 1.452e-04 3.719e-04 5.730e-04 -1.000 1.729e-03 -6.211 -0.668 -2.924 -4.842 -5.871 -6.687 -7.845 -8.711 -8.888
0.0015467 -1.00000 8.00000 4.9621691704 2.6138694533    4.642  4.390  3.5843  0.004    7  0.972  0.336   244.95   125.35    80.45    61.03    50.41  2 -5.21e-06      0.01 6.398e-01 3.584e-01 1.452e-04 3.719e-04 5.730e-04 -1.000 1.729e-03 -6.205 -0.673 -2.926 -4.841 -5.868 -6.683 -7.840 -8.705 -8.881
0.0015467 -1.00000 8.00000 4.9621753693 2.6138694859    4.641  4.398  3.5836 -0.007    7  0.966  0.336   250.38   127.72    81.90    62.15    51.34  2 -5.62e-06      0.02 6.398e-01 3.584e-01 1.451e-04 3.719e-04 5.730e-04 -1.000 1.729e-03 -6.224 -0.655 -2.920 -4.844 -5.877 -6.697 -7.858 -8.727 -8.905
0.0015467 -1.00000 8.00000 4.9621949196 2.6138695887    4.636  4.413  3.5820 -0.029    7  0.973  0.335   262.16   132.87    85.05    64.58    53.35  2 -6.63e-06      0.02 6.398e-01 3.584e-01 1.449e-04 3.719e-04 5.730e-04 -1.000 1.729e-03 -6.262 -0.599 -2.896 -4.841 -5.889 -6.721 -7.896 -8.772 -8.957
0.0015467 -1.00000 8.00000 4.9622182846 2.6138697116    4.635  4.413  3.5820 -0.029    8  0.973  0.356   262.19   132.88    85.05    64.59    53.36  2 -6.65e-06      0.02 6.398e-01 3.585e-01 1.546e-04 3.720e-04 5.749e-04 -1.000 1.666e-03 -6.262 -0.599 -2.897 -4.842 -5.889 -6.721 -7.896 -8.772 -8.957
0.0015467 -1.00000 8.00000 4.9622592926 2.6138699272    4.622  4.425  3.5805 -0.048    8  0.974  0.358   272.97   137.58    87.92    66.80    55.19  2 -7.63e-06      0.03 6.398e-01 3.585e-01 1.541e-04 3.728e-04 5.748e-04 -1.000 1.666e-03 -6.293 -0.538 -2.867 -4.834 -5.896 -6.739 -7.927 -8.809 -9.001
0.0015467 -1.00000 8.00000 4.9623036385 2.6138701603    4.600  4.476  3.5751 -0.123    8  0.974  0.335   318.54   157.12    99.80    75.99    62.80  2  -1.3e-05      0.05 6.398e-01 3.585e-01 1.442e-04 3.867e-04 5.740e-04 -1.000 1.669e-03 -6.419 -0.326 -2.757 -4.801 -5.920 -6.811 -8.049 -8.958 -9.175
0.0015467 -1.00000 8.00000 4.9623508453 2.6138704085    4.559  4.533  3.5685 -0.210    8  0.975  0.214   381.04   183.74   115.86    88.45    73.12  2 -2.42e-05      0.10 6.398e-01 3.585e-01 9.208e-05 4.500e-04 5.725e-04 -1.000 1.679e-03 -6.563 0.080 -2.511 -4.672 -5.879 -6.844 -8.169 -9.122 -9.387
0.0015467 -1.00000 8.00000 4.9624018669 2.6138706767    4.490  4.576  3.5649 -0.274    8  0.975  0.080   416.30   205.37   128.81    98.56    81.49  0 -3.91e-05      0.18 6.398e-01 3.585e-01 3.412e-05 5.239e-04 5.660e-04 -1.000 1.689e-03 -6.669 0.506 -2.240 -4.508 -5.798 -6.829 -8.237 -9.228 -9.544
0.0015467 -1.00000 8.00000 4.9624557495 2.6138709599    4.390  4.602  3.5600 -0.330    8  0.976  0.046   448.54   225.73   140.91   108.05    89.34  0 -5.54e-05      0.27 6.397e-01 3.586e-01 1.902e-05 5.578e-04 5.490e-04 -1.000 1.691e-03 -6.735 1.115 -1.826 -4.220 -5.618 -6.732 -8.245 -9.286 -9.660
0.0015467 -1.00000 8.00000 4.9625134468 2.6138712633    4.247  4.623  3.5556 -0.382    8  0.977  0.048   479.84   246.14   152.94   117.57    97.21  0 -7.68e-05      0.57 6.397e-01 3.586e-01 1.868e-05 5.821e-04 5.240e-04 -1.000 1.691e-03 -6.787 2.708 -0.762 -3.439 -5.076 -6.348 -8.108 -9.265 -9.780
0.0015467 -1.00000 8.00000 4.9625744820 2.6138715841    4.043  4.639  3.5506 -0.440    8  0.978  0.054   514.80   269.85   166.79   128.63   106.34  0 -0.000108      0.80 6.396e-01 3.587e-01 1.987e-05 6.087e-04 4.947e-04 -1.000 1.690e-03 -6.828 4.013 0.127 -2.774 -4.626 -6.035 -7.997 -9.244 -9.859
0.0015467 -1.00000 8.00000 4.9626388550 2.6138719225    3.755  4.646  3.5453 -0.500    8  0.979  0.061   549.55   294.90   181.25   140.34   115.98  0 -0.000148      1.23 6.395e-01 3.588e-01 2.115e-05 6.366e-04 4.641e-04 -1.000 1.689e-03 -6.844 6.305 1.658 -1.596 -3.810 -5.424 -7.719 -9.113 -9.880
0.0015467 -1.00000 8.00000 4.9627075195 2.6138722834    3.368  4.639  3.5394 -0.564    8  0.980  0.068   583.95   322.25   196.79   153.18   126.52  0 -0.000199      1.78 6.394e-01 3.589e-01 2.231e-05 6.639e-04 4.348e-04 -1.000 1.689e-03 -6.828 9.221 3.582 -0.084 -2.755 -4.600 -7.307 -8.890 -9.835
0.0015467 -1.00000 8.00000 4.9627785683 2.6138726568    2.865  4.617  3.5324 -0.641    8  0.981  0.075   618.17   355.12   215.13   168.70   139.20  0 -0.000275      2.77 6.393e-01 3.590e-01 2.314e-05 6.870e-04 4.114e-04 -1.000 1.690e-03 -6.774 14.260 6.846 2.491 -0.961 -3.158 -6.548 -8.436 -9.662
0.0015467 -1.00000 8.00000 4.9628520012 2.6138730428    2.140  4.575  3.5227 -0.764    8  0.982  0.081   568.40    -1.00    -1.00    -1.00    -1.00  0  -0.00047      5.63 6.392e-01 3.591e-01 2.443e-05 6.999e-04 3.997e-04 -1.000 1.693e-03 -6.668 28.301 15.692 9.184 3.774 0.794 -4.406 -7.104 -9.018
0.0015467 -1.00000 8.00000 4.9629168510 2.6138733836    0.983 -9.999  5.1371  5.450    9  0.983  0.000     0.00     0.00     0.00     0.00     0.00 -1    -1e-30      0.00 6.392e-01 3.591e-01 2.667e-05 6.999e-04 3.998e-04 -1.000 1.695e-03 29.767 34.972 36.177 36.485 36.604 36.763 37.092 37.137 37.137
# Zini     MH   logAge Mini        int_IMF         Mass   logL    logTe  logg  label   McoreTP C_O  period0  period1  period2  period3  period4  pmode  Mloss  tau1m   X   Y   Xc  Xn  Xo  Cexcess  Z 	 mbolmag  Umag    Bmag    Vmag    Rmag    Imag    Jmag    Hmag    Kmag
0.0015467 -1.00000 9.00000 0.0900000036 1.0816895926    0.090 -3.214  3.4465  5.344    0  0.000  0.545     0.00     0.00     0.00     0.00     0.00 -1  -5.5e-17      0.00 7.470e-01 2.514e-01 2.929e-04 7.903e-05 7.168e-04 -1.000 1.629e-03 12.804 21.103 18.391 16.391 14.384 12.374 10.733 10.348 10.179
0.0015467 -1.00000 9.00000 0.0963733867 1.1400774991    0.096 -3.082  3.4654  5.318    0  0.000  0.545     0.00     0.00     0.00     0.00     0.00 -1 -7.39e-17      0.00 7.469e-01 2.515e-01 2.929e-04 7.903e-05 7.168e-04 -1.000 1.629e-03 12.476 19.890 17.467 15.515 13.769 11.967 10.466 10.023 9.844
0.0015467 -1.00000 9.00000 0.0978432298 1.1528333608    0.098 -3.051  3.4700  5.311    0  0.000  0.545     0.00     0.00     0.00     0.00     0.00 -1 -7.92e-17      0.00 7.469e-01 2.515e-01 2.929e-04 7.903e-05 7.168e-04 -1.000 1.629e-03 12.397 19.610 17.252 15.312 13.624 11.872 10.402 9.947 9.765
0.0015467 -1.00000 9.00000 0.1000000015 1.1711064122    0.100 -3.002  3.4769  5.300    0  0.000  0.545     0.00     0.00     0.00     0.00     0.00 -1 -8.88e-17      0.00 7.468e-01 2.515e-01 2.929e-04 7.903e-05 7.168e-04 -1.000 1.629e-03 12.276 19.193 16.930 15.010 13.404 11.728 10.303 9.830 9.645
0.0015467 -1.00000 9.00000 0.1075852662 1.2315156188    0.108 -2.892  3.4900  5.274    0  0.000  0.545     0.00     0.00     0.00     0.00     0.00 -1 -1.14e-16      0.00 7.468e-01 2.516e-01 2.929e-04 7.903e-05 7.168e-04 -1.000 1.629e-03 12.000 18.351 16.281 14.400 12.940 11.413 10.069 9.567 9.374
0.0015467 -1.00000 9.00000 0.1200000048 1.3193154741    0.120 -2.724  3.5099  5.233    1  0.000  0.545     0.00     0.00     0.00     0.00     0.00 -1 -1.66e-16      0.00 7.467e-01 2.517e-01 2.929e-04 7.903e-05 7.168e-04 -1.000 1.629e-03 11.580 17.161 15.358 13.562 12.269 10.950 9.713 9.178 8.974
0.0015467 -1.00000 9.00000 0.1400000006 1.4384526719    0.140 -2.541  3.5277  5.187    1  0.000  0.545     0.00     0.00     0.00     0.00     0.00 -1 -2.47e-16      0.00 7.466e-01 2.518e-01 2.929e-04 7.903e-05 7.168e-04 -1.000 1.629e-03 11.122 16.098 14.505 12.803 11.620 10.464 9.310 8.755 8.546
0.0015467 -1.00000 9.00000 0.1519721001 1.4996580310    0.152 -2.456  3.5346  5.166    1  0.000  0.545     0.00     0.00     0.00     0.00     0.00 -1 -2.95e-16      0.00 7.465e-01 2.519e-01 2.929e-04 7.903e-05 7.168e-04 -1.000 1.629e-03 10.910 15.676 14.154 12.494 11.344 10.244 9.119 8.559 8.348
0.0015467 -1.00000 9.00000 0.1599999964 1.5372931554    0.160 -2.403  3.5389  5.153    1  0.000  0.545     0.00     0.00     0.00     0.00     0.00 -1  -3.3e-16      0.00 7.464e-01 2.519e-01 2.929e-04 7.903e-05 7.168e-04 -1.000 1.629e-03 10.778 15.416 13.936 12.302 11.173 10.106 8.999 8.436 8.224
0.0015467 -1.00000 9.00000 0.2000000179 1.6938791367    0.200 -2.196  3.5537  5.102    1  0.000  0.545     0.00     0.00     0.00     0.00     0.00 -1 -5.03e-16      0.00 7.463e-01 2.521e-01 2.929e-04 7.903e-05 7.168e-04 -1.000 1.629e-03 10.261 14.499 13.150 11.604 10.537 9.575 8.526 7.953 7.740
0.0015467 -1.00000 9.00000 0.2172074616 1.7491919588    0.217 -2.126  3.5581  5.085    1  0.000  0.545     0.00     0.00     0.00     0.00     0.00 -1  -5.8e-16      0.00 7.462e-01 2.521e-01 2.929e-04 7.903e-05 7.168e-04 -1.000 1.629e-03 10.084 14.210 12.898 11.378 10.328 9.395 8.362 7.787 7.573
0.0015467 -1.00000 9.00000 0.2500000000 1.8403257998    0.250 -2.005  3.5655  5.055    0  0.000  0.545     0.00     0.00     0.00     0.00     0.00 -1 -7.38e-16      0.00 7.461e-01 2.523e-01 2.929e-04 7.903e-05 7.168e-04 -1.000 1.629e-03 9.782 13.727 12.475 10.997 9.975 9.089 8.084 7.504 7.290
0.0015467 -1.00000 9.00000 0.3331338167 2.0148751076    0.333 -1.748  3.5794  4.978    0  0.000  0.545     0.00     0.00     0.00     0.00     0.00 -1 -1.26e-15      0.00 7.469e-01 2.515e-01 2.929e-04 7.903e-05 7.168e-04 -1.000 1.629e-03 9.139 12.774 11.622 10.222 9.250 8.440 7.481 6.894 6.682
0.0015467 -1.00000 9.00000 0.3376667202 2.0227277108    0.338 -1.734  3.5800  4.972    0  0.000  0.545     0.00     0.00     0.00     0.00     0.00 -1  -1.3e-15      0.00 7.470e-01 2.514e-01 2.929e-04 7.903e-05 7.168e-04 -1.000 1.629e-03 9.105 12.726 11.579 10.182 9.212 8.405 7.448 6.861 6.649
0.0015467 -1.00000 9.00000 0.3499999940 2.0434174644    0.350 -1.701  3.5819  4.963    0  0.000  0.545     0.00     0.00     0.00     0.00     0.00 -1 -1.39e-15      0.00 7.470e-01 2.514e-01 2.929e-04 7.903e-05 7.168e-04 -1.000 1.629e-03 9.024 12.605 11.471 10.084 9.122 8.324 7.373 6.784 6.573
0.0015467 -1.00000 9.00000 0.4000000060 2.1185024399    0.400 -1.553  3.5923  4.914    0  0.000  0.545     0.00     0.00     0.00     0.00     0.00 -1 -1.94e-15      0.00 7.470e-01 2.514e-01 2.929e-04 7.903e-05 7.168e-04 -1.000 1.629e-03 8.652 12.019 10.956 9.626 8.702 7.949 7.031 6.437 6.232
0.0015467 -1.00000 9.00000 0.4023225904 2.1216904399    0.402 -1.544  3.5930  4.911    0  0.000  0.545     0.00     0.00     0.00     0.00     0.00 -1 -1.98e-15      0.00 7.470e-01 2.514e-01 2.929e-04 7.903e-05 7.168e-04 -1.000 1.629e-03 8.631 11.985 10.926 9.599 8.678 7.928 7.012 6.417 6.213
0.0015467 -1.00000 9.00000 0.4499999881 2.1822809009    0.450 -1.387  3.6075  4.859    0  0.000  0.545     0.00     0.00     0.00     0.00     0.00 -1 -2.86e-15      0.00 7.470e-01 2.514e-01 2.929e-04 7.903e-05 7.168e-04 -1.000 1.629e-03 8.236 11.319 10.344 9.096 8.227 7.528 6.654 6.052 5.865
0.0015467 -1.00000 9.00000 0.5000000000 2.2374541529    0.500 -1.204  3.6299  4.812    1  0.000  0.545     0.00     0.00     0.00     0.00     0.00 -1 -4.36e-15      0.00 7.470e-01 2.514e-01 2.929e-04 7.903e-05 7.168e-04 -1.000 1.629e-03 7.779 10.471 9.612 8.483 7.697 7.069 6.254 5.639 5.488
0.0015467 -1.00000 9.00000 0.5496051908 2.2833311075    0.549 -1.017  3.6586  4.781    1  0.000  0.545     0.00     0.00     0.00     0.00     0.00 -1 -6.62e-15      0.00 7.500e-01 2.483e-01 2.897e-04 7.816e-05 7.089e-04 -1.000 1.617e-03 7.313 9.478 8.798 7.824 7.147 6.604 5.866 5.278 5.164
0.0015467 -1.00000 9.00000 0.5500000715 2.2836583126    0.550 -1.016  3.6588  4.781    1  0.000  0.545     0.00     0.00     0.00     0.00     0.00 -1 -6.64e-15      0.00 7.501e-01 2.483e-01 2.897e-04 7.815e-05 7.089e-04 -1.000 1.617e-03 7.309 9.470 8.792 7.819 7.142 6.600 5.863 5.275 5.161
0.0015467 -1.00000 9.00000 0.6000000238 2.3211213258    0.600 -0.841  3.6857  4.752    1  0.000  0.545     0.00     0.00     0.00     0.00     0.00 -1 -9.82e-15      0.00 7.507e-01 2.476e-01 2.890e-04 7.798e-05 7.073e-04 -1.000 1.627e-03 6.874 8.519 8.076 7.224 6.648 6.169 5.516 4.989 4.896
0.0015467 -1.00000 9.00000 0.6499999762 2.3520353107    0.650 -0.677  3.7110  4.724    1  0.000  0.545     0.00     0.00     0.00     0.00     0.00 -1 -1.42e-14      0.00 7.516e-01 2.468e-01 2.881e-04 7.774e-05 7.051e-04 -1.000 1.624e-03 6.463 7.681 7.462 6.702 6.203 5.771 5.199 4.743 4.663
0.0015467 -1.00000 9.00000 0.6999999881 2.3779266974    0.700 -0.523  3.7359  4.701    1  0.000  0.545     0.00     0.00     0.00     0.00     0.00 -1 -2.01e-14      0.00 7.526e-01 2.458e-01 2.871e-04 7.748e-05 7.028e-04 -1.000 1.574e-03 6.077 6.958 6.917 6.244 5.805 5.412 4.913 4.516 4.449
0.0015467 -1.00000 9.00000 0.7500000000 2.3998889087    0.750 -0.379  3.7592  4.680    1  0.000  0.537     0.00     0.00     0.00     0.00     0.00 -1 -2.77e-14      0.00 7.539e-01 2.446e-01 2.822e-04 7.706e-05 7.001e-04 -1.000 1.568e-03 5.716 6.347 6.435 5.842 5.452 5.097 4.657 4.304 4.251
0.0015467 -1.00000 9.00000 0.7917912602 2.4158193988    0.792 -0.266  3.7740  4.651    1  0.000  0.537     0.00     0.00     0.00     0.00     0.00 -1 -3.61e-14      0.00 7.558e-01 2.427e-01 2.804e-04 7.658e-05 6.958e-04 -1.000 1.537e-03 5.435 5.937 6.084 5.545 5.185 4.853 4.447 4.119 4.076
0.0015467 -1.00000 9.00000 0.8000000119 2.4187244405    0.800 -0.244  3.7769  4.645    1  0.000  0.537     0.00     0.00     0.00     0.00     0.00 -1  -3.8e-14      0.00 7.562e-01 2.422e-01 2.800e-04 7.648e-05 6.948e-04 -1.000 1.534e-03 5.381 5.861 6.018 5.488 5.134 4.807 4.407 4.083 4.043
0.0015467 -1.00000 9.00000 0.8023427725 2.4195410046    0.802 -0.238  3.7776  4.643    1  0.000  0.537     0.00     0.00     0.00     0.00     0.00 -1 -3.86e-14      0.00 7.564e-01 2.421e-01 2.798e-04 7.643e-05 6.945e-04 -1.000 1.535e-03 5.365 5.840 5.999 5.473 5.120 4.793 4.396 4.073 4.033
0.0015467 -1.00000 9.00000 0.8500000238 2.4350346840    0.850 -0.117  3.7921  4.604    1  0.000  0.537     0.00     0.00     0.00     0.00     0.00 -1 -5.19e-14      0.00 7.601e-01 2.383e-01 2.764e-04 7.550e-05 6.861e-04 -1.000 1.590e-03 5.061 5.445 5.636 5.160 4.835 4.531 4.164 3.865 3.834
0.0015467 -1.00000 9.00000 0.8999999762 2.4492786016    0.899  0.005  3.8058  4.562    1  0.000  0.537     0.00     0.00     0.00     0.00     0.00 -1 -7.01e-14      0.00 7.627e-01 2.358e-01 2.737e-04 7.481e-05 6.800e-04 -1.000 1.532e-03 4.757 5.076 5.279 4.849 4.550 4.268 3.931 3.654 3.632
0.0015467 -1.00000 9.00000 0.9037799239 2.4502819801    0.903  0.014  3.8068  4.559    1  0.000  0.537     0.00     0.00     0.00     0.00     0.00 -1 -7.17e-14      0.00 7.627e-01 2.358e-01 2.738e-04 7.483e-05 6.802e-04 -1.000 1.531e-03 4.735 5.050 5.253 4.826 4.529 4.248 3.913 3.639 3.617
0.0015467 -1.00000 9.00000 0.9499999881 2.4618121868    0.949  0.121  3.8189  4.522    1  0.000  0.536     0.00     0.00     0.00     0.00     0.00 -1 -9.32e-14      0.00 7.624e-01 2.360e-01 2.749e-04 7.514e-05 6.832e-04 -1.000 1.551e-03 4.468 4.745 4.944 4.553 4.278 4.017 3.709 3.457 3.439
0.0015467 -1.00000 9.00000 0.9573148489 2.4635200040    0.957  0.137  3.8208  4.517    1  0.000  0.536     0.00     0.00     0.00     0.00     0.00 -1 -9.69e-14      0.00 7.625e-01 2.360e-01 2.748e-04 7.513e-05 6.830e-04 -1.000 1.549e-03 4.428 4.699 4.897 4.511 4.239 3.981 3.678 3.430 3.413
0.0015467 -1.00000 9.00000 1.0000000000 2.4729154477    1.000  0.231  3.8320  4.487    1  0.000  0.537     0.00     0.00     0.00     0.00     0.00 -1 -1.22e-13      0.00 7.625e-01 2.359e-01 2.747e-04 7.511e-05 6.828e-04 -1.000 1.542e-03 4.193 4.439 4.625 4.269 4.017 3.778 3.500 3.275 3.260
0.0015467 -1.00000 9.00000 1.0203728676 2.4770823587    1.020  0.274  3.8376  4.475    1  0.000  0.537     0.00     0.00     0.00     0.00     0.00 -1 -1.31e-13      0.00 7.625e-01 2.359e-01 2.748e-04 7.512e-05 6.829e-04 -1.000 1.555e-03 4.085 4.322 4.498 4.157 3.915 3.685 3.420 3.207 3.193
0.0015467 -1.00000 9.00000 1.0499999523 2.4828114860    1.049  0.336  3.8456  4.457    1  0.000  0.537     0.00     0.00     0.00     0.00     0.00 -1 -1.46e-13      0.00 7.624e-01 2.361e-01 2.750e-04 7.517e-05 6.834e-04 -1.000 1.553e-03 3.930 4.156 4.318 3.996 3.769 3.553 3.307 3.110 3.097
0.0015467 -1.00000 9.00000 1.0724838972 2.4869172196    1.072  0.381  3.8523  4.448    1  0.000  0.536     0.00     0.00     0.00     0.00     0.00 -1 -1.56e-13      0.00 7.626e-01 2.358e-01 2.747e-04 7.510e-05 6.828e-04 -1.000 1.536e-03 3.817 4.035 4.183 3.877 3.663 3.459 3.228 3.044 3.033
0.0015467 -1.00000 9.00000 1.1000000238 2.4916801480    1.099  0.436  3.8605  4.437    1  0.000  0.536     0.00     0.00     0.00     0.00     0.00 -1 -1.69e-13      0.00 7.628e-01 2.357e-01 2.744e-04 7.504e-05 6.822e-04 -1.000 1.532e-03 3.680 3.891 4.021 3.734 3.536 3.346 3.133 2.967 2.956
0.0015467 -1.00000 9.00000 1.1096333265 2.4932835701    1.109  0.455  3.8638  4.436    1  0.000  0.536     0.00     0.00     0.00     0.00     0.00 -1 -1.73e-13      0.00 7.629e-01 2.355e-01 2.744e-04 7.502e-05 6.821e-04 -1.000 1.536e-03 3.634 3.842 3.966 3.686 3.494 3.310 3.105 2.945 2.934
0.0015467 -1.00000 9.00000 1.1499999762 2.4996678137    1.149  0.531  3.8776  4.430    1  0.000  0.536     0.00     0.00     0.00     0.00     0.00 -1  -1.9e-13      0.00 7.633e-01 2.351e-01 2.742e-04 7.498e-05 6.817e-04 -1.000 1.563e-03 3.442 3.644 3.735 3.486 3.320 3.162 2.987 2.854 2.845
0.0015467 -1.00000 9.00000 1.2000000477 2.5068948796    1.199  0.622  3.8960  4.431    1  0.000  0.536     0.00     0.00     0.00     0.00     0.00 -1 -2.09e-13      0.00 7.638e-01 2.347e-01 2.738e-04 7.485e-05 6.806e-04 -1.000 1.545e-03 3.215 3.411 3.461 3.251 3.121 2.997 2.860 2.763 2.754
0.0015467 -1.00000 9.00000 1.2427638769 2.5125483648    1.242  0.697  3.9115  4.433    1  0.000  0.536     0.00     0.00     0.00     0.00     0.00 -1 -2.22e-13      0.00 7.641e-01 2.343e-01 2.734e-04 7.477e-05 6.798e-04 -1.000 1.565e-03 3.027 3.220 3.238 3.062 2.962 2.867 2.761 2.690 2.681
0.0015467 -1.00000 9.00000 1.2500000000 2.5134610955    1.250  0.710  3.9141  4.433    1  0.000  0.536     0.00     0.00     0.00     0.00     0.00 -1 -2.25e-13      0.00 7.642e-01 2.343e-01 2.734e-04 7.476e-05 6.797e-04 -1.000 1.566e-03 2.995 3.188 3.202 3.032 2.937 2.846 2.745 2.677 2.669
0.0015467 -1.00000 9.00000 1.2999999523 2.5194498592    1.300  0.796  3.9311  4.433    1  0.000  0.536     0.00     0.00     0.00     0.00     0.00 -1 -2.39e-13      0.00 7.646e-01 2.338e-01 2.730e-04 7.465e-05 6.788e-04 -1.000 1.565e-03 2.781 2.975 2.963 2.834 2.769 2.707 2.636 2.592 2.584
0.0015467 -1.00000 9.00000 1.3242278099 2.5221654045    1.324  0.836  3.9389  4.431    1  0.000  0.536     0.00     0.00     0.00     0.00     0.00 -1 -2.44e-13      0.00 7.649e-01 2.336e-01 2.728e-04 7.459e-05 6.782e-04 -1.000 1.559e-03 2.679 2.877 2.858 2.748 2.696 2.644 2.585 2.550 2.542
0.0015467 -1.00000 9.00000 1.3500000238 2.5249313598    1.350  0.879  3.9469  4.429    1  0.000  0.536     0.00     0.00     0.00     0.00     0.00 -1  -2.5e-13      0.00 7.651e-01 2.334e-01 2.726e-04 7.453e-05 6.777e-04 -1.000 1.558e-03 2.571 2.772 2.753 2.660 2.619 2.578 2.530 2.503 2.496
0.0015467 -1.00000 9.00000 1.3626366854 2.5262436873    1.363  0.900  3.9506  4.426    1  0.000  0.536     0.00     0.00     0.00     0.00     0.00 -1 -2.52e-13      0.00 7.652e-01 2.333e-01 2.725e-04 7.451e-05 6.775e-04 -1.000 1.549e-03 2.519 2.721 2.703 2.617 2.581 2.545 2.502 2.478 2.472
0.0015467 -1.00000 9.00000 1.3947491646 2.5294558884    1.395  0.953  3.9594  4.419    1  0.000  0.536     0.00     0.00     0.00     0.00     0.00 -1 -2.56e-13      0.00 7.654e-01 2.331e-01 2.723e-04 7.446e-05 6.771e-04 -1.000 1.521e-03 2.387 2.592 2.580 2.512 2.486 2.460 2.430 2.413 2.408
0.0015467 -1.00000 9.00000 1.3999999762 2.5299650300    1.400  0.962  3.9608  4.418    1  0.000  0.536     0.00     0.00     0.00     0.00     0.00 -1 -2.57e-13      0.00 7.654e-01 2.330e-01 2.723e-04 7.445e-05 6.770e-04 -1.000 1.520e-03 2.366 2.571 2.561 2.495 2.470 2.446 2.418 2.402 2.397
0.0015467 -1.00000 9.00000 1.4188114405 2.5317535506    1.419  0.992  3.9656  4.412    1  0.000  0.536     0.00     0.00     0.00     0.00     0.00 -1 -2.57e-13      0.00 7.656e-01 2.329e-01 2.722e-04 7.443e-05 6.768e-04 -1.000 1.525e-03 2.290 2.497 2.493 2.435 2.416 2.396 2.375 2.362 2.358
0.0015467 -1.00000 9.00000 1.4439554214 2.5340606557    1.444  1.032  3.9717  4.404    1  0.000  0.536     0.00     0.00     0.00     0.00     0.00 -1 -2.58e-13      0.00 7.657e-01 2.328e-01 2.721e-04 7.440e-05 6.765e-04 -1.000 1.528e-03 2.189 2.397 2.402 2.356 2.342 2.328 2.315 2.307 2.304
0.0015467 -1.00000 9.00000 1.4500000477 2.5346015836    1.450  1.042  3.9731  4.402    1  0.000  0.536     0.00     0.00     0.00     0.00     0.00 -1 -2.58e-13      0.00 7.657e-01 2.328e-01 2.720e-04 7.440e-05 6.765e-04 -1.000 1.521e-03 2.165 2.373 2.381 2.336 2.323 2.312 2.300 2.293 2.290
0.0015467 -1.00000 9.00000 1.4688534737 2.5362559192    1.469  1.072  3.9773  4.394    1  0.000  0.536     0.00     0.00     0.00     0.00     0.00 -1 -2.55e-13      0.00 7.658e-01 2.327e-01 2.720e-04 7.438e-05 6.764e-04 -1.000 1.516e-03 2.089 2.297 2.313 2.276 2.267 2.259 2.252 2.248 2.246
0.0015467 -1.00000 9.00000 1.5000000000 2.5388844597    1.500  1.123  3.9837  4.378    1  0.000  0.536     0.00     0.00     0.00     0.00     0.00 -1 -2.51e-13      0.00 7.659e-01 2.325e-01 2.719e-04 7.436e-05 6.762e-04 -1.000 1.545e-03 1.963 2.173 2.202 2.176 2.171 2.169 2.170 2.169 2.169
0.0015467 -1.00000 9.00000 1.5228654146 2.5407356282    1.523  1.159  3.9879  4.365    1  0.000  0.536     0.00     0.00     0.00     0.00     0.00 -1 -2.41e-13      0.00 7.660e-01 2.325e-01 2.718e-04 7.439e-05 6.759e-04 -1.000 1.548e-03 1.871 2.082 2.121 2.102 2.100 2.101 2.108 2.109 2.110
0.0015467 -1.00000 9.00000 1.5499999523 2.5428511323    1.550  1.203  3.9924  4.347    1  0.000  0.536     0.00     0.00     0.00     0.00     0.00 -1 -2.31e-13      0.00 7.661e-01 2.324e-01 2.718e-04 7.446e-05 6.754e-04 -1.000 1.506e-03 1.763 1.974 2.025 2.013 2.014 2.018 2.030 2.034 2.036
0.0015467 -1.00000 9.00000 1.5637791157 2.5438931388    1.563  1.225  3.9945  4.337    1  0.000  0.536     0.00     0.00     0.00     0.00     0.00 -1 -2.19e-13      0.00 7.661e-01 2.324e-01 2.717e-04 7.444e-05 6.753e-04 -1.000 1.503e-03 1.708 1.919 1.976 1.967 1.970 1.975 1.990 1.994 1.997
0.0015467 -1.00000 9.00000 1.5881648064 2.5456863695    1.588  1.264  3.9973  4.316    1  0.000  0.536     0.00     0.00     0.00     0.00     0.00 -1    -2e-13      0.00 7.661e-01 2.323e-01 2.717e-04 7.439e-05 6.753e-04 -1.000 1.554e-03 1.610 1.821 1.885 1.882 1.886 1.894 1.911 1.917 1.921
0.0015467 -1.00000 9.00000 1.6000000238 2.5465340628    1.600  1.283  3.9983  4.304    1  0.000  0.536     0.00     0.00     0.00     0.00     0.00 -1 -1.92e-13      0.00 7.661e-01 2.323e-01 2.717e-04 7.439e-05 6.754e-04 -1.000 1.554e-03 1.562 1.772 1.840 1.838 1.843 1.851 1.870 1.876 1.880
0.0015467 -1.00000 9.00000 1.6174526215 2.5477581067    1.617  1.311  3.9995  4.285    1  0.000  0.537     0.00     0.00     0.00     0.00     0.00 -1 -1.59e-19      0.00 7.662e-01 2.323e-01 2.718e-04 7.440e-05 6.754e-04 -1.000 1.536e-03 1.491 1.701 1.772 1.774 1.779 1.788 1.808 1.815 1.819
0.0015467 -1.00000 9.00000 1.6430257559 2.5494977870    1.642  1.353  4.0004  4.254    1  0.000  0.537     0.00     0.00     0.00     0.00     0.00 -1 -2.43e-28      0.00 7.661e-01 2.323e-01 2.718e-04 7.445e-05 6.753e-04 -1.000 1.556e-03 1.388 1.595 1.670 1.674 1.680 1.690 1.711 1.718 1.722
0.0015467 -1.00000 9.00000 1.6499998569 2.5499614695    1.649  1.364  4.0003  4.244    1  0.000  0.537     0.00     0.00     0.00     0.00     0.00 -1    -1e-30      0.00 7.661e-01 2.323e-01 2.718e-04 7.447e-05 6.753e-04 -1.000 1.556e-03 1.359 1.566 1.640 1.645 1.651 1.661 1.682 1.689 1.693
0.0015467 -1.00000 9.00000 1.6531528234 2.5501696225    1.653  1.370  4.0003  4.240    1  0.000  0.537     0.00     0.00     0.00     0.00     0.00 -1    -1e-30      0.00 7.661e-01 2.323e-01 2.718e-04 7.452e-05 6.751e-04 -1.000 1.558e-03 1.346 1.553 1.627 1.633 1.639 1.648 1.669 1.676 1.681
0.0015467 -1.00000 9.00000 1.6784232855 2.5518054937    1.678  1.411  3.9990  4.199    1  0.000  0.537     0.00     0.00     0.00     0.00     0.00 -1    -1e-30      0.00 7.663e-01 2.321e-01 2.719e-04 7.494e-05 6.744e-04 -1.000 1.541e-03 1.241 1.444 1.516 1.522 1.527 1.536 1.556 1.562 1.566
0.0015467 -1.00000 9.00000 1.7000000477 2.5531580802    1.699  1.448  3.9964  4.158    1  0.000  0.538     0.00     0.00     0.00     0.00     0.00 -1    -1e-30      0.00 7.665e-01 2.320e-01 2.719e-04 7.530e-05 6.738e-04 -1.000 1.519e-03 1.150 1.349 1.414 1.419 1.423 1.431 1.447 1.452 1.455
0.0015467 -1.00000 9.00000 1.7110366821 2.5538347900    1.710  1.466  3.9950  4.137    1  0.000  0.538     0.00     0.00     0.00     0.00     0.00 -1    -1e-30      0.00 7.664e-01 2.321e-01 2.720e-04 7.514e-05 6.742e-04 -1.000 1.505e-03 1.104 1.300 1.362 1.367 1.370 1.377 1.391 1.396 1.399
0.0015467 -1.00000 9.00000 1.7360820770 2.5553338059    1.735  1.509  3.9899  4.080    1  0.000  0.537     0.00     0.00     0.00     0.00     0.00 -1    -1e-30      0.00 7.660e-01 2.326e-01 2.721e-04 7.479e-05 6.752e-04 -1.000 1.474e-03 0.998 1.188 1.236 1.238 1.239 1.242 1.250 1.253 1.255
0.0015467 -1.00000 9.00000 1.7500000000 2.5561455243    1.749  1.533  3.9855  4.042    1  0.000  0.537     0.00     0.00     0.00     0.00     0.00 -1    -1e-30      0.00 7.657e-01 2.328e-01 2.722e-04 7.460e-05 6.758e-04 -1.000 1.513e-03 0.937 1.124 1.159 1.158 1.157 1.157 1.160 1.160 1.161
0.0015467 -1.00000 9.00000 1.7546664476 2.5564143673    1.754  1.541  3.9839  4.028    1  0.000  0.537     0.00     0.00     0.00     0.00     0.00 -1    -1e-30      0.00 7.657e-01 2.328e-01 2.722e-04 7.459e-05 6.759e-04 -1.000 1.533e-03 0.917 1.102 1.133 1.131 1.128 1.128 1.129 1.128 1.129
0.0015467 -1.00000 9.00000 1.7717821598 2.5573865106    1.771  1.571  3.9769  3.974    1  0.000  0.537     0.00     0.00     0.00     0.00     0.00 -1    -1e-30      0.00 7.656e-01 2.329e-01 2.724e-04 7.459e-05 6.763e-04 -1.000 1.510e-03 0.841 1.023 1.036 1.026 1.020 1.014 1.006 1.002 1.001
0.0015467 -1.00000 9.00000 1.7862676382 2.5581925440    1.785  1.598  3.9700  3.924    1  0.000  0.537     0.00     0.00     0.00     0.00     0.00 -1    -1e-30      0.00 7.654e-01 2.330e-01 2.725e-04 7.460e-05 6.767e-04 -1.000 1.553e-03 0.775 0.953 0.949 0.932 0.921 0.911 0.893 0.886 0.883
0.0015467 -1.00000 9.00000 1.7999999523 2.5589429085    1.799  1.626  3.9639  3.875    1  0.000  0.537     0.00     0.00     0.00     0.00     0.00 -1    -1e-30      0.00 7.653e-01 2.331e-01 2.726e-04 7.461e-05 6.772e-04 -1.000 1.536e-03 0.704 0.880 0.863 0.839 0.824 0.808 0.783 0.771 0.767
0.0015467 -1.00000 9.00000 1.8041062355 2.5591647353    1.803  1.636  3.9630  3.863    1  0.000  0.537     0.00     0.00     0.00     0.00     0.00 -1    -1e-30      0.00 7.653e-01 2.332e-01 2.727e-04 7.461e-05 6.773e-04 -1.000 1.529e-03 0.681 0.856 0.837 0.813 0.797 0.781 0.753 0.742 0.738
0.0015467 -1.00000 9.00000 1.8113752604 2.5595545830    1.810  1.663  3.9734  3.879    1  0.000  0.537     0.00     0.00     0.00     0.00     0.00 -1    -1e-30      0.00 7.652e-01 2.333e-01 2.727e-04 7.462e-05 6.776e-04 -1.000 1.531e-03 0.613 0.787 0.793 0.784 0.776 0.768 0.755 0.749 0.748
0.0015467 -1.00000 9.00000 1.8132301569 2.5596534881    1.812  1.677  3.9832  3.904    1  0.000  0.536     0.00     0.00     0.00     0.00     0.00 -1    -1e-30      0.00 7.652e-01 2.333e-01 2.727e-04 7.462e-05 6.777e-04 -1.000 1.530e-03 0.577 0.752 0.785 0.788 0.786 0.785 0.785 0.784 0.785
0.0015467 -1.00000 9.00000 1.8140175343 2.5596954016    1.813  1.692  3.9933  3.930    1  0.000  0.536     0.00     0.00     0.00     0.00     0.00 -1    -1e-30      0.00 7.652e-01 2.333e-01 2.727e-04 7.462e-05 6.778e-04 -1.000 1.529e-03 0.541 0.720 0.782 0.797 0.800 0.806 0.818 0.821 0.825
0.0015467 -1.00000 9.00000 1.8144233227 2.5597169861    1.813  1.708  4.0032  3.953    1  0.000  0.536     0.00     0.00     0.00     0.00     0.00 -1    -1e-30      0.00 7.652e-01 2.333e-01 2.727e-04 7.463e-05 6.778e-04 -1.000 1.529e-03 0.501 0.686 0.778 0.803 0.811 0.822 0.846 0.853 0.859
0.0015467 -1.00000 9.00000 1.8146536350 2.5597292319    1.814  1.725  4.0124  3.973    1  0.000  0.536     0.00     0.00     0.00     0.00     0.00 -1    -1e-30      0.00 7.651e-01 2.333e-01 2.727e-04 7.463e-05 6.778e-04 -1.000 1.529e-03 0.457 0.649 0.770 0.804 0.815 0.831 0.866 0.876 0.885
0.0015467 -1.00000 9.00000 1.8148270845 2.5597384518    1.814  1.743  4.0207  3.989    1  0.000  0.536     0.00     0.00     0.00     0.00     0.00 -1    -1e-30      0.00 7.651e-01 2.333e-01 2.728e-04 7.463e-05 6.778e-04 -1.000 1.529e-03 0.414 0.614 0.761 0.802 0.816 0.836 0.880 0.893 0.904
0.0015467 -1.00000 9.00000 1.8148380518 2.5597390348    1.814  1.740  4.0198  3.988    1  0.000  0.536     0.00     0.00     0.00     0.00     0.00 -1    -1e-30      0.00 7.651e-01 2.333e-01 2.728e-04 7.463e-05 6.778e-04 -1.000 1.529e-03 0.421 0.621 0.764 0.805 0.819 0.838 0.881 0.894 0.904
0.0015467 -1.00000 9.00000 1.8149299622 2.5597439195    1.814  1.716  4.0111  3.977    2  0.000  0.536     0.00     0.00     0.00     0.00     0.00 -1    -1e-30      0.00 7.651e-01 2.333e-01 2.728e-04 7.463e-05 6.778e-04 -1.000 1.529e-03 0.481 0.672 0.789 0.821 0.832 0.848 0.881 0.891 0.899
0.0015467 -1.00000 9.00000 1.8150149584 2.5597484363    1.814  1.707  3.9999  3.941    2  0.000  0.536     0.00     0.00     0.00     0.00     0.00 -1    -1e-30      0.00 7.651e-01 2.333e-01 2.728e-04 7.463e-05 6.778e-04 -1.000 1.529e-03 0.503 0.685 0.767 0.789 0.795 0.805 0.825 0.831 0.836
0.0015467 -1.00000 9.00000 1.8151246309 2.5597542636    1.814  1.721  3.9883  3.881    2  0.000  0.536     0.00     0.00     0.00     0.00     0.00 -1    -1e-30      0.00 7.651e-01 2.333e-01 2.728e-04 7.463e-05 6.778e-04 -1.000 1.529e-03 0.467 0.641 0.690 0.701 0.702 0.705 0.711 0.712 0.715
0.0015467 -1.00000 9.00000 1.8152740002 2.5597621990    1.814  1.741  3.9764  3.814    2  0.000  0.536     0.00     0.00     0.00     0.00     0.00 -1    -1e-30      0.00 7.651e-01 2.333e-01 2.728e-04 7.463e-05 6.778e-04 -1.000 1.529e-03 0.419 0.586 0.603 0.602 0.596 0.590 0.581 0.577 0.576
0.0015467 -1.00000 9.00000 1.8154599667 2.5597720765    1.814  1.754  3.9644  3.752    2  0.000  0.536     0.00     0.00     0.00     0.00     0.00 -1    -1e-30      0.00 7.651e-01 2.333e-01 2.728e-04 7.463e-05 6.779e-04 -1.000 1.529e-03 0.385 0.551 0.536 0.521 0.507 0.492 0.467 0.456 0.453
0.0015467 -1.00000 9.00000 1.8156856298 2.5597840593    1.815  1.763  3.9522  3.695    2  0.000  0.536     0.00     0.00     0.00     0.00     0.00 -1    -1e-30      0.00 7.651e-01 2.333e-01 2.728e-04 7.463e-05 6.779e-04 -1.000 1.529e-03 0.362 0.529 0.487 0.455 0.432 0.407 0.364 0.346 0.339
0.0015467 -1.00000 9.00000 1.8159484863 2.5597980128    1.815  1.769  3.9399  3.639    2  0.000  0.536     0.00     0.00     0.00     0.00     0.00 -1    -1e-30      0.00 7.651e-01 2.334e-01 2.728e-04 7.463e-05 6.779e-04 -1.000 1.529e-03 0.348 0.518 0.452 0.403 0.368 0.330 0.269 0.241 0.232
0.0015467 -1.00000 9.00000 1.8162379265 2.5598133720    1.815  1.773  3.9274  3.586    2  0.000  0.536     0.00     0.00     0.00     0.00     0.00 -1    -1e-30      0.00 7.651e-01 2.334e-01 2.728e-04 7.463e-05 6.779e-04 -1.000 1.529e-03 0.339 0.516 0.434 0.363 0.314 0.260 0.180 0.140 0.129
0.0015467 -1.00000 9.00000 1.8165386915 2.5598293263    1.815  1.775  3.9149  3.534    2  0.000  0.536     0.00     0.00     0.00     0.00     0.00 -1    -1e-30      0.00 7.651e-01 2.334e-01 2.728e-04 7.464e-05 6.779e-04 -1.000 1.529e-03 0.333 0.522 0.432 0.335 0.268 0.198 0.096 0.042 0.029
0.0015467 -1.00000 9.00000 1.8168362379 2.5598451039    1.816  1.776  3.9023  3.483    2  0.000  0.536     0.00     0.00     0.00     0.00     0.00 -1    -1e-30      0.00 7.651e-01 2.334e-01 2.728e-04 7.464e-05 6.779e-04 -1.000 1.529e-03 0.331 0.533 0.445 0.318 0.230 0.140 0.016 -0.054 -0.069
0.0015467 -1.00000 9.00000 1.8171194792 2.5598601174    1.816  1.775  3.8897  3.432    2  0.000  0.536     0.00     0.00     0.00     0.00     0.00 -1    -1e-30      0.00 7.651e-01 2.334e-01 2.728e-04 7.464e-05 6.780e-04 -1.000 1.529e-03 0.331 0.548 0.473 0.310 0.199 0.089 -0.059 -0.148 -0.163
0.0015467 -1.00000 9.00000 1.8173820972 2.5598740329    1.816  1.774  3.8772  3.383    2  0.000  0.536     0.00     0.00     0.00     0.00     0.00 -1    -1e-30      0.00 7.651e-01 2.334e-01 2.728e-04 7.464e-05 6.780e-04 -1.000 1.529e-03 0.334 0.567 0.510 0.314 0.179 0.045 -0.128 -0.238 -0.255
0.0015467 -1.00000 9.00000 1.8176214695 2.5598867127    1.816  1.773  3.8647  3.335    2  0.000  0.536     0.00     0.00     0.00     0.00     0.00 -1    -1e-30      0.00 7.651e-01 2.334e-01 2.728e-04 7.464e-05 6.780e-04 -1.000 1.529e-03 0.338 0.590 0.551 0.324 0.163 0.007 -0.193 -0.326 -0.344
0.0015467 -1.00000 9.00000 1.8178375959 2.5598981578    1.817  1.770  3.8524  3.289    2  0.000  0.536     0.00     0.00     0.00     0.00     0.00 -1    -1e-30      0.00 7.651e-01 2.334e-01 2.728e-04 7.464e-05 6.780e-04 -1.000 1.529e-03 0.344 0.617 0.597 0.338 0.153 -0.027 -0.253 -0.411 -0.430
0.0015467 -1.00000 9.00000 1.8180316687 2.5599084324    1.817  1.767  3.8404  3.244    2  0.000  0.536     0.00     0.00     0.00     0.00     0.00 -1    -1e-30      0.00 7.651e-01 2.334e-01 2.728e-04 7.464e-05 6.780e-04 -1.000 1.529e-03 0.352 0.648 0.647 0.356 0.147 -0.055 -0.309 -0.491 -0.512
0.0015467 -1.00000 9.00000 1.8182061911 2.5599176698    1.817  1.763  3.8291  3.202    2  0.000  0.536     0.00     0.00     0.00     0.00     0.00 -1    -1e-30      0.00 7.651e-01 2.334e-01 2.728e-04 7.464e-05 6.780e-04 -1.000 1.529e-03 0.361 0.683 0.697 0.377 0.145 -0.078 -0.358 -0.564 -0.587
0.0015467 -1.00000 9.00000 1.8183634281 2.5599259905    1.817  1.759  3.8189  3.166    2  0.000  0.536     0.00     0.00     0.00     0.00     0.00 -1    -1e-30      0.00 7.651e-01 2.334e-01 2.728e-04 7.464e-05 6.780e-04 -1.000 1.529e-03 0.372 0.722 0.748 0.399 0.147 -0.095 -0.399 -0.627 -0.651
0.0015467 -1.00000 9.00000 1.8185057640 2.5599335213    1.817  1.754  3.8100  3.135    2  0.000  0.536     0.00     0.00     0.00     0.00     0.00 -1    -1e-30      0.00 7.651e-01 2.334e-01 2.728e-04 7.464e-05 6.780e-04 -1.000 1.529e-03 0.384 0.761 0.798 0.422 0.152 -0.106 -0.431 -0.678 -0.705
0.0015467 -1.00000 9.00000 1.8186355829 2.5599403887    1.817  1.749  3.8018  3.108    2  0.000  0.536     0.00     0.00     0.00     0.00     0.00 -1    -1e-30      0.00 7.651e-01 2.334e-01 2.728e-04 7.464e-05 6.781e-04 -1.000 1.529e-03 0.398 0.802 0.848 0.447 0.161 -0.112 -0.457 -0.721 -0.750
0.0015467 -1.00000 9.00000 1.8187561035 2.5599467631    1.818  1.743  3.7945  3.085    2  0.000  0.536     0.00     0.00     0.00     0.00     0.00 -1    -1e-30      0.00 7.650e-01 2.334e-01 2.728e-04 7.464e-05 6.781e-04 -1.000 1.529e-03 0.413 0.846 0.898 0.473 0.172 -0.114 -0.476 -0.757 -0.788
0.0015467 -1.00000 9.00000 1.8188791275 2.5599532690    1.818  1.735  3.7875  3.064    2  0.000  0.536     0.00     0.00     0.00     0.00     0.00 -1    -1e-30      0.00 7.650e-01 2.334e-01 2.729e-04 7.465e-05 6.781e-04 -1.000 1.529e-03 0.431 0.893 0.950 0.502 0.186 -0.111 -0.491 -0.787 -0.821
0.0015467 -1.00000 9.00000 1.8190182447 2.5599606247    1.818  1.725  3.7805  3.046    2  0.000  0.536     0.00     0.00     0.00     0.00     0.00 -1    -1e-30      0.00 7.650e-01 2.335e-01 2.729e-04 7.467e-05 6.783e-04 -1.000 1.529e-03 0.456 0.950 1.009 0.537 0.208 -0.103 -0.498 -0.807 -0.844
0.0015467 -1.00000 9.00000 1.8192021847 2.5599703483    1.818  1.709  3.7725  3.030    2  0.000  0.537     0.00     0.00     0.00     0.00     0.00 -1    -1e-30      0.00 7.641e-01 2.344e-01 2.739e-04 7.493e-05 6.807e-04 -1.000 1.529e-03 0.496 1.034 1.092 0.591 0.246 -0.079 -0.495 -0.824 -0.864
0.0015467 -1.00000 9.00000 1.8194307089 2.5599824257    1.818  1.684  3.7639  3.021    2  0.000  0.537     0.00     0.00     0.00     0.00     0.00 -1    -1e-30      0.00 7.607e-01 2.377e-01 2.775e-04 7.588e-05 6.890e-04 -1.000 1.541e-03 0.560 1.147 1.203 0.670 0.308 -0.032 -0.469 -0.818 -0.862
0.0015467 -1.00000 9.00000 1.8196288347 2.5599928937    1.818  1.659  3.7571  3.019    2  0.000  0.537     0.00     0.00     0.00     0.00     0.00 -1    -1e-30      0.00 7.564e-01 2.420e-01 2.813e-04 7.689e-05 6.980e-04 -1.000 1.587e-03 0.622 1.251 1.303 0.745 0.370 0.018 -0.437 -0.800 -0.848
0.0015467 -1.00000 9.00000 1.8198261261 2.5600033151    1.819  1.640  3.7509  3.013    2  0.000  0.537     0.00     0.00     0.00     0.00     0.00 -1    -1e-30      0.00 7.530e-01 2.454e-01 2.838e-04 7.757e-05 7.040e-04 -1.000 1.608e-03 0.669 1.341 1.385 0.805 0.417 0.055 -0.416 -0.793 -0.845
0.0015467 -1.00000 9.00000 1.8200232983 2.5600137275    1.819  1.626  3.7449  3.003    2  0.000  0.538     0.00     0.00     0.00     0.00     0.00 -1    -1e-30      0.00 7.509e-01 2.475e-01 2.856e-04 7.804e-05 7.082e-04 -1.000 1.629e-03 0.705 1.422 1.456 0.854 0.454 0.081 -0.407 -0.798 -0.853
0.0015467 -1.00000 9.00000 1.8203074932 2.5600287310    1.819  1.647  3.7386  2.957    3  0.000  0.537     0.00     0.00     0.00     0.00     0.00 -1    -1e-30      0.00 7.495e-01 2.489e-01 2.862e-04 7.834e-05 7.104e-04 -1.000 1.613e-03 0.652 1.422 1.440 0.815 0.403 0.019 -0.487 -0.895 -0.953
0.0015467 -1.00000 9.00000 1.8205910921 2.5600436976    1.819  1.678  3.7336  2.906    3  0.000  0.529     0.00     0.00     0.00     0.00     0.00 -1    -1e-30      0.00 7.482e-01 2.502e-01 2.824e-04 8.114e-05 7.119e-04 -1.000 1.625e-03 0.574 1.395 1.393 0.749 0.327 -0.065 -0.587 -1.008 -1.068
0.0015467 -1.00000 9.00000 1.8208742142 2.5600586337    1.820  1.714  3.7301  2.856    3  0.000  0.498     0.00     0.00     0.00     0.00     0.00 -1    -1e-30      0.00 7.468e-01 2.516e-01 2.651e-04 9.826e-05 7.126e-04 -1.000 1.629e-03 0.485 1.340 1.324 0.667 0.239 -0.159 -0.691 -1.121 -1.183
0.0015467 -1.00000 9.00000 1.8212276697 2.5600772727    1.820  1.758  3.7268  2.799    3  0.000  0.440     0.00     0.00     0.00     0.00     0.00 -1    -1e-30      0.00 7.447e-01 2.536e-01 2.336e-04 1.354e-04 7.132e-04 -1.000 1.632e-03 0.374 1.266 1.235 0.565 0.131 -0.273 -0.815 -1.253 -1.316
0.0015467 -1.00000 9.00000 1.8215801716 2.5600958532    1.820  1.802  3.7239  2.744    3  0.000  0.399     0.00     0.00     0.00     0.00     0.00 -1    -1e-30      0.00 7.426e-01 2.557e-01 2.118e-04 1.624e-04 7.136e-04 -1.000 1.653e-03 0.265 1.188 1.144 0.464 0.023 -0.385 -0.936 -1.381 -1.445
0.0015467 -1.00000 9.00000 1.8219321966 2.5601144003    1.821  1.845  3.7213  2.690    3  0.000  0.373     0.00     0.00     0.00     0.00     0.00 -1    -1e-30      0.00 7.406e-01 2.578e-01 1.987e-04 1.788e-04 7.138e-04 -1.000 1.638e-03 0.157 1.108 1.053 0.362 -0.084 -0.496 -1.055 -1.508 -1.572
0.0015467 -1.00000 9.00000 1.8222833872 2.5601328952    1.821  1.889  3.7188  2.637    3  0.000  0.356     0.00     0.00     0.00     0.00     0.00 -1    -1e-30      0.00 7.387e-01 2.597e-01 1.901e-04 1.896e-04 7.140e-04 -1.000 1.635e-03 0.049 1.029 0.961 0.261 -0.190 -0.607 -1.174 -1.633 -1.698
0.0015467 -1.00000 9.00000 1.8224235773 2.5601402758    1.821  1.906  3.7178  2.616    3  0.000  0.351     0.00     0.00     0.00     0.00     0.00 -1    -1e-30      0.00 7.380e-01 2.604e-01 1.873e-04 1.932e-04 7.141e-04 -1.000 1.629e-03 0.006 0.998 0.925 0.220 -0.232 -0.651 -1.221 -1.683 -1.749
0.0015467 -1.00000 9.00000 1.8226425648 2.5601518022    1.821  1.932  3.7162  2.583    3  0.000  0.345     0.00     0.00     0.00     0.00     0.00 -1    -1e-30      0.00 7.370e-01 2.614e-01 1.845e-04 1.969e-04 7.143e-04 -1.000 1.657e-03 -0.061 0.949 0.869 0.158 -0.297 -0.719 -1.294 -1.761 -1.827
0.0015467 -1.00000 9.00000 1.8227884769 2.5601594806    1.822  1.950  3.7152  2.561    3  0.000  0.341     0.00     0.00     0.00     0.00     0.00 -1    -1e-30      0.00 7.363e-01 2.620e-01 1.828e-04 1.993e-04 7.144e-04 -1.000 1.658e-03 -0.106 0.917 0.832 0.117 -0.340 -0.764 -1.342 -1.812 -1.879
0.0015467 -1.00000 9.00000 1.8230024576 2.5601707384    1.822  1.976  3.7137  2.529    3  0.000  0.338     0.00     0.00     0.00     0.00     0.00 -1    -1e-30      0.00 7.353e-01 2.630e-01 1.809e-04 2.036e-04 7.131e-04 -1.000 1.639e-03 -0.170 0.870 0.778 0.057 -0.403 -0.829 -1.413 -1.887 -1.954
0.0015467 -1.00000 9.00000 1.8233586550 2.5601894716    1.822  2.019  3.7113  2.477    3  0.000  0.335     0.00     0.00     0.00     0.00     0.00 -1    -1e-30      0.00 7.335e-01 2.649e-01 1.781e-04 2.126e-04 7.072e-04 -1.000 1.636e-03 -0.277 0.794 0.689 -0.042 -0.508 -0.938 -1.529 -2.010 -2.078
0.0015467 -1.00000 9.00000 1.8237140179 2.5602081525    1.823  2.061  3.7089  2.426    3  0.000  0.334     0.00     0.00     0.00     0.00     0.00 -1    -1e-30      0.00 7.316e-01 2.668e-01 1.761e-04 2.206e-04 7.011e-04 -1.000 1.634e-03 -0.382 0.724 0.602 -0.140 -0.611 -1.046 -1.644 -2.131 -2.200
0.0015467 -1.00000 9.00000 1.8240689039 2.5602268000    1.823  2.102  3.7065  2.374    3  0.000  0.333     0.00     0.00     0.00     0.00     0.00 -1    -1e-30      0.00 7.296e-01 2.688e-01 1.745e-04 2.277e-04 6.954e-04 -1.000 1.638e-03 -0.486 0.656 0.517 -0.237 -0.713 -1.152 -1.758 -2.251 -2.320
0.0015467 -1.00000 9.00000 1.8244189024 2.5602451825    1.823  2.144  3.7041  2.323    3  0.000  0.333     0.00     0.00     0.00     0.00     0.00 -1    -1e-30      0.00 7.278e-01 2.706e-01 1.733e-04 2.335e-04 6.907e-04 -1.000 1.661e-03 -0.589 0.589 0.432 -0.333 -0.815 -1.258 -1.871 -2.371 -2.441
0.0015467 -1.00000 9.00000 1.8248498440 2.5602678052    1.824  2.195  3.7010  2.260    3  0.000  0.333     0.00     0.00     0.00     0.00     0.00 -1    -1e-30      0.00 7.259e-01 2.725e-01 1.721e-04 2.389e-04 6.863e-04 -1.000 1.661e-03 -0.717 0.507 0.329 -0.451 -0.939 -1.388 -2.011 -2.518 -2.589
0.0015467 -1.00000 9.00000 1.8252048492 2.5602864323    1.824  2.237  3.6984  2.208    3  0.000  0.333     0.00     0.00     0.00     0.00     0.00 -1    -1e-30      0.00 7.246e-01 2.737e-01 1.714e-04 2.420e-04 6.837e-04 -1.000 1.658e-03 -0.823 0.443 0.245 -0.547 -1.042 -1.496 -2.127 -2.642 -2.713
0.0015467 -1.00000 9.00000 1.8255161047 2.5603027570    1.824  2.275  3.6961  2.161    3  0.000  0.333     0.00     0.00     0.00     0.00     0.00 -1    -1e-30      0.00 7.238e-01 2.746e-01 1.710e-04 2.441e-04 6.820e-04 -1.000 1.664e-03 -0.917 0.386 0.171 -0.633 -1.133 -1.591 -2.229 -2.751 -2.823
0.0015467 -1.00000 9.00000 1.8258236647 2.5603188816    1.825  2.311  3.6938  2.115    3  0.000  0.333     0.00     0.00     0.00     0.00     0.00 -1    -1e-30      0.00 7.232e-01 2.751e-01 1.707e-04 2.454e-04 6.809e-04 -1.000 1.631e-03 -1.008 0.332 0.100 -0.716 -1.221 -1.684 -2.330 -2.858 -2.931
0.0015467 -1.00000 9.00000 1.8261829615 2.5603377107    1.825  2.354  3.6910  2.061    3  0.000  0.333     0.00     0.00     0.00     0.00     0.00 -1    -1e-30      0.00 7.229e-01 2.755e-01 1.706e-04 2.461e-04 6.803e-04 -1.000 1.666e-03 -1.116 0.269 0.016 -0.813 -1.325 -1.793 -2.448 -2.984 -3.057
0.0015467 -1.00000 9.00000 1.8265658617 2.5603577673    1.825  2.399  3.6881  2.004    3  0.000  0.333     0.00     0.00     0.00     0.00     0.00 -1    -1e-30      0.00 7.227e-01 2.756e-01 1.705e-04 2.465e-04 6.801e-04 -1.000 1.705e-03 -1.228 0.206 -0.069 -0.913 -1.432 -1.906 -2.571 -3.117 -3.191
0.0015467 -1.00000 9.00000 1.8269352913 2.5603771092    1.826  2.441  3.6852  1.951    3  0.000  0.333     0.00     0.00     0.00     0.00     0.00 -1    -1e-30      0.00 7.226e-01 2.757e-01 1.704e-04 2.466e-04 6.799e-04 -1.000 1.692e-03 -1.332 0.159 -0.145 -1.005 -1.532 -2.010 -2.686 -3.241 -3.316
0.0015467 -1.00000 9.00000 1.8270577192 2.5603835171    1.826  2.452  3.6845  1.937    3  0.000  0.333     0.00     0.00     0.00     0.00     0.00 -1    -1e-30      0.00 7.226e-01 2.757e-01 1.704e-04 2.467e-04 6.799e-04 -1.000 1.692e-03 -1.361 0.149 -0.165 -1.031 -1.559 -2.039 -2.717 -3.274 -3.349
0.0015467 -1.00000 9.00000 1.8271126747 2.5603863931    1.826  2.407  3.6876  1.995    4  0.000  0.333     0.00     0.00     0.00     0.00     0.00 -1    -1e-30      0.00 7.226e-01 2.757e-01 1.704e-04 2.467e-04 6.799e-04 -1.000 1.692e-03 -1.247 0.196 -0.084 -0.930 -1.450 -1.924 -2.592 -3.139 -3.213
0.0015467 -1.00000 9.00000 1.8271210194 2.5603868298    1.826  2.383  3.6893  2.026    4  0.000  0.333     0.00     0.00     0.00     0.00     0.00 -1    -1e-30      0.00 7.226e-01 2.757e-01 1.704e-04 2.467e-04 6.799e-04 -1.000 1.692e-03 -1.186 0.227 -0.039 -0.876 -1.393 -1.864 -2.525 -3.066 -3.140
0.0015467 -1.00000 9.00000 1.8271285295 2.5603872229    1.826  2.358  3.6909  2.057    4  0.000  0.333     0.00     0.00     0.00     0.00     0.00 -1    -1e-30      0.00 7.226e-01 2.757e-01 1.704e-04 2.467e-04 6.799e-04 -1.000 1.692e-03 -1.125 0.260 0.007 -0.822 -1.335 -1.803 -2.458 -2.994 -3.068
0.0015467 -1.00000 9.00000 1.8271379471 2.5603877157    1.826  2.329  3.6929  2.094    4  0.000  0.333     0.00     0.00     0.00     0.00     0.00 -1    -1e-30      0.00 7.226e-01 2.757e-01 1.704e-04 2.467e-04 6.799e-04 -1.000 1.692e-03 -1.053 0.302 0.063 -0.757 -1.265 -1.729 -2.378 -2.909 -2.982
0.0015467 -1.00000 9.00000 1.8271499872 2.5603883457    1.826  2.298  3.6950  2.134    4  0.000  0.333     0.00     0.00     0.00     0.00     0.00 -1    -1e-30      0.00 7.226e-01 2.757e-01 1.704e-04 2.467e-04 6.799e-04 -1.000 1.692e-03 -0.974 0.347 0.123 -0.686 -1.189 -1.649 -2.291 -2.816 -2.888
0.0015467 -1.00000 9.00000 1.8271667957 2.5603892253    1.826  2.266  3.6970  2.173    4  0.000  0.333     0.00     0.00     0.00     0.00     0.00 -1    -1e-30      0.00 7.226e-01 2.757e-01 1.704e-04 2.467e-04 6.799e-04 -1.000 1.692e-03 -0.896 0.393 0.184 -0.615 -1.113 -1.570 -2.205 -2.724 -2.797
0.0015467 -1.00000 9.00000 1.8271920681 2.5603905478    1.826  2.231  3.6992  2.217    4  0.000  0.333     0.00     0.00     0.00     0.00     0.00 -1    -1e-30      0.00 7.226e-01 2.757e-01 1.704e-04 2.467e-04 6.799e-04 -1.000 1.692e-03 -0.808 0.444 0.253 -0.536 -1.029 -1.481 -2.109 -2.622 -2.693
0.0015467 -1.00000 9.00000 1.8272298574 2.5603925251    1.826  2.194  3.7015  2.263    4  0.000  0.333     0.00     0.00     0.00     0.00     0.00 -1    -1e-30      0.00 7.226e-01 2.757e-01 1.704e-04 2.467e-04 6.799e-04 -1.000 1.692e-03 -0.716 0.501 0.326 -0.452 -0.939 -1.387 -2.008 -2.515 -2.585
0.0015467 -1.00000 9.00000 1.8272869587 2.5603955128    1.826  2.157  3.7039  2.310    4  0.000  0.333     0.00     0.00     0.00     0.00     0.00 -1    -1e-30      0.00 7.226e-01 2.757e-01 1.704e-04 2.467e-04 6.799e-04 -1.000 1.692e-03 -0.623 0.559 0.400 -0.367 -0.849 -1.292 -1.906 -2.406 -2.476
0.0015467 -1.00000 9.00000 1.8273676634 2.5603997351    1.826  2.121  3.7062  2.356    4  0.000  0.333     0.00     0.00     0.00     0.00     0.00 -1    -1e-30      0.00 7.226e-01 2.757e-01 1.704e-04 2.467e-04 6.799e-04 -1.000 1.692e-03 -0.531 0.617 0.474 -0.282 -0.759 -1.198 -1.805 -2.299 -2.368
0.0015467 -1.00000 9.00000 1.8275103569 2.5604071995    1.826  2.079  3.7087  2.408    4  0.000  0.333     0.00     0.00     0.00     0.00     0.00 -1    -1e-30      0.00 7.226e-01 2.757e-01 1.704e-04 2.467e-04 6.799e-04 -1.000 1.692e-03 -0.427 0.683 0.558 -0.185 -0.656 -1.091 -1.690 -2.177 -2.246
0.0015467 -1.00000 9.00000 1.8278250694 2.5604236577    1.827  2.043  3.7110  2.453    4  0.000  0.333     0.00     0.00     0.00     0.00     0.00 -1    -1e-30      0.00 7.226e-01 2.758e-01 1.704e-04 2.467e-04 6.798e-04 -1.000 1.692e-03 -0.337 0.740 0.631 -0.102 -0.568 -0.999 -1.591 -2.072 -2.140
0.0015467 -1.00000 9.00000 1.8288661242 2.5604780539    1.828  1.996  3.7139  2.511    4  0.000  0.333     0.00     0.00     0.00     0.00     0.00 -1    -1e-30      0.00 7.225e-01 2.758e-01 1.704e-04 2.468e-04 6.798e-04 -1.000 1.692e-03 -0.220 0.818 0.727 0.006 -0.454 -0.879 -1.463 -1.936 -2.003
0.0015467 -1.00000 9.00000 1.8292711973 2.5604992002    1.828  1.964  3.7159  2.551    4  0.000  0.333     0.00     0.00     0.00     0.00     0.00 -1    -1e-30      0.00 7.225e-01 2.758e-01 1.704e-04 2.469e-04 6.797e-04 -1.000 1.692e-03 -0.141 0.874 0.792 0.080 -0.376 -0.799 -1.375 -1.843 -1.910
0.0015467 -1.00000 9.00000 1.8299472332 2.5605344678    1.829  1.923  3.7185  2.604    4  0.000  0.333     0.00     0.00     0.00     0.00     0.00 -1    -1e-30      0.00 7.225e-01 2.758e-01 1.703e-04 2.470e-04 6.797e-04 -1.000 1.692e-03 -0.036 0.947 0.878 0.176 -0.274 -0.692 -1.260 -1.721 -1.786
0.0015467 -1.00000 9.00000 1.8309018612 2.5605842180    1.830  1.874  3.7216  2.665    4  0.000  0.333     0.00     0.00     0.00     0.00     0.00 -1    -1e-30      0.00 7.225e-01 2.758e-01 1.703e-04 2.471e-04 6.796e-04 -1.000 1.692e-03 0.085 1.033 0.978 0.289 -0.156 -0.568 -1.126 -1.578 -1.642
0.0015467 -1.00000 9.00000 1.8320591450 2.5606444496    1.831  1.826  3.7250  2.726    4  0.000  0.333     0.00     0.00     0.00     0.00     0.00 -1    -1e-30      0.00 7.225e-01 2.758e-01 1.703e-04 2.472e-04 6.795e-04 -1.000 1.692e-03 0.205 1.116 1.076 0.400 -0.038 -0.444 -0.992 -1.436 -1.499
0.0015467 -1.00000 9.00000 1.8340852261 2.5607496878    1.833  1.773  3.7299  2.799    4  0.000  0.333     0.00     0.00     0.00     0.00     0.00 -1    -1e-30      0.00 7.225e-01 2.758e-01 1.702e-04 2.474e-04 6.793e-04 -1.000 1.692e-03 0.337 1.196 1.177 0.520 0.091 -0.307 -0.841 -1.271 -1.333
0.0015467 -1.00000 9.00000 1.8372169733 2.5609118313    1.836  1.739  3.7360  2.858    4  0.000  0.332     0.00     0.00     0.00     0.00     0.00 -1    -1e-30      0.00 7.224e-01 2.759e-01 1.701e-04 2.477e-04 6.791e-04 -1.000 1.692e-03 0.422 1.221 1.224 0.590 0.174 -0.214 -0.729 -1.144 -1.203
0.0015467 -1.00000 9.00000 1.8413445950 2.5611245668    1.840  1.758  3.7392  2.854    4  0.000  0.332     0.00     0.00     0.00     0.00     0.00 -1    -1e-30      0.00 7.224e-01 2.759e-01 1.700e-04 2.482e-04 6.787e-04 -1.000 1.692e-03 0.375 1.144 1.157 0.536 0.126 -0.256 -0.762 -1.169 -1.227
0.0015467 -1.00000 9.00000 1.8446698189 2.5612951510    1.843  1.776  3.7411  2.844    4  0.000  0.332     0.00     0.00     0.00     0.00     0.00 -1    -1e-30      0.00 7.223e-01 2.760e-01 1.699e-04 2.485e-04 6.785e-04 -1.000 1.692e-03 0.330 1.083 1.100 0.487 0.080 -0.298 -0.799 -1.201 -1.258
0.0015467 -1.00000 9.00000 1.8500001431 2.5615671263    1.849  1.798  3.7424  2.829    5  0.000  0.332     0.00     0.00     0.00     0.00     0.00 -1    -1e-30      0.00 7.223e-01 2.760e-01 1.697e-04 2.491e-04 6.781e-04 -1.000 1.692e-03 0.276 1.019 1.038 0.429 0.026 -0.351 -0.848 -1.247 -1.302
0.0015467 -1.00000 9.00000 1.8510563374 2.5616208040    1.850  1.802  3.7427  2.826    5  0.000  0.332     0.00     0.00     0.00     0.00     0.00 -1    -1e-30      0.00 7.223e-01 2.760e-01 1.697e-04 2.492e-04 6.780e-04 -1.000 1.691e-03 0.265 1.006 1.025 0.418 0.015 -0.361 -0.857 -1.255 -1.311
0.0015467 -1.00000 9.00000 1.8634437323 2.5622451336    1.862  1.850  3.7441  2.787    5  0.000  0.332     0.00     0.00     0.00     0.00     0.00 -1    -1e-30      0.00 7.221e-01 2.762e-01 1.693e-04 2.501e-04 6.774e-04 -1.000 1.675e-03 0.146 0.878 0.896 0.295 -0.105 -0.478 -0.971 -1.365 -1.420
0.0015467 -1.00000 9.00000 1.8757510185 2.5628560439    1.875  1.901  3.7453  2.743    5  0.000  0.331     0.00     0.00     0.00     0.00     0.00 -1    -1e-30      0.00 7.220e-01 2.763e-01 1.690e-04 2.511e-04 6.768e-04 -1.000 1.659e-03 0.018 0.743 0.760 0.163 -0.234 -0.605 -1.095 -1.486 -1.540
0.0015467 -1.00000 9.00000 1.8878127337 2.5634458851    1.887  1.953  3.7463  2.698    5  0.000  0.331     0.00     0.00     0.00     0.00     0.00 -1    -1e-30      0.00 7.219e-01 2.765e-01 1.686e-04 2.520e-04 6.763e-04 -1.000 1.644e-03 -0.112 0.608 0.623 0.031 -0.364 -0.734 -1.221 -1.610 -1.664
0.0015467 -1.00000 9.00000 1.8997739553 2.5640223140    1.899  2.005  3.7471  2.652    5  0.000  0.331     0.00     0.00     0.00     0.00     0.00 -1    -1e-30      0.00 7.218e-01 2.766e-01 1.683e-04 2.529e-04 6.757e-04 -1.000 1.630e-03 -0.242 0.474 0.487 -0.102 -0.495 -0.863 -1.348 -1.735 -1.788
0.0015467 -1.00000 9.00000 1.8999999762 2.5640331260    1.899  2.006  3.7471  2.651    5  0.000  0.331     0.00     0.00     0.00     0.00     0.00 -1    -1e-30      0.00 7.218e-01 2.766e-01 1.683e-04 2.529e-04 6.757e-04 -1.000 1.629e-03 -0.245 0.471 0.485 -0.105 -0.498 -0.865 -1.350 -1.738 -1.791
0.0015467 -1.00000 9.00000 1.9098550081 2.5645016923    1.909  2.049  3.7477  2.613    5  0.000  0.330     0.00     0.00     0.00     0.00     0.00 -1    -1e-30      0.00 7.217e-01 2.767e-01 1.680e-04 2.538e-04 6.750e-04 -1.000 1.629e-03 -0.352 0.362 0.373 -0.213 -0.605 -0.972 -1.455 -1.841 -1.894
0.0015467 -1.00000 9.00000 1.9229201078 2.5651143772    1.922  2.102  3.7473  2.561    5  0.000  0.330     0.00     0.00     0.00     0.00     0.00 -1    -1e-30      0.00 7.215e-01 2.768e-01 1.677e-04 2.550e-04 6.741e-04 -1.000 1.629e-03 -0.485 0.233 0.240 -0.347 -0.739 -1.106 -1.591 -1.979 -2.031
0.0015467 -1.00000 9.00000 1.9328303337 2.5655727674    1.932  2.135  3.7429  2.513    6  0.000  0.330     0.00     0.00     0.00     0.00     0.00 -1    -1e-30      0.00 7.214e-01 2.769e-01 1.675e-04 2.559e-04 6.734e-04 -1.000 1.629e-03 -0.567 0.185 0.185 -0.418 -0.818 -1.193 -1.691 -2.090 -2.145
0.0015467 -1.00000 9.00000 1.9391095638 2.5658604217    1.938  2.152  3.7382  2.478    6  0.000  0.330     0.00     0.00     0.00     0.00     0.00 -1    -1e-30      0.00 7.214e-01 2.770e-01 1.673e-04 2.565e-04 6.730e-04 -1.000 1.629e-03 -0.610 0.182 0.172 -0.449 -0.859 -1.242 -1.754 -2.165 -2.222
0.0015467 -1.00000 9.00000 1.9404264688 2.5659204781    1.940  2.163  3.7366  2.461    6  0.000  0.330     0.00     0.00     0.00     0.00     0.00 -1    -1e-30      0.00 7.214e-01 2.770e-01 1.673e-04 2.566e-04 6.729e-04 -1.000 1.629e-03 -0.637 0.171 0.154 -0.473 -0.886 -1.272 -1.788 -2.203 -2.260
0.0015467 -1.00000 9.00000 1.9404931068 2.5659235146    1.940  2.166  3.7388  2.467    6  0.000  0.330     0.00     0.00     0.00     0.00     0.00 -1    -1e-30      0.00 7.214e-01 2.770e-01 1.673e-04 2.566e-04 6.729e-04 -1.000 1.629e-03 -0.644 0.143 0.133 -0.486 -0.894 -1.276 -1.786 -2.195 -2.252
0.0015467 -1.00000 9.00000 1.9441086054 2.5660879027    1.944  2.169  3.7343  2.447    6  0.000  0.330     0.00     0.00     0.00     0.00     0.00 -1    -1e-30      0.00 7.213e-01 2.770e-01 1.672e-04 2.569e-04 6.726e-04 -1.000 1.629e-03 -0.654 0.177 0.152 -0.485 -0.902 -1.292 -1.815 -2.235 -2.293
0.0015467 -1.00000 9.00000 1.9462817907 2.5661863744    1.946  2.171  3.7276  2.418    6  0.000  0.330     0.00     0.00     0.00     0.00     0.00 -1    -1e-30      0.00 7.213e-01 2.771e-01 1.672e-04 2.571e-04 6.725e-04 -1.000 1.629e-03 -0.658 0.240 0.192 -0.472 -0.903 -1.305 -1.847 -2.284 -2.345
0.0015467 -1.00000 9.00000 1.9474822283 2.5662406605    1.947  2.186  3.7196  2.372    6  0.000  0.330     0.00     0.00     0.00     0.00     0.00 -1    -1e-30      0.00 7.213e-01 2.771e-01 1.672e-04 2.572e-04 6.724e-04 -1.000 1.629e-03 -0.695 0.291 0.211 -0.488 -0.936 -1.351 -1.916 -2.374 -2.438
0.0015467 -1.00000 9.00000 1.9478377104 2.5662567213    1.947  2.229  3.7126  2.301    6  0.000  0.330     0.00     0.00     0.00     0.00     0.00 -1    -1e-30      0.00 7.213e-01 2.771e-01 1.671e-04 2.573e-04 6.724e-04 -1.000 1.629e-03 -0.802 0.273 0.155 -0.575 -1.038 -1.466 -2.052 -2.528 -2.595
0.0015467 -1.00000 9.00000 1.9478806257 2.5662586598    1.947  2.251  3.7101  2.268    6  0.000  0.330     0.00     0.00     0.00     0.00     0.00 -1    -1e-30      0.00 7.213e-01 2.771e-01 1.671e-04 2.573e-04 6.724e-04 -1.000 1.629e-03 -0.859 0.249 0.117 -0.624 -1.092 -1.525 -2.119 -2.601 -2.669
0.0015467 -1.00000 9.00000 1.9479056597 2.5662597905    1.947  2.276  3.7080  2.236    7  0.000  0.330     0.00     0.00     0.00     0.00     0.00 -1    -1e-30      0.00 7.213e-01 2.771e-01 1.671e-04 2.573e-04 6.724e-04 -1.000 1.629e-03 -0.920 0.218 0.072 -0.679 -1.152 -1.588 -2.189 -2.677 -2.745
0.0015467 -1.00000 9.00000 1.9479467869 2.5662616480    1.947  2.291  3.7070  2.217    7  0.000  0.330     0.00     0.00     0.00     0.00     0.00 -1    -1e-30      0.00 7.213e-01 2.771e-01 1.671e-04 2.573e-04 6.723e-04 -1.000 1.629e-03 -0.957 0.197 0.044 -0.712 -1.187 -1.625 -2.229 -2.720 -2.788
0.0015467 -1.00000 9.00000 1.9480177164 2.5662648514    1.947  2.313  3.7054  2.189    7  0.000  0.330     0.00     0.00     0.00     0.00     0.00 -1    -1e-30      0.00 7.213e-01 2.771e-01 1.671e-04 2.573e-04 6.723e-04 -1.000 1.629e-03 -1.011 0.165 0.002 -0.761 -1.241 -1.682 -2.290 -2.785 -2.854
0.0015467 -1.00000 9.00000 1.9483107328 2.5662780821    1.948  2.314  3.7052  2.186    7  0.000  0.330     0.00     0.00     0.00     0.00     0.00 -1 -1.22e-25      0.00 7.213e-01 2.770e-01 1.671e-04 2.573e-04 6.723e-04 -1.000 1.704e-03 -1.016 0.163 -0.001 -0.765 -1.245 -1.686 -2.295 -2.790 -2.860
0.0015467 -1.00000 9.00000 1.9493683577 2.5663257995    1.949  2.324  3.7042  2.173    7  0.000  0.330     0.00     0.00     0.00     0.00     0.00 -1 -1.64e-11      0.00 7.213e-01 2.768e-01 1.671e-04 2.574e-04 6.722e-04 -1.000 1.914e-03 -1.039 0.154 -0.017 -0.786 -1.267 -1.710 -2.323 -2.821 -2.890
0.0015467 -1.00000 9.00000 1.9497028589 2.5663408790    1.949  2.343  3.7027  2.148    7  0.000  0.330     0.00     0.00     0.00     0.00     0.00 -1  -2.4e-10      0.00 7.213e-01 2.768e-01 1.671e-04 2.574e-04 6.722e-04 -1.000 1.929e-03 -1.087 0.130 -0.052 -0.828 -1.313 -1.759 -2.376 -2.879 -2.949
0.0015467 -1.00000 9.00000 1.9500000477 2.5663542714    1.949  2.367  3.7008  2.116    7  0.000  0.330     0.00     0.00     0.00     0.00     0.00 -1 -2.72e-10      0.00 7.213e-01 2.768e-01 1.671e-04 2.575e-04 6.722e-04 -1.000 1.929e-03 -1.147 0.097 -0.096 -0.882 -1.371 -1.821 -2.444 -2.951 -3.022
0.0015467 -1.00000 9.00000 1.9501960278 2.5663631004    1.949  2.383  3.6995  2.095    7  0.000  0.330     0.00     0.00     0.00     0.00     0.00 -1 -2.96e-10      0.00 7.213e-01 2.768e-01 1.671e-04 2.575e-04 6.722e-04 -1.000 1.929e-03 -1.188 0.075 -0.127 -0.918 -1.411 -1.863 -2.490 -3.001 -3.072
0.0015467 -1.00000 9.00000 1.9506013393 2.5663813534    1.949  2.425  3.6962  2.040    7  0.000  0.330     0.00     0.00     0.00     0.00     0.00 -1 -3.69e-10      0.00 7.213e-01 2.768e-01 1.671e-04 2.575e-04 6.722e-04 -1.000 1.929e-03 -1.293 0.021 -0.204 -1.011 -1.511 -1.969 -2.607 -3.127 -3.199
0.0015467 -1.00000 9.00000 1.9508936405 2.5663945117    1.950  2.462  3.6935  1.992    7  0.000  0.330     0.00     0.00     0.00     0.00     0.00 -1  -4.5e-10      0.00 7.213e-01 2.768e-01 1.671e-04 2.575e-04 6.722e-04 -1.000 1.929e-03 -1.386 -0.027 -0.272 -1.093 -1.600 -2.063 -2.710 -3.238 -3.311
0.0015467 -1.00000 9.00000 1.9511345625 2.5664053536    1.950  2.496  3.6909  1.947    7  0.000  0.330     0.00     0.00     0.00     0.00     0.00 -1 -5.37e-10      0.00 7.213e-01 2.768e-01 1.671e-04 2.575e-04 6.721e-04 -1.000 1.929e-03 -1.471 -0.066 -0.334 -1.169 -1.682 -2.150 -2.805 -3.341 -3.414
0.0015467 -1.00000 9.00000 1.9513108730 2.5664132860    1.950  2.523  3.6878  1.908    7  0.000  0.330     4.22     3.21     2.38     1.77     1.44  4 -6.25e-10      0.00 7.213e-01 2.768e-01 1.671e-04 2.576e-04 6.721e-04 -1.000 1.929e-03 -1.537 -0.076 -0.370 -1.221 -1.742 -2.216 -2.883 -3.429 -3.503
0.0015467 -1.00000 9.00000 1.9515460730 2.5664238652    1.950  2.560  3.6851  1.860    7  0.000  0.330     4.64     3.50     2.59     1.92     1.56  4 -7.54e-10      0.00 7.213e-01 2.768e-01 1.670e-04 2.576e-04 6.721e-04 -1.000 1.929e-03 -1.630 -0.113 -0.435 -1.302 -1.831 -2.310 -2.986 -3.541 -3.616
0.0015467 -1.00000 9.00000 1.9517556429 2.5664332892    1.950  2.597  3.6823  1.812    7  0.000  0.330     5.11     3.82     2.81     2.09     1.70  4 -9.17e-10      0.00 7.213e-01 2.768e-01 1.670e-04 2.576e-04 6.721e-04 -1.000 1.929e-03 -1.723 -0.140 -0.496 -1.386 -1.922 -2.405 -3.091 -3.654 -3.728
0.0015467 -1.00000 9.00000 1.9519056082 2.5664400314    1.950  2.631  3.6798  1.769    7  0.000  0.329     5.57     4.13     3.03     2.26     1.84  4 -1.09e-09      0.00 7.213e-01 2.768e-01 1.669e-04 2.577e-04 6.721e-04 -1.000 1.930e-03 -1.807 -0.162 -0.549 -1.461 -2.003 -2.491 -3.185 -3.754 -3.828
0.0015467 -1.00000 9.00000 1.9520028830 2.5664444041    1.950  2.658  3.6772  1.731    7  0.000  0.328     6.00     4.42     3.23     2.41     1.96  4 -1.26e-09      0.00 7.213e-01 2.768e-01 1.665e-04 2.581e-04 6.721e-04 -1.000 1.931e-03 -1.875 -0.163 -0.583 -1.518 -2.069 -2.560 -3.263 -3.839 -3.913
0.0015467 -1.00000 9.00000 1.9520963430 2.5664486049    1.950  2.683  3.6745  1.695    7  0.000  0.327     6.45     4.72     3.44     2.57     2.09  4 -1.44e-09      0.00 7.213e-01 2.768e-01 1.662e-04 2.585e-04 6.721e-04 -1.000 1.931e-03 -1.938 -0.158 -0.613 -1.571 -2.130 -2.625 -3.337 -3.920 -3.994
0.0015467 -1.00000 9.00000 1.9522464275 2.5664553498    1.949  2.721  3.6715  1.645    7  0.000  0.326     7.13     5.17     3.75     2.80     2.28  4 -1.75e-09      0.00 7.213e-01 2.768e-01 1.658e-04 2.589e-04 6.721e-04 -1.000 1.932e-03 -2.033 -0.172 -0.667 -1.653 -2.221 -2.722 -3.443 -4.033 -4.108
0.0015467 -1.00000 9.00000 1.9523812532 2.5664614079    1.949  2.756  3.6690  1.600    7  0.000  0.325     7.79     5.60     4.05     3.03     2.47  4 -2.09e-09      0.00 7.213e-01 2.768e-01 1.653e-04 2.594e-04 6.720e-04 -1.000 1.932e-03 -2.119 -0.185 -0.716 -1.727 -2.303 -2.808 -3.539 -4.135 -4.211
0.0015467 -1.00000 9.00000 1.9525123835 2.5664672990    1.949  2.791  3.6663  1.555    7  0.000  0.324     8.53     6.08     4.39     3.28     2.68  4 -2.52e-09      0.00 7.213e-01 2.768e-01 1.648e-04 2.601e-04 6.720e-04 -1.000 1.932e-03 -2.206 -0.193 -0.764 -1.801 -2.386 -2.896 -3.636 -4.239 -4.315
0.0015467 -1.00000 9.00000 1.9526400566 2.5664730340    1.948  2.826  3.6637  1.508    7  0.000  0.323     9.35     6.61     4.75     3.56     2.90  4 -2.99e-09      0.00 7.213e-01 2.768e-01 1.642e-04 2.609e-04 6.720e-04 -1.000 1.932e-03 -2.295 -0.201 -0.813 -1.876 -2.470 -2.984 -3.734 -4.343 -4.421
0.0015467 -1.00000 9.00000 1.9527640343 2.5664786021    1.948  2.862  3.6608  1.461    7  0.000  0.322    10.29     7.21     5.16     3.87     3.16  4 -3.59e-09      0.00 7.213e-01 2.768e-01 1.636e-04 2.616e-04 6.720e-04 -1.000 1.896e-03 -2.386 -0.197 -0.856 -1.951 -2.555 -3.074 -3.835 -4.451 -4.530
0.0015467 -1.00000 9.00000 1.9528822899 2.5664839125    1.947  2.898  3.6580  1.413    7  0.000  0.321    11.31     7.85     5.60     4.21     3.43  4 -4.31e-09      0.00 7.212e-01 2.768e-01 1.631e-04 2.622e-04 6.719e-04 -1.000 1.928e-03 -2.476 -0.187 -0.898 -2.025 -2.638 -3.164 -3.936 -4.559 -4.639
0.0015467 -1.00000 9.00000 1.9529932737 2.5664888957    1.947  2.934  3.6553  1.366    7  0.000  0.320    12.41     8.54     6.07     4.57     3.72  4 -5.17e-09      0.00 7.212e-01 2.768e-01 1.627e-04 2.628e-04 6.718e-04 -1.000 1.948e-03 -2.565 -0.193 -0.946 -2.094 -2.718 -3.250 -4.033 -4.665 -4.746
0.0015467 -1.00000 9.00000 1.9530985355 2.5664936214    1.946  2.969  3.6525  1.320    7  0.000  0.319    13.61     9.29     6.57     4.95     4.04  4 -6.18e-09      0.00 7.212e-01 2.768e-01 1.623e-04 2.634e-04 6.717e-04 -1.000 1.988e-03 -2.653 -0.195 -0.990 -2.162 -2.795 -3.334 -4.129 -4.770 -4.853
0.0015467 -1.00000 9.00000 1.9532017708 2.5664982555    1.945  3.004  3.6497  1.273    7  0.000  0.319    14.94    10.10     7.12     5.38     4.38  4 -7.34e-09      0.00 7.212e-01 2.768e-01 1.619e-04 2.640e-04 6.714e-04 -1.000 1.988e-03 -2.741 -0.194 -1.034 -2.229 -2.872 -3.418 -4.226 -4.875 -4.961
0.0015467 -1.00000 9.00000 1.9533048868 2.5665028837    1.944  3.039  3.6468  1.226    7  0.000  0.318    16.40    11.00     7.72     5.84     4.76  4  -8.8e-09      0.00 7.212e-01 2.768e-01 1.616e-04 2.645e-04 6.712e-04 -1.000 1.988e-03 -2.829 -0.190 -1.076 -2.294 -2.948 -3.501 -4.322 -4.980 -5.068
0.0015467 -1.00000 9.00000 1.9534091949 2.5665075648    1.942  3.075  3.6439  1.179    7  0.000  0.318    18.00    11.97     8.37     6.34     5.17  4 -1.04e-08      0.00 7.211e-01 2.769e-01 1.614e-04 2.650e-04 6.710e-04 -1.000 1.987e-03 -2.916 -0.184 -1.118 -2.358 -3.023 -3.584 -4.417 -5.085 -5.175
0.0015467 -1.00000 9.00000 1.9535170794 2.5665124058    1.941  3.110  3.6409  1.131    7  0.000  0.318    19.80    13.05     9.09     6.89     5.62  4 -1.24e-08      0.00 7.211e-01 2.769e-01 1.612e-04 2.655e-04 6.708e-04 -1.000 1.968e-03 -3.006 -0.176 -1.159 -2.424 -3.099 -3.669 -4.515 -5.192 -5.285
0.0015467 -1.00000 9.00000 1.9536302090 2.5665174815    1.938  3.148  3.6378  1.081    7  0.000  0.317    21.90    14.30     9.92     7.53     6.14  3  -1.5e-08      0.00 7.211e-01 2.769e-01 1.610e-04 2.659e-04 6.706e-04 -1.000 1.929e-03 -3.100 -0.166 -1.201 -2.491 -3.179 -3.757 -4.617 -5.305 -5.400
0.0015467 -1.00000 9.00000 1.9537428617 2.5665225352    1.936  3.194  3.6339  1.019    7  0.000  0.317    24.76    15.99    11.04     8.39     6.85  3 -1.86e-08      0.00 7.211e-01 2.770e-01 1.608e-04 2.663e-04 6.704e-04 -1.000 1.927e-03 -3.214 -0.147 -1.249 -2.571 -3.274 -3.863 -4.741 -5.442 -5.541
0.0015467 -1.00000 9.00000 1.9538011551 2.5665251500    1.934  3.236  3.6303  0.962    7  0.000  0.317    27.73    17.72    12.18     9.27     7.57  3 -2.29e-08      0.00 7.211e-01 2.770e-01 1.606e-04 2.666e-04 6.702e-04 -1.000 1.927e-03 -3.320 -0.117 -1.288 -2.642 -3.361 -3.961 -4.856 -5.569 -5.671
0.0015467 -1.00000 9.00000 1.9538544416 2.5665275400    1.932  3.280  3.6265  0.901    7  0.000  0.317    31.27    19.76    13.51    10.30     8.41  3 -2.84e-08      0.00 7.211e-01 2.770e-01 1.605e-04 2.669e-04 6.700e-04 -1.000 1.927e-03 -3.431 -0.076 -1.324 -2.713 -3.451 -4.063 -4.976 -5.702 -5.808
0.0015467 -1.00000 9.00000 1.9539098740 2.5665300262    1.929  3.325  3.6226  0.841    7  0.000  0.317    35.24    22.02    14.98    11.44     9.35  3 -3.51e-08      0.00 7.211e-01 2.770e-01 1.604e-04 2.670e-04 6.700e-04 -1.000 1.929e-03 -3.541 -0.032 -1.357 -2.783 -3.538 -4.164 -5.096 -5.835 -5.944
0.0015467 -1.00000 9.00000 1.9539781809 2.5665330895    1.925  3.373  3.6185  0.776    7  0.000  0.317    40.14    24.78    16.77    12.83    10.49  3 -4.44e-08      0.00 7.211e-01 2.770e-01 1.604e-04 2.670e-04 6.700e-04 -1.000 1.929e-03 -3.662 0.016 -1.393 -2.857 -3.634 -4.273 -5.226 -5.979 -6.093
0.0015467 -1.00000 9.00000 1.9540382624 2.5665357838    1.921  3.448  3.6119  0.673    7  0.000  0.317    49.26    29.83    20.02    15.36    12.56  2 -6.31e-08      0.00 7.211e-01 2.770e-01 1.603e-04 2.672e-04 6.699e-04 -1.000 1.929e-03 -3.851 0.096 -1.446 -2.971 -3.781 -4.444 -5.429 -6.205 -6.326
0.0015467 -1.00000 9.00000 1.9540419579 2.5665359495    1.921  3.451  3.6116  0.669    7  0.000  0.317    49.63    30.04    20.15    15.46    12.64  2 -6.38e-08      0.00 7.211e-01 2.770e-01 1.603e-04 2.673e-04 6.697e-04 -1.000 1.929e-03 -3.857 0.103 -1.445 -2.973 -3.785 -4.449 -5.435 -6.213 -6.334
0.0015467 -1.00000 9.00000 1.9540424347 2.5665359709    1.921  3.440  3.6125  0.684    7  0.000  0.317    48.19    29.25    19.65    15.07    12.32  2 -6.05e-08      0.00 7.211e-01 2.770e-01 1.603e-04 2.673e-04 6.697e-04 -1.000 1.929e-03 -3.829 0.093 -1.436 -2.956 -3.763 -4.424 -5.406 -6.180 -6.300
0.0015467 -1.00000 9.00000 1.9540429115 2.5665359923    1.921  3.428  3.6136  0.699    7  0.000  0.317    46.71    28.43    19.12    14.66    11.99  2 -5.72e-08      0.00 7.211e-01 2.770e-01 1.603e-04 2.673e-04 6.697e-04 -1.000 1.929e-03 -3.801 0.077 -1.431 -2.940 -3.742 -4.399 -5.375 -6.145 -6.265
0.0015467 -1.00000 9.00000 1.9540449381 2.5665360831    1.920  3.446  3.6119  0.675    7  0.000  0.317    49.02    29.70    19.94    15.30    12.51  2 -6.23e-08      0.00 7.211e-01 2.770e-01 1.603e-04 2.674e-04 6.697e-04 -1.000 1.929e-03 -3.845 0.101 -1.440 -2.965 -3.775 -4.438 -5.422 -6.199 -6.319
0.0015467 -1.00000 9.00000 1.9540467262 2.5665361633    1.920  3.466  3.6101  0.647    7  0.000  0.317    51.80    31.22    20.91    16.06    13.13  2 -6.86e-08      0.00 7.211e-01 2.770e-01 1.603e-04 2.674e-04 6.697e-04 -1.000 1.929e-03 -3.896 0.123 -1.454 -2.995 -3.814 -4.484 -5.477 -6.260 -6.383
0.0015467 -1.00000 9.00000 1.9540487528 2.5665362542    1.920  3.487  3.6083  0.620    7  0.000  0.317    54.73    32.82    21.94    16.85    13.78  2 -7.57e-08      0.00 7.211e-01 2.770e-01 1.603e-04 2.674e-04 6.697e-04 -1.000 1.929e-03 -3.947 0.148 -1.465 -3.024 -3.853 -4.529 -5.532 -6.320 -6.446
0.0015467 -1.00000 9.00000 1.9540519714 2.5665363985    1.920  3.511  3.6062  0.587    7  0.000  0.317    58.46    34.84    23.22    17.86    14.61  2 -8.48e-08      0.00 7.211e-01 2.770e-01 1.603e-04 2.675e-04 6.697e-04 -1.000 1.929e-03 -4.008 0.179 -1.478 -3.057 -3.898 -4.583 -5.596 -6.393 -6.521
0.0015467 -1.00000 9.00000 1.9540563822 2.5665365963    1.919  3.538  3.6037  0.550    7  0.582  0.317    62.90    37.23    24.74    19.04    15.58  2 -9.61e-08      0.00 7.211e-01 2.770e-01 1.602e-04 2.675e-04 6.697e-04 -1.000 1.929e-03 -4.075 0.217 -1.490 -3.093 -3.947 -4.642 -5.668 -6.473 -6.604
0.0015467 -1.00000 9.00000 1.9540629387 2.5665368903    1.918  3.563  3.6014  0.515    7  0.582  0.317    67.45    39.66    26.28    20.25    16.57  2 -1.08e-07      0.00 7.211e-01 2.770e-01 1.602e-04 2.675e-04 6.697e-04 -1.000 1.929e-03 -4.139 0.253 -1.501 -3.126 -3.993 -4.697 -5.735 -6.549 -6.683
0.0015467 -1.00000 9.00000 1.9540765285 2.5665374997    1.916  3.596  3.5983  0.469    7  0.572  0.317    73.84    43.05    28.42    21.93    17.94  2 -1.25e-07      0.00 7.211e-01 2.770e-01 1.602e-04 2.675e-04 6.697e-04 -1.000 1.929e-03 -4.221 0.307 -1.508 -3.165 -4.051 -4.769 -5.823 -6.647 -6.785
0.0015467 -1.00000 9.00000 1.9540858269 2.5665379166    1.914  3.605  3.5975  0.457    7  0.572  0.317    75.72    44.04    29.05    22.41    18.35  2 -1.32e-07      0.00 7.211e-01 2.770e-01 1.602e-04 2.675e-04 6.697e-04 -1.000 1.929e-03 -4.243 0.324 -1.508 -3.174 -4.065 -4.788 -5.847 -6.674 -6.813
0.0015467 -1.00000 9.00000 1.9540865421 2.5665379487    1.914  3.605  3.5975  0.457    8  0.572  0.334    75.72    44.05    29.05    22.42    18.35  2  -1.3e-07      0.00 7.211e-01 2.773e-01 1.701e-04 2.676e-04 6.728e-04 -1.000 1.621e-03 -4.243 0.324 -1.508 -3.174 -4.065 -4.788 -5.847 -6.674 -6.813
0.0015467 -1.00000 9.00000 1.9541608095 2.5665412786    1.902  3.638  3.5935  0.405    8  0.575  0.338    83.73    48.25    31.68    24.49    20.05  2 -1.53e-07      0.00 7.211e-01 2.773e-01 1.704e-04 2.676e-04 6.729e-04 -1.000 1.621e-03 -4.325 0.413 -1.493 -3.198 -4.115 -4.856 -5.936 -6.776 -6.921
0.0015467 -1.00000 9.00000 1.9542595148 2.5665457039    1.884  3.681  3.5892  0.341    8  0.580  0.364    94.89    54.03    35.29    27.33    22.38  2 -1.91e-07      0.00 7.208e-01 2.776e-01 1.847e-04 2.677e-04 6.760e-04 -1.000 1.639e-03 -4.432 0.502 -1.488 -3.239 -4.184 -4.946 -6.050 -6.905 -7.057
0.0015467 -1.00000 9.00000 1.9543766975 2.5665509568    1.858  3.716  3.5851  0.283    8  0.586  0.479   106.13    59.78    38.86    30.16    24.69  2 -2.34e-07      0.00 7.199e-01 2.783e-01 2.463e-04 2.673e-04 6.857e-04 -1.000 1.711e-03 -4.521 0.593 -1.468 -3.262 -4.234 -5.019 -6.145 -7.014 -7.172
0.0015467 -1.00000 9.00000 1.9544930458 2.5665561717    1.827  3.751  3.5808  0.224    8  0.592  0.816   118.97    66.25    42.85    33.33    27.29  2 -2.87e-07      0.00 7.184e-01 2.797e-01 4.290e-04 2.667e-04 7.010e-04 -1.000 1.911e-03 -4.607 0.693 -1.439 -3.278 -4.280 -5.088 -6.239 -7.122 -7.287
0.0015467 -1.00000 9.00000 1.9545984268 2.5665608943    1.794  3.793  3.5666  0.117    8  0.598  1.593   146.74    80.02    51.29    40.03    32.79  1 -3.14e-07      0.00 7.162e-01 2.814e-01 8.582e-04 2.659e-04 7.183e-04  7.570 2.363e-03 -4.712 0.465 -1.676 -3.450 -4.351 -5.106 -6.372 -7.197 -7.433
0.0015467 -1.00000 9.00000 1.9546983242 2.5665653707    1.742  3.826  3.5521  0.013    8  0.604  2.729   179.62    95.86    60.92    47.72    39.10  1  -5.1e-07      0.00 7.137e-01 2.832e-01 1.504e-03 2.650e-04 7.348e-04  8.046 3.033e-03 -4.796 0.793 -1.474 -3.337 -4.307 -5.114 -6.455 -7.332 -7.596
0.0015467 -1.00000 9.00000 1.9547928572 2.5665696062    1.653  3.854  3.5369 -0.098    8  0.609  4.126   222.12   115.61    72.76    57.26    46.93  0 -8.41e-07      0.05 7.110e-01 2.851e-01 2.324e-03 2.640e-04 7.510e-04  8.315 3.882e-03 -4.864 1.213 -1.162 -3.112 -4.164 -5.034 -6.479 -7.431 -7.765
0.0015467 -1.00000 9.00000 1.9548815489 2.5665735796    1.446  3.878  3.5190 -0.252    8  0.615  5.648   281.90   147.64    91.63    72.73    59.57  0 -1.76e-06      0.19 7.081e-01 2.870e-01 3.250e-03 2.629e-04 7.673e-04  8.498 4.843e-03 -4.926 2.012 -0.561 -2.656 -3.840 -4.812 -6.426 -7.485 -7.952
0.0015467 -1.00000 9.00000 1.9549639225 2.5665772695    1.342  3.901  3.4857 -0.440    8  0.622  6.913   362.12   203.54   124.30    99.40    81.44  0 -2.66e-07      0.04 7.057e-01 2.886e-01 4.045e-03 2.619e-04 7.801e-04  8.611 5.672e-03 -4.983 2.191 -0.348 -2.567 -3.862 -4.940 -6.617 -7.684 -8.102
0.0015467 -1.00000 9.00000 1.9550359249 2.5665804946    1.260  3.924  3.4632 -0.581    8  0.628  7.895   435.74    -1.00    -1.00    -1.00    -1.00  0 -1.48e-06      0.27 7.038e-01 2.899e-01 4.676e-03 2.611e-04 7.896e-04  8.684 6.337e-03 -5.041 3.401 0.567 -1.881 -3.373 -4.615 -6.509 -7.651 -8.226
0.0015467 -1.00000 9.00000 1.9551005363 2.5665833884    1.216  3.945  3.4200 -0.790    8  0.635  8.798   428.09    -1.00    -1.00    -1.00    -1.00  0  -4.3e-06      1.37 7.020e-01 2.911e-01 5.269e-03 2.603e-04 7.985e-04  8.744 6.966e-03 -5.091 7.668 3.677 0.585 -1.481 -3.136 -5.734 -7.116 -8.142
0.0015467 -1.00000 9.00000 1.9551609755 2.5665860951    1.204  3.963  3.3582 -1.059    8  0.641  9.659   425.84    -1.00    -1.00    -1.00    -1.00  0 -9.14e-06      3.48 7.002e-01 2.922e-01 5.848e-03 2.595e-04 8.072e-04  8.795 7.582e-03 -5.136 14.339 8.599 4.581 1.755 -0.355 -4.034 -5.977 -7.614
0.0015467 -1.00000 9.00000 1.9552135468 2.5665884493    1.177  3.978  3.3528 -1.106    8  0.647 10.415   421.01    -1.00    -1.00    -1.00    -1.00  0 -1.07e-05      4.37 6.986e-01 2.932e-01 6.367e-03 2.588e-04 8.151e-04  8.837 8.140e-03 -5.175 16.988 10.577 6.173 3.058 0.786 -3.331 -5.510 -7.367
0.0015467 -1.00000 9.00000 1.9552639723 2.5665907073    1.138  3.992  3.3571 -1.118    8  0.653 11.132   413.93    -1.00    -1.00    -1.00    -1.00  0  -1.2e-05      5.27 6.971e-01 2.942e-01 6.869e-03 2.581e-04 8.227e-04  8.874 8.682e-03 -5.210 19.632 12.556 7.756 4.358 1.931 -2.623 -5.036 -7.102
0.0015467 -1.00000 9.00000 1.9553102255 2.5665927783    1.050  4.007  3.3481 -1.203    8  0.659 11.787   397.56    -1.00    -1.00    -1.00    -1.00  0  -4.1e-06      1.41 6.957e-01 2.951e-01 7.335e-03 2.575e-04 8.298e-04  8.905 9.190e-03 -5.247 7.898 3.758 0.597 -1.530 -3.222 -5.867 -7.240 -8.295
0.0015467 -1.00000 9.00000 1.9553529024 2.5665946891    0.919  4.020  3.3659 -1.204    8  0.664 12.366   332.91    -1.00    -1.00    -1.00    -1.00  0 -1.17e-05      5.24 6.944e-01 2.959e-01 7.755e-03 2.569e-04 8.361e-04  8.932 9.648e-03 -5.281 19.461 12.410 7.624 4.237 1.816 -2.722 -5.126 -7.184
0.0015467 -1.00000 9.00000 1.9553922415 2.5665964504    0.734  4.034  3.4566 -0.952    8  0.670 12.865   221.74    -1.00    -1.00    -1.00    -1.00  0  -6.8e-06      2.31 6.933e-01 2.966e-01 8.122e-03 2.564e-04 8.417e-04  8.954 1.005e-02 -5.315 9.796 5.243 1.863 -0.393 -2.138 -5.125 -6.849 -8.154
0.0015467 -1.00000 9.00000 1.9554051161 2.5665970268    0.670 -9.999  4.0296  1.394    9  0.672  0.000     0.00     0.00     0.00     0.00     0.00 -1    -1e-30      0.00 6.929e-01 2.969e-01 8.243e-03 2.562e-04 8.436e-04  8.961 1.019e-02 29.767 29.821 30.176 30.230 30.223 30.224 30.295 30.298 30.317
# Zini     MH   logAge Mini        int_IMF         Mass   logL    logTe  logg  label   McoreTP C_O  period0  period1  period2  period3  period4  pmode  Mloss  tau1m   X   Y   Xc  Xn  Xo  Cexcess  Z 	 mbolmag  Umag    Bmag    Vmag    Rmag    Imag    Jmag    Hmag    Kmag
0.0015467 -1.00000 10.00000 0.0900000036 1.0816895926    0.090 -3.240  3.4437  5.359    1  0.000  0.545     0.00     0.00     0.00     0.00     0.00 -1 -5.05e-17      0.00 7.453e-01 2.531e-01 2.929e-04 7.903e-05 7.168e-04 -1.000 1.629e-03 12.869 21.312 18.553 16.543 14.492 12.452 10.790 10.415 10.247
0.0015467 -1.00000 10.00000 0.0977863744 1.1523445899    0.098 -3.052  3.4702  5.313    1  0.000  0.545     0.00     0.00     0.00     0.00     0.00 -1 -7.88e-17      0.00 7.445e-01 2.539e-01 2.929e-04 7.903e-05 7.168e-04 -1.000 1.629e-03 12.399 19.603 17.247 15.308 13.623 11.873 10.405 9.949 9.767
0.0015467 -1.00000 10.00000 0.1000000015 1.1711064122    0.100 -3.001  3.4774  5.301    1  0.000  0.545     0.00     0.00     0.00     0.00     0.00 -1 -8.88e-17      0.00 7.443e-01 2.541e-01 2.929e-04 7.903e-05 7.168e-04 -1.000 1.629e-03 12.272 19.168 16.912 14.993 13.393 11.722 10.301 9.827 9.642
0.0015467 -1.00000 10.00000 0.1044455096 1.2072034557    0.104 -2.934  3.4853  5.284    1  0.000  0.545     0.00     0.00     0.00     0.00     0.00 -1 -1.03e-16      0.00 7.439e-01 2.545e-01 2.929e-04 7.903e-05 7.168e-04 -1.000 1.629e-03 12.105 18.657 16.517 14.622 13.112 11.531 10.159 9.667 9.477
0.0015467 -1.00000 10.00000 0.1200000048 1.3193154741    0.120 -2.720  3.5107  5.232    1  0.000  0.545     0.00     0.00     0.00     0.00     0.00 -1 -1.68e-16      0.00 7.426e-01 2.558e-01 2.929e-04 7.903e-05 7.168e-04 -1.000 1.629e-03 11.569 17.123 15.330 13.538 12.250 10.938 9.705 9.169 8.965
0.0015467 -1.00000 10.00000 0.1400000006 1.4384526719    0.140 -2.535  3.5285  5.185    1  0.000  0.545     0.00     0.00     0.00     0.00     0.00 -1  -2.5e-16      0.00 7.413e-01 2.571e-01 2.929e-04 7.903e-05 7.168e-04 -1.000 1.629e-03 11.108 16.058 14.474 12.777 11.598 10.449 9.299 8.744 8.534
0.0015467 -1.00000 10.00000 0.1599999964 1.5372931554    0.160 -2.395  3.5397  5.148    1  0.000  0.545     0.00     0.00     0.00     0.00     0.00 -1 -3.38e-16      0.00 7.402e-01 2.582e-01 2.929e-04 7.903e-05 7.168e-04 -1.000 1.629e-03 10.758 15.370 13.899 12.270 11.145 10.085 8.982 8.417 8.206
0.0015467 -1.00000 10.00000 0.2000000179 1.6938791367    0.200 -2.176  3.5545  5.085    1  0.000  0.545     0.00     0.00     0.00     0.00     0.00 -1 -5.37e-16      0.00 7.388e-01 2.596e-01 2.929e-04 7.904e-05 7.168e-04 -1.000 1.629e-03 10.211 14.424 13.085 11.544 10.481 9.525 8.479 7.905 7.691
0.0015467 -1.00000 10.00000 0.2500000000 1.8403257998    0.250 -1.971  3.5660  5.023    1  0.000  0.545     0.00     0.00     0.00     0.00     0.00 -1 -4.59e-16      0.00 7.383e-01 2.601e-01 2.929e-04 7.904e-05 7.168e-04 -1.000 1.629e-03 9.698 13.623 12.379 10.906 9.887 9.006 8.002 7.420 7.206
0.0015467 -1.00000 10.00000 0.3000000417 1.9529140366    0.300 -1.811  3.5748  4.978    1  0.000  0.545     0.00     0.00     0.00     0.00     0.00 -1 -4.06e-16      0.00 7.384e-01 2.600e-01 2.929e-04 7.904e-05 7.168e-04 -1.000 1.629e-03 9.299 13.027 11.846 10.422 9.434 8.602 7.628 7.042 6.828
0.0015467 -1.00000 10.00000 0.3499999940 2.0434174644    0.350 -1.679  3.5821  4.942    1  0.000  0.545     0.00     0.00     0.00     0.00     0.00 -1  -1.5e-15      0.00 7.466e-01 2.518e-01 2.929e-04 7.903e-05 7.168e-04 -1.000 1.629e-03 8.968 12.543 11.412 10.027 9.065 8.269 7.318 6.728 6.517
0.0015467 -1.00000 10.00000 0.4000000060 2.1185024399    0.400 -1.527  3.5932  4.892    1  0.000  0.545     0.00     0.00     0.00     0.00     0.00 -1 -2.11e-15      0.00 7.470e-01 2.514e-01 2.929e-04 7.903e-05 7.168e-04 -1.000 1.629e-03 8.588 11.937 10.880 9.555 8.634 7.886 6.970 6.373 6.170
0.0015467 -1.00000 10.00000 0.4499999881 2.1822809009    0.450 -1.352  3.6097  4.834    1  0.000  0.545     0.00     0.00     0.00     0.00     0.00 -1 -3.19e-15      0.00 7.470e-01 2.514e-01 2.929e-04 7.903e-05 7.168e-04 -1.000 1.629e-03 8.150 11.190 10.228 8.993 8.133 7.442 6.573 5.967 5.785
0.0015467 -1.00000 10.00000 0.5000000000 2.2374541529    0.500 -1.154  3.6357  4.786    1  0.000  0.545     0.00     0.00     0.00     0.00     0.00 -1 -5.05e-15      0.00 7.470e-01 2.514e-01 2.929e-04 7.903e-05 7.168e-04 -1.000 1.629e-03 7.655 10.246 9.418 8.320 7.556 6.946 6.145 5.529 5.388
0.0015467 -1.00000 10.00000 0.5500000715 2.2836583126    0.550 -0.936  3.6681  4.739    1  0.000  0.544     0.00     0.00     0.00     0.00     0.00 -1 -8.38e-15      0.00 7.758e-01 2.228e-01 2.621e-04 7.075e-05 6.419e-04 -1.000 1.466e-03 7.111 9.089 8.489 7.562 6.922 6.405 5.694 5.121 5.016
0.0015467 -1.00000 10.00000 0.6000000238 2.3211213258    0.600 -0.737  3.6973  4.694    1  0.000  0.544     0.00     0.00     0.00     0.00     0.00 -1 -1.33e-14      0.00 7.823e-01 2.163e-01 2.557e-04 6.906e-05 6.268e-04 -1.000 1.417e-03 6.613 8.042 7.714 6.906 6.369 5.913 5.298 4.805 4.718
0.0015467 -1.00000 10.00000 0.6148604155 2.3309139812    0.615 -0.677  3.7068  4.683    1  0.000  0.544     0.00     0.00     0.00     0.00     0.00 -1 -1.53e-14      0.00 7.844e-01 2.142e-01 2.536e-04 6.848e-05 6.216e-04 -1.000 1.393e-03 6.463 7.739 7.492 6.718 6.208 5.768 5.183 4.715 4.633
0.0015467 -1.00000 10.00000 0.6355410218 2.3436695112    0.635 -0.594  3.7198  4.666    1  0.000  0.544     0.00     0.00     0.00     0.00     0.00 -1 -1.86e-14      0.00 7.875e-01 2.111e-01 2.504e-04 6.764e-05 6.141e-04 -1.000 1.398e-03 6.255 7.337 7.193 6.465 5.990 5.572 5.027 4.592 4.516
0.0015467 -1.00000 10.00000 0.6499999762 2.3520353107    0.650 -0.536  3.7287  4.654    1  0.000  0.544     0.00     0.00     0.00     0.00     0.00 -1 -2.13e-14      0.00 7.897e-01 2.089e-01 2.481e-04 6.704e-05 6.087e-04 -1.000 1.403e-03 6.110 7.074 6.992 6.295 5.841 5.438 4.918 4.504 4.433
0.0015467 -1.00000 10.00000 0.6615411639 2.3584119720    0.661 -0.490  3.7351  4.641    1  0.000  0.543     0.00     0.00     0.00     0.00     0.00 -1 -2.38e-14      0.00 7.919e-01 2.067e-01 2.460e-04 6.647e-05 6.037e-04 -1.000 1.399e-03 5.995 6.880 6.840 6.165 5.725 5.331 4.830 4.430 4.362
0.0015467 -1.00000 10.00000 0.6781662107 2.3671602648    0.678 -0.424  3.7442  4.622    1  0.000  0.543     0.00     0.00     0.00     0.00     0.00 -1 -2.81e-14      0.00 7.952e-01 2.035e-01 2.428e-04 6.563e-05 5.961e-04 -1.000 1.371e-03 5.829 6.610 6.624 5.980 5.559 5.179 4.702 4.321 4.258
0.0015467 -1.00000 10.00000 0.6936124563 2.3748575575    0.693 -0.361  3.7523  4.602    1  0.000  0.543     0.00     0.00     0.00     0.00     0.00 -1 -3.28e-14      0.00 7.984e-01 2.003e-01 2.397e-04 6.481e-05 5.887e-04 -1.000 1.359e-03 5.674 6.369 6.426 5.810 5.407 5.041 4.583 4.217 4.160
0.0015467 -1.00000 10.00000 0.6999999881 2.3779266974    0.700 -0.336  3.7556  4.593    1  0.000  0.543     0.00     0.00     0.00     0.00     0.00 -1  -3.5e-14      0.00 7.997e-01 1.989e-01 2.384e-04 6.446e-05 5.856e-04 -1.000 1.345e-03 5.609 6.271 6.344 5.740 5.344 4.983 4.534 4.173 4.118
0.0015467 -1.00000 10.00000 0.7073645592 2.3813862985    0.707 -0.305  3.7593  4.582    1  0.000  0.542     0.00     0.00     0.00     0.00     0.00 -1 -3.78e-14      0.00 8.016e-01 1.971e-01 2.361e-04 6.397e-05 5.813e-04 -1.000 1.306e-03 5.533 6.158 6.249 5.659 5.271 4.916 4.475 4.121 4.069
0.0015467 -1.00000 10.00000 0.7182536721 2.3863524025    0.718 -0.260  3.7647  4.565    1  0.000  0.540     0.00     0.00     0.00     0.00     0.00 -1 -4.25e-14      0.00 8.045e-01 1.942e-01 2.326e-04 6.320e-05 5.746e-04 -1.000 1.303e-03 5.420 5.997 6.110 5.539 5.162 4.816 4.387 4.042 3.994
0.0015467 -1.00000 10.00000 0.7286624908 2.3909402486    0.728 -0.216  3.7696  4.547    1  0.000  0.538     0.00     0.00     0.00     0.00     0.00 -1 -4.76e-14      0.00 8.075e-01 1.913e-01 2.292e-04 6.244e-05 5.680e-04 -1.000 1.272e-03 5.310 5.845 5.977 5.424 5.057 4.718 4.301 3.964 3.919
0.0015467 -1.00000 10.00000 0.7384952903 2.3951378759    0.738 -0.174  3.7741  4.528    1  0.000  0.536     0.00     0.00     0.00     0.00     0.00 -1 -5.32e-14      0.00 8.104e-01 1.884e-01 2.259e-04 6.169e-05 5.615e-04 -1.000 1.265e-03 5.204 5.704 5.851 5.315 4.956 4.625 4.218 3.889 3.847
0.0015467 -1.00000 10.00000 0.7478531003 2.3990150678    0.748 -0.133  3.7782  4.509    1  0.000  0.535     0.00     0.00     0.00     0.00     0.00 -1 -5.94e-14      0.00 8.133e-01 1.855e-01 2.226e-04 6.094e-05 5.549e-04 -1.000 1.205e-03 5.102 5.569 5.729 5.209 4.859 4.534 4.136 3.814 3.775
0.0015467 -1.00000 10.00000 0.7500000000 2.3998889087    0.750 -0.123  3.7792  4.505    1  0.000  0.534     0.00     0.00     0.00     0.00     0.00 -1 -6.09e-14      0.00 8.140e-01 1.848e-01 2.218e-04 6.077e-05 5.533e-04 -1.000 1.203e-03 5.078 5.538 5.701 5.184 4.836 4.512 4.117 3.796 3.757
0.0015467 -1.00000 10.00000 0.7572705150 2.4028059118    0.757 -0.091  3.7818  4.487    1  0.000  0.534     0.00     0.00     0.00     0.00     0.00 -1 -6.67e-14      0.00 8.172e-01 1.816e-01 2.188e-04 5.996e-05 5.461e-04 -1.000 1.203e-03 4.997 5.440 5.608 5.101 4.758 4.439 4.049 3.732 3.695
0.0015467 -1.00000 10.00000 0.7677704096 2.4069066520    0.767 -0.042  3.7854  4.459    1  0.000  0.534     0.00     0.00     0.00     0.00     0.00 -1 -7.64e-14      0.00 8.218e-01 1.769e-01 2.144e-04 5.876e-05 5.353e-04 -1.000 1.243e-03 4.876 5.298 5.472 4.977 4.641 4.328 3.946 3.635 3.601
0.0015467 -1.00000 10.00000 0.7777298689 2.4106788839    0.777  0.005  3.7888  4.430    1  0.000  0.533     0.00     0.00     0.00     0.00     0.00 -1 -8.75e-14      0.00 8.263e-01 1.725e-01 2.100e-04 5.760e-05 5.249e-04 -1.000 1.196e-03 4.757 5.161 5.338 4.856 4.526 4.219 3.844 3.539 3.506
0.0015467 -1.00000 10.00000 0.7867228985 2.4139908756    0.786  0.050  3.7917  4.402    1  0.000  0.533     0.00     0.00     0.00     0.00     0.00 -1 -9.96e-14      0.00 8.304e-01 1.684e-01 2.060e-04 5.652e-05 5.154e-04 -1.000 1.169e-03 4.645 5.034 5.213 4.742 4.418 4.115 3.747 3.447 3.416
0.0015467 -1.00000 10.00000 0.7951595783 2.4170197775    0.794  0.094  3.7943  4.373    1  0.000  0.532     0.00     0.00     0.00     0.00     0.00 -1 -1.13e-13      0.00 8.343e-01 1.646e-01 2.022e-04 5.550e-05 5.062e-04 -1.000 1.148e-03 4.535 4.912 5.092 4.630 4.311 4.013 3.650 3.355 3.326
0.0015467 -1.00000 10.00000 0.8000000119 2.4187244405    0.799  0.120  3.7957  4.355    1  0.000  0.532     0.00     0.00     0.00     0.00     0.00 -1 -1.23e-13      0.00 8.365e-01 1.624e-01 2.000e-04 5.491e-05 5.009e-04 -1.000 1.141e-03 4.469 4.840 5.019 4.563 4.247 3.951 3.591 3.298 3.270
0.0015467 -1.00000 10.00000 0.8032187819 2.4198449291    0.802  0.138  3.7967  4.343    1  0.000  0.532     0.00     0.00     0.00     0.00     0.00 -1 -1.29e-13      0.00 8.375e-01 1.613e-01 1.990e-04 5.465e-05 4.987e-04 -1.000 1.142e-03 4.425 4.791 4.971 4.518 4.204 3.909 3.552 3.261 3.233
0.0015467 -1.00000 10.00000 0.8110998273 2.4225452809    0.810  0.183  3.7988  4.311    1  0.000  0.532     0.00     0.00     0.00     0.00     0.00 -1 -1.48e-13      0.00 8.399e-01 1.590e-01 1.969e-04 5.408e-05 4.936e-04 -1.000 1.112e-03 4.312 4.670 4.848 4.403 4.094 3.803 3.450 3.164 3.137
0.0015467 -1.00000 10.00000 0.8183593154 2.4249798136    0.817  0.226  3.8006  4.279    1  0.000  0.531     0.00     0.00     0.00     0.00     0.00 -1 -1.68e-13      0.00 8.418e-01 1.571e-01 1.952e-04 5.365e-05 4.898e-04 -1.000 1.102e-03 4.206 4.557 4.733 4.295 3.989 3.701 3.352 3.069 3.043
0.0015467 -1.00000 10.00000 0.8275811672 2.4280017242    0.826  0.283  3.8022  4.233    1  0.000  0.531     0.00     0.00     0.00     0.00     0.00 -1 -2.01e-13      0.00 8.431e-01 1.558e-01 1.943e-04 5.343e-05 4.880e-04 -1.000 1.129e-03 4.062 4.409 4.581 4.149 3.847 3.563 3.217 2.937 2.912
0.0015467 -1.00000 10.00000 0.8348063827 2.4303157897    0.834  0.331  3.8031  4.192    1  0.000  0.531     0.00     0.00     0.00     0.00     0.00 -1 -2.36e-13      0.00 8.429e-01 1.559e-01 1.948e-04 5.356e-05 4.893e-04 -1.000 1.140e-03 3.942 4.288 4.456 4.028 3.728 3.445 3.101 2.823 2.799
0.0015467 -1.00000 10.00000 0.8350276351 2.4303859253    0.834  0.333  3.8031  4.191    1  0.000  0.531     0.00     0.00     0.00     0.00     0.00 -1 -2.37e-13      0.00 8.429e-01 1.559e-01 1.948e-04 5.357e-05 4.893e-04 -1.000 1.140e-03 3.939 4.284 4.452 4.024 3.724 3.441 3.098 2.820 2.795
0.0015467 -1.00000 10.00000 0.8383916616 2.4314470572    0.837  0.357  3.8030  4.168    1  0.000  0.530     0.00     0.00     0.00     0.00     0.00 -1 -2.57e-13      0.00 8.427e-01 1.562e-01 1.952e-04 5.368e-05 4.904e-04 -1.000 1.140e-03 3.877 4.224 4.390 3.962 3.663 3.380 3.036 2.758 2.733
0.0015467 -1.00000 10.00000 0.8452125192 2.4335688097    0.844  0.410  3.8018  4.113    1  0.000  0.530     0.00     0.00     0.00     0.00     0.00 -1 -3.06e-13      0.00 8.422e-01 1.567e-01 1.960e-04 5.390e-05 4.925e-04 -1.000 1.135e-03 3.745 4.098 4.259 3.829 3.528 3.244 2.897 2.617 2.592
0.0015467 -1.00000 10.00000 0.8500000238 2.4350346840    0.848  0.452  3.7995  4.065    1  0.000  0.530     0.00     0.00     0.00     0.00     0.00 -1 -3.55e-13      0.00 8.419e-01 1.570e-01 1.965e-04 5.405e-05 4.939e-04 -1.000 1.140e-03 3.641 4.004 4.162 3.726 3.421 3.133 2.782 2.498 2.472
0.0015467 -1.00000 10.00000 0.8509466648 2.4353222884    0.849  0.460  3.7991  4.056    1  0.000  0.530     0.00     0.00     0.00     0.00     0.00 -1 -3.66e-13      0.00 8.416e-01 1.572e-01 1.968e-04 5.413e-05 4.946e-04 -1.000 1.142e-03 3.620 3.986 4.142 3.706 3.400 3.112 2.759 2.475 2.448
0.0015467 -1.00000 10.00000 0.8520476818 2.4356558704    0.851  0.470  3.7984  4.043    1  0.000  0.530     0.00     0.00     0.00     0.00     0.00 -1 -3.82e-13      0.00 8.413e-01 1.575e-01 1.971e-04 5.423e-05 4.955e-04 -1.000 1.145e-03 3.595 3.964 4.119 3.681 3.374 3.084 2.730 2.444 2.417
0.0015467 -1.00000 10.00000 0.8530575037 2.4359609520    0.851  0.480  3.7974  4.029    2  0.000  0.530     0.00     0.00     0.00     0.00     0.00 -1 -3.96e-13      0.00 8.411e-01 1.578e-01 1.974e-04 5.431e-05 4.962e-04 -1.000 1.147e-03 3.569 3.944 4.098 3.656 3.347 3.057 2.700 2.412 2.385
0.0015467 -1.00000 10.00000 0.8571413755 2.4371863206    0.855  0.523  3.7917  3.965    2  0.000  0.530     0.00     0.00     0.00     0.00     0.00 -1 -4.68e-13      0.00 8.383e-01 1.605e-01 2.011e-04 5.532e-05 5.054e-04 -1.000 1.179e-03 3.461 3.863 4.011 3.552 3.233 2.934 2.564 2.266 2.236
0.0015467 -1.00000 10.00000 0.8600205183 2.4380421704    0.858  0.556  3.7849  3.907    2  0.000  0.531     0.00     0.00     0.00     0.00     0.00 -1 -5.39e-13      0.00 8.308e-01 1.680e-01 2.109e-04 5.798e-05 5.295e-04 -1.000 1.218e-03 3.379 3.815 3.955 3.475 3.144 2.834 2.449 2.138 2.104
0.0015467 -1.00000 10.00000 0.8621232510 2.4386630737    0.860  0.581  3.7774  3.853    2  0.000  0.532     0.00     0.00     0.00     0.00     0.00 -1 -6.07e-13      0.00 8.184e-01 1.803e-01 2.250e-04 6.178e-05 5.637e-04 -1.000 1.279e-03 3.317 3.797 3.925 3.421 3.076 2.754 2.351 2.027 1.988
0.0015467 -1.00000 10.00000 0.8637412786 2.4391384853    0.862  0.599  3.7693  3.803    2  0.000  0.533     0.00     0.00     0.00     0.00     0.00 -1  -6.7e-13      0.00 7.996e-01 1.991e-01 2.425e-04 6.648e-05 6.058e-04 -1.000 1.366e-03 3.272 3.806 3.917 3.385 3.025 2.689 2.267 1.927 1.884
0.0015467 -1.00000 10.00000 0.8650749326 2.4395288045    0.863  0.614  3.7606  3.755    2  0.000  0.535     0.00     0.00     0.00     0.00     0.00 -1 -7.33e-13      0.00 7.833e-01 2.153e-01 2.564e-04 7.021e-05 6.390e-04 -1.000 1.451e-03 3.235 3.830 3.922 3.359 2.983 2.633 2.190 1.833 1.785
0.0015467 -1.00000 10.00000 0.8662810326 2.4398806027    0.864  0.633  3.7516  3.700    2  0.000  0.536     0.00     0.00     0.00     0.00     0.00 -1 -8.14e-13      0.00 7.726e-01 2.259e-01 2.654e-04 7.260e-05 6.604e-04 -1.000 1.496e-03 3.188 3.854 3.921 3.327 2.933 2.569 2.103 1.729 1.676
0.0015467 -1.00000 10.00000 0.8673693538 2.4401970814    0.865  0.661  3.7437  3.641    2  0.000  0.536     0.00     0.00     0.00     0.00     0.00 -1 -9.29e-13      0.00 7.663e-01 2.322e-01 2.708e-04 7.404e-05 6.731e-04 -1.000 1.524e-03 3.117 3.848 3.891 3.271 2.862 2.485 1.999 1.608 1.550
0.0015467 -1.00000 10.00000 0.8683698177 2.4404872070    0.866  0.702  3.7376  3.576    2  0.000  0.537     0.00     0.00     0.00     0.00     0.00 -1  -1.1e-12      0.00 7.621e-01 2.364e-01 2.743e-04 7.496e-05 6.814e-04 -1.000 1.561e-03 3.016 3.802 3.823 3.183 2.763 2.376 1.872 1.468 1.407
0.0015467 -1.00000 10.00000 0.8689256310 2.4406480560    0.867  0.729  3.7347  3.538    2  0.000  0.537     0.00     0.00     0.00     0.00     0.00 -1 -1.22e-12      0.00 7.601e-01 2.384e-01 2.758e-04 7.538e-05 6.851e-04 -1.000 1.552e-03 2.948 3.762 3.772 3.122 2.696 2.305 1.792 1.381 1.318
0.0015467 -1.00000 10.00000 0.8691661358 2.4407175833    0.867  0.743  3.7337  3.519    2  0.000  0.537     0.00     0.00     0.00     0.00     0.00 -1 -1.29e-12      0.00 7.593e-01 2.392e-01 2.763e-04 7.551e-05 6.862e-04 -1.000 1.556e-03 2.912 3.735 3.741 3.088 2.660 2.267 1.752 1.338 1.275
0.0015467 -1.00000 10.00000 0.8698030114 2.4409014834    0.868  0.783  3.7312  3.470    3  0.000  0.537     0.00     0.00     0.00     0.00     0.00 -1 -1.49e-12      0.00 7.572e-01 2.413e-01 2.775e-04 7.584e-05 6.892e-04 -1.000 1.564e-03 2.811 3.657 3.654 2.992 2.561 2.164 1.641 1.221 1.157
0.0015467 -1.00000 10.00000 0.8704193830 2.4410791683    0.868  0.826  3.7291  3.419    3  0.000  0.537     0.00     0.00     0.00     0.00     0.00 -1 -1.74e-12      0.00 7.551e-01 2.433e-01 2.785e-04 7.613e-05 6.917e-04 -1.000 1.564e-03 2.705 3.573 3.561 2.892 2.456 2.056 1.527 1.101 1.036
0.0015467 -1.00000 10.00000 0.8710147142 2.4412505132    0.869  0.870  3.7273  3.368    3  0.000  0.537     0.00     0.00     0.00     0.00     0.00 -1 -2.05e-12      0.00 7.531e-01 2.453e-01 2.792e-04 7.640e-05 6.938e-04 -1.000 1.590e-03 2.594 3.482 3.460 2.785 2.346 1.943 1.408 0.977 0.912
0.0015467 -1.00000 10.00000 0.8716318607 2.4414278528    0.869  0.920  3.7255  3.311    3  0.000  0.536     0.00     0.00     0.00     0.00     0.00 -1 -2.45e-12      0.00 7.509e-01 2.475e-01 2.794e-04 7.676e-05 6.956e-04 -1.000 1.583e-03 2.470 3.376 3.346 2.665 2.223 1.817 1.276 0.840 0.775
0.0015467 -1.00000 10.00000 0.8721476197 2.4415758368    0.870  0.965  3.7240  3.260    3  0.000  0.533     0.00     0.00     0.00     0.00     0.00 -1 -2.89e-12      0.00 7.489e-01 2.495e-01 2.787e-04 7.742e-05 6.970e-04 -1.000 1.575e-03 2.356 3.278 3.242 2.556 2.111 1.703 1.157 0.717 0.651
0.0015467 -1.00000 10.00000 0.8726704717 2.4417256508    0.870  1.015  3.7224  3.204    3  0.000  0.529     0.00     0.00     0.00     0.00     0.00 -1 -3.45e-12      0.00 7.468e-01 2.516e-01 2.769e-04 7.897e-05 6.981e-04 -1.000 1.573e-03 2.233 3.170 3.127 2.436 1.988 1.577 1.027 0.582 0.516
0.0015467 -1.00000 10.00000 0.8731427193 2.4418607876    0.871  1.064  3.7208  3.150    3  0.000  0.523     0.00     0.00     0.00     0.00     0.00 -1  -4.1e-12      0.00 7.450e-01 2.534e-01 2.740e-04 8.176e-05 6.991e-04 -1.000 1.593e-03 2.111 3.064 3.015 2.318 1.868 1.455 0.899 0.451 0.384
0.0015467 -1.00000 10.00000 0.8735987544 2.4419911256    0.871  1.114  3.7192  3.092    3  0.000  0.516     0.00     0.00     0.00     0.00     0.00 -1 -4.93e-12      0.00 7.433e-01 2.551e-01 2.705e-04 8.554e-05 6.998e-04 -1.000 1.621e-03 1.984 2.954 2.897 2.195 1.743 1.326 0.766 0.312 0.245
0.0015467 -1.00000 10.00000 0.8739863634 2.4421017840    0.871  1.162  3.7176  3.039    3  0.000  0.509     0.00     0.00     0.00     0.00     0.00 -1 -5.84e-12      0.00 7.420e-01 2.564e-01 2.673e-04 8.939e-05 7.004e-04 -1.000 1.610e-03 1.866 2.854 2.789 2.082 1.626 1.207 0.641 0.183 0.115
0.0015467 -1.00000 10.00000 0.8743424416 2.4422033413    0.872  1.209  3.7159  2.985    3  0.000  0.503     0.00     0.00     0.00     0.00     0.00 -1 -6.93e-12      0.00 7.408e-01 2.576e-01 2.643e-04 9.312e-05 7.008e-04 -1.000 1.617e-03 1.747 2.755 2.682 1.968 1.509 1.087 0.516 0.053 -0.016
0.0015467 -1.00000 10.00000 0.8746684194 2.4422962302    0.872  1.257  3.7142  2.931    3  0.000  0.498     0.00     0.00     0.00     0.00     0.00 -1 -8.23e-12      0.00 7.398e-01 2.586e-01 2.617e-04 9.632e-05 7.012e-04 -1.000 1.620e-03 1.629 2.658 2.575 1.855 1.393 0.968 0.391 -0.078 -0.146
0.0015467 -1.00000 10.00000 0.8749748468 2.4423834756    0.872  1.305  3.7124  2.875    3  0.000  0.494     0.00     0.00     0.00     0.00     0.00 -1 -9.81e-12      0.00 7.391e-01 2.593e-01 2.598e-04 9.871e-05 7.014e-04 -1.000 1.575e-03 1.507 2.559 2.466 1.739 1.273 0.845 0.262 -0.212 -0.281
0.0015467 -1.00000 10.00000 0.8752332330 2.4424569882    0.872  1.350  3.7107  2.824    3  0.000  0.492     0.00     0.00     0.00     0.00     0.00 -1 -1.15e-11      0.00 7.387e-01 2.598e-01 2.586e-04 1.003e-04 7.016e-04 -1.000 1.557e-03 1.396 2.469 2.367 1.633 1.164 0.733 0.143 -0.336 -0.405
0.0015467 -1.00000 10.00000 0.8754820228 2.4425277234    0.872  1.396  3.7088  2.770    3  0.000  0.490     0.00     0.00     0.00     0.00     0.00 -1 -1.37e-11      0.00 7.383e-01 2.601e-01 2.576e-04 1.016e-04 7.017e-04 -1.000 1.584e-03 1.280 2.376 2.264 1.523 1.050 0.615 0.020 -0.465 -0.535
0.0015467 -1.00000 10.00000 0.8757130504 2.4425933671    0.872  1.443  3.7068  2.715    3  0.000  0.489     0.00     0.00     0.00     0.00     0.00 -1 -1.62e-11      0.00 7.381e-01 2.603e-01 2.572e-04 1.022e-04 7.018e-04 -1.000 1.564e-03 1.162 2.284 2.161 1.411 0.935 0.496 -0.106 -0.596 -0.667
0.0015467 -1.00000 10.00000 0.8759204745 2.4426522703    0.872  1.489  3.7049  2.661    3  0.000  0.488     0.00     0.00     0.00     0.00     0.00 -1 -1.92e-11      0.00 7.380e-01 2.604e-01 2.569e-04 1.025e-04 7.018e-04 -1.000 1.596e-03 1.047 2.194 2.060 1.303 0.822 0.380 -0.229 -0.725 -0.797
0.0015467 -1.00000 10.00000 0.8761111498 2.4427063889    0.872  1.535  3.7028  2.607    3  0.000  0.488     0.00     0.00     0.00     0.00     0.00 -1 -2.27e-11      0.00 7.379e-01 2.605e-01 2.568e-04 1.026e-04 7.018e-04 -1.000 1.596e-03 0.931 2.106 1.960 1.195 0.710 0.264 -0.352 -0.855 -0.927
0.0015467 -1.00000 10.00000 0.8762752414 2.4427529406    0.872  1.578  3.7009  2.556    3  0.000  0.488     0.00     0.00     0.00     0.00     0.00 -1 -2.66e-11      0.00 7.379e-01 2.605e-01 2.568e-04 1.027e-04 7.018e-04 -1.000 1.596e-03 0.824 2.023 1.867 1.094 0.605 0.156 -0.467 -0.976 -1.049
0.0015467 -1.00000 10.00000 0.8764352798 2.4427983233    0.872  1.624  3.6988  2.502    3  0.000  0.488     0.00     0.00     0.00     0.00     0.00 -1 -3.14e-11      0.00 7.379e-01 2.605e-01 2.568e-04 1.027e-04 7.018e-04 -1.000 1.595e-03 0.710 1.938 1.770 0.988 0.495 0.042 -0.589 -1.104 -1.177
0.0015467 -1.00000 10.00000 0.8765770793 2.4428385179    0.872  1.667  3.6967  2.450    3  0.000  0.488     0.00     0.00     0.00     0.00     0.00 -1 -3.69e-11      0.00 7.379e-01 2.605e-01 2.567e-04 1.028e-04 7.019e-04 -1.000 1.595e-03 0.601 1.864 1.679 0.887 0.389 -0.068 -0.706 -1.227 -1.301
0.0015467 -1.00000 10.00000 0.8767107725 2.4428764010    0.872  1.712  3.6945  2.397    3  0.000  0.488     0.00     0.00     0.00     0.00     0.00 -1 -4.34e-11      0.00 7.379e-01 2.605e-01 2.567e-04 1.028e-04 7.019e-04 -1.000 1.595e-03 0.490 1.789 1.586 0.784 0.280 -0.181 -0.825 -1.353 -1.427
0.0015467 -1.00000 10.00000 0.8768336177 2.4429111985    0.872  1.756  3.6922  2.344    3  0.000  0.488     0.00     0.00     0.00     0.00     0.00 -1 -5.11e-11      0.00 7.379e-01 2.605e-01 2.567e-04 1.028e-04 7.019e-04 -1.000 1.595e-03 0.381 1.716 1.495 0.682 0.173 -0.292 -0.944 -1.478 -1.552
0.0015467 -1.00000 10.00000 0.8769441843 2.4429425084    0.872  1.798  3.6900  2.293    3  0.000  0.488     0.00     0.00     0.00     0.00     0.00 -1 -5.97e-11      0.00 7.379e-01 2.605e-01 2.567e-04 1.029e-04 7.019e-04 -1.000 1.595e-03 0.275 1.646 1.409 0.585 0.071 -0.399 -1.057 -1.598 -1.673
0.0015467 -1.00000 10.00000 0.8770527244 2.4429732356    0.872  1.841  3.6877  2.241    3  0.000  0.488     0.00     0.00     0.00     0.00     0.00 -1    -7e-11      0.00 7.379e-01 2.605e-01 2.566e-04 1.029e-04 7.019e-04 -1.000 1.595e-03 0.168 1.580 1.323 0.487 -0.032 -0.506 -1.173 -1.721 -1.797
0.0015467 -1.00000 10.00000 0.8771554232 2.4430023010    0.872  1.879  3.6857  2.195    3  0.000  0.488     0.00     0.00     0.00     0.00     0.00 -1 -8.06e-11      0.00 7.379e-01 2.605e-01 2.566e-04 1.029e-04 7.019e-04 -1.000 1.595e-03 0.073 1.522 1.247 0.401 -0.123 -0.601 -1.275 -1.829 -1.906
0.0015467 -1.00000 10.00000 0.8772864342 2.4430393680    0.871  1.914  3.6840  2.152    3  0.000  0.488     0.00     0.00     0.00     0.00     0.00 -1 -9.23e-11      0.00 7.379e-01 2.605e-01 2.566e-04 1.029e-04 7.019e-04 -1.000 1.594e-03 -0.015 1.465 1.175 0.321 -0.208 -0.689 -1.370 -1.930 -2.007
0.0015467 -1.00000 10.00000 0.8773655295 2.4430617403    0.871  1.892  3.6856  2.181    3  0.000  0.488     0.00     0.00     0.00     0.00     0.00 -1 -8.55e-11      0.00 7.379e-01 2.605e-01 2.566e-04 1.030e-04 7.019e-04 -1.000 1.594e-03 0.041 1.493 1.216 0.370 -0.155 -0.633 -1.308 -1.863 -1.939
0.0015467 -1.00000 10.00000 0.8774034977 2.4430724780    0.871  1.878  3.6866  2.199    3  0.000  0.488     0.00     0.00     0.00     0.00     0.00 -1 -8.12e-11      0.00 7.379e-01 2.606e-01 2.566e-04 1.030e-04 7.019e-04 -1.000 1.594e-03 0.076 1.511 1.242 0.400 -0.122 -0.598 -1.270 -1.821 -1.898
0.0015467 -1.00000 10.00000 0.8774725795 2.4430920122    0.871  1.915  3.6845  2.153    3  0.000  0.488     0.00     0.00     0.00     0.00     0.00 -1 -9.21e-11      0.00 7.379e-01 2.606e-01 2.566e-04 1.030e-04 7.019e-04 -1.000 1.594e-03 -0.017 1.455 1.169 0.316 -0.211 -0.691 -1.370 -1.928 -2.005
0.0015467 -1.00000 10.00000 0.8775488734 2.4431135816    0.871  1.956  3.6822  2.102    3  0.000  0.488     0.00     0.00     0.00     0.00     0.00 -1 -1.07e-10      0.00 7.378e-01 2.606e-01 2.566e-04 1.030e-04 7.019e-04 -1.000 1.594e-03 -0.121 1.393 1.087 0.223 -0.310 -0.795 -1.482 -2.048 -2.126
0.0015467 -1.00000 10.00000 0.8776224852 2.4431343887    0.870  1.999  3.6797  2.050    3  0.000  0.487     0.00     0.00     0.00     0.00     0.00 -1 -1.25e-10      0.00 7.378e-01 2.606e-01 2.565e-04 1.030e-04 7.019e-04 -1.000 1.594e-03 -0.227 1.331 1.005 0.128 -0.411 -0.900 -1.597 -2.171 -2.249
0.0015467 -1.00000 10.00000 0.8776897788 2.4431534064    0.870  2.040  3.6773  1.999    3  0.000  0.487     0.00     0.00     0.00     0.00     0.00 -1 -1.46e-10      0.00 7.378e-01 2.606e-01 2.565e-04 1.030e-04 7.019e-04 -1.000 1.594e-03 -0.330 1.275 0.926 0.037 -0.509 -1.003 -1.708 -2.291 -2.369
0.0015467 -1.00000 10.00000 0.8777534962 2.4431714103    0.870  2.082  3.6748  1.947    3  0.000  0.487     0.00     0.00     0.00     0.00     0.00 -1 -1.71e-10      0.00 7.378e-01 2.606e-01 2.565e-04 1.031e-04 7.019e-04 -1.000 1.594e-03 -0.434 1.237 0.854 -0.058 -0.612 -1.110 -1.823 -2.412 -2.490
0.0015467 -1.00000 10.00000 0.8778109550 2.4431876433    0.869  2.122  3.6722  1.896    3  0.000  0.487     0.00     0.00     0.00     0.00     0.00 -1 -1.99e-10      0.00 7.378e-01 2.606e-01 2.565e-04 1.031e-04 7.019e-04 -1.000 1.594e-03 -0.536 1.203 0.785 -0.150 -0.711 -1.213 -1.934 -2.529 -2.608
0.0015467 -1.00000 10.00000 0.8778643012 2.4432027121    0.869  2.163  3.6697  1.845    3  0.000  0.487     0.00     0.00     0.00     0.00     0.00 -1 -2.32e-10      0.00 7.378e-01 2.606e-01 2.565e-04 1.031e-04 7.019e-04 -1.000 1.594e-03 -0.638 1.170 0.718 -0.242 -0.810 -1.316 -2.046 -2.647 -2.725
0.0015467 -1.00000 10.00000 0.8779132962 2.4432165500    0.869  2.203  3.6671  1.794    3  0.000  0.487     0.00     0.00     0.00     0.00     0.00 -1  -2.7e-10      0.00 7.378e-01 2.606e-01 2.565e-04 1.031e-04 7.019e-04 -1.000 1.594e-03 -0.738 1.144 0.654 -0.330 -0.907 -1.417 -2.156 -2.763 -2.842
0.0015467 -1.00000 10.00000 0.8779586554 2.4432293595    0.868  2.243  3.6646  1.744    3  0.000  0.487     0.00     0.00     0.00     0.00     0.00 -1 -3.14e-10      0.00 7.378e-01 2.606e-01 2.565e-04 1.031e-04 7.019e-04 -1.000 1.594e-03 -0.838 1.121 0.592 -0.418 -1.003 -1.518 -2.265 -2.879 -2.958
0.0015467 -1.00000 10.00000 0.8779998422 2.4432409893    0.868  2.282  3.6620  1.694    3  0.000  0.487     0.00     0.00     0.00     0.00     0.00 -1 -3.64e-10      0.00 7.378e-01 2.606e-01 2.565e-04 1.031e-04 7.020e-04 -1.000 1.593e-03 -0.936 1.101 0.533 -0.503 -1.096 -1.615 -2.372 -2.992 -3.072
0.0015467 -1.00000 10.00000 0.8780387640 2.4432519785    0.867  2.322  3.6594  1.644    3  0.000  0.487     0.00     0.00     0.00     0.00     0.00 -1 -4.22e-10      0.00 7.378e-01 2.606e-01 2.565e-04 1.031e-04 7.020e-04 -1.000 1.593e-03 -1.034 1.083 0.475 -0.588 -1.190 -1.713 -2.480 -3.107 -3.187
0.0015467 -1.00000 10.00000 0.8780742288 2.4432619906    0.866  2.360  3.6568  1.594    3  0.000  0.487     0.00     0.00     0.00     0.00     0.00 -1 -4.89e-10      0.00 7.378e-01 2.606e-01 2.565e-04 1.031e-04 7.020e-04 -1.000 1.593e-03 -1.131 1.071 0.420 -0.669 -1.280 -1.808 -2.585 -3.219 -3.301
0.0015467 -1.00000 10.00000 0.8781071305 2.4432712783    0.866  2.399  3.6541  1.545    3  0.000  0.487     0.00     0.00     0.00     0.00     0.00 -1 -5.65e-10      0.00 7.378e-01 2.606e-01 2.564e-04 1.032e-04 7.020e-04 -1.000 1.593e-03 -1.227 1.061 0.367 -0.750 -1.369 -1.903 -2.690 -3.331 -3.414
0.0015467 -1.00000 10.00000 0.8781372905 2.4432797913    0.865  2.436  3.6515  1.497    3  0.000  0.487     0.00     0.00     0.00     0.00     0.00 -1 -6.52e-10      0.00 7.378e-01 2.606e-01 2.564e-04 1.032e-04 7.020e-04 -1.000 1.593e-03 -1.321 1.055 0.317 -0.829 -1.456 -1.995 -2.793 -3.441 -3.525
0.0015467 -1.00000 10.00000 0.8781717420 2.4432895148    0.864  2.483  3.6482  1.436    3  0.000  0.487     0.00     0.00     0.00     0.00     0.00 -1 -7.78e-10      0.00 7.378e-01 2.606e-01 2.564e-04 1.032e-04 7.020e-04 -1.000 1.593e-03 -1.438 1.044 0.252 -0.920 -1.560 -2.107 -2.920 -3.577 -3.664
0.0015467 -1.00000 10.00000 0.8781976104 2.4432968153    0.863  2.521  3.6456  1.388    3  0.000  0.487     8.72     6.67     4.70     3.64     2.94  3 -8.98e-10      0.00 7.378e-01 2.606e-01 2.564e-04 1.032e-04 7.020e-04 -1.000 1.593e-03 -1.532 1.038 0.201 -0.993 -1.643 -2.197 -3.021 -3.687 -3.776
0.0015467 -1.00000 10.00000 0.8782261610 2.4433048722    0.862  2.565  3.6423  1.330    3  0.000  0.487     9.85     7.41     5.20     4.02     3.26  3 -1.06e-09      0.00 7.378e-01 2.606e-01 2.564e-04 1.032e-04 7.020e-04 -1.000 1.593e-03 -1.643 1.035 0.143 -1.078 -1.740 -2.303 -3.141 -3.818 -3.909
0.0015467 -1.00000 10.00000 0.8782530427 2.4433124576    0.861  2.611  3.6390  1.271    3  0.000  0.487    11.15     8.24     5.76     4.46     3.62  3 -1.27e-09      0.00 7.378e-01 2.606e-01 2.564e-04 1.032e-04 7.020e-04 -1.000 1.593e-03 -1.756 1.032 0.084 -1.164 -1.839 -2.411 -3.264 -3.952 -4.045
0.0015467 -1.00000 10.00000 0.8782734275 2.4433182093    0.860  2.647  3.6363  1.222    3  0.000  0.487    12.34     8.99     6.25     4.85     3.93  3 -1.46e-09      0.00 7.378e-01 2.606e-01 2.564e-04 1.032e-04 7.020e-04 -1.000 1.593e-03 -1.848 1.032 0.038 -1.233 -1.918 -2.498 -3.363 -4.060 -4.156
0.0015467 -1.00000 10.00000 0.8782956600 2.4433244820    0.859  2.690  3.6331  1.166    3  0.000  0.487    13.90     9.95     6.89     5.36     4.34  3 -1.72e-09      0.00 7.378e-01 2.606e-01 2.564e-04 1.032e-04 7.020e-04 -1.000 1.593e-03 -1.956 1.036 -0.014 -1.311 -2.010 -2.599 -3.478 -4.186 -4.285
0.0015467 -1.00000 10.00000 0.8783168197 2.4433304517    0.857  2.734  3.6298  1.108    3  0.000  0.487    15.69    11.04     7.61     5.93     4.81  3 -2.03e-09      0.00 7.378e-01 2.606e-01 2.564e-04 1.032e-04 7.020e-04 -1.000 1.593e-03 -2.066 1.042 -0.067 -1.392 -2.104 -2.702 -3.597 -4.316 -4.417
0.0015467 -1.00000 10.00000 0.8783368468 2.4433361016    0.855  2.779  3.6264  1.048    3  0.000  0.487    17.77    12.29     8.43     6.58     5.33  2 -2.42e-09      0.00 7.378e-01 2.606e-01 2.564e-04 1.032e-04 7.020e-04 -1.000 1.593e-03 -2.178 1.057 -0.116 -1.470 -2.197 -2.805 -3.716 -4.447 -4.552
0.0015467 -1.00000 10.00000 0.8783540130 2.4433409442    0.854  2.820  3.6231  0.994    3  0.000  0.487    19.94    13.56     9.26     7.23     5.87  2 -2.83e-09      0.00 7.378e-01 2.606e-01 2.564e-04 1.032e-04 7.020e-04 -1.000 1.593e-03 -2.280 1.075 -0.159 -1.540 -2.282 -2.900 -3.826 -4.568 -4.676
0.0015467 -1.00000 10.00000 0.8783704638 2.4433455847    0.852  2.862  3.6199  0.938    3  0.000  0.487    22.43    15.00    10.20     7.98     6.47  2 -3.33e-09      0.00 7.378e-01 2.606e-01 2.564e-04 1.032e-04 7.020e-04 -1.000 1.593e-03 -2.385 1.106 -0.197 -1.610 -2.368 -2.997 -3.939 -4.692 -4.803
0.0015467 -1.00000 10.00000 0.8783860207 2.4433499729    0.849  2.905  3.6165  0.880    3  0.000  0.487    25.28    16.62    11.25     8.81     7.15  2 -3.93e-09      0.00 7.378e-01 2.606e-01 2.564e-04 1.032e-04 7.020e-04 -1.000 1.593e-03 -2.492 1.140 -0.233 -1.678 -2.453 -3.095 -4.053 -4.818 -4.933
0.0015467 -1.00000 10.00000 0.8784000874 2.4433539406    0.847  2.946  3.6133  0.825    3  0.000  0.487    28.40    18.36    12.37     9.71     7.88  2 -4.61e-09      0.00 7.378e-01 2.606e-01 2.564e-04 1.032e-04 7.020e-04 -1.000 1.593e-03 -2.595 1.174 -0.267 -1.744 -2.535 -3.189 -4.163 -4.939 -5.058
0.0015467 -1.00000 10.00000 0.8784130216 2.4433575887    0.844  2.987  3.6101  0.770    3  0.000  0.487    31.85    20.25    13.58    10.68     8.67  2 -5.41e-09      0.00 7.378e-01 2.606e-01 2.564e-04 1.032e-04 7.020e-04 -1.000 1.593e-03 -2.696 1.209 -0.299 -1.807 -2.616 -3.281 -4.272 -5.058 -5.180
0.0015467 -1.00000 10.00000 0.8784251809 2.4433610181    0.842  3.027  3.6069  0.716    3  0.000  0.487    35.71    22.34    14.91    11.74     9.53  1 -6.33e-09      0.00 7.378e-01 2.606e-01 2.564e-04 1.032e-04 7.020e-04 -1.000 1.593e-03 -2.798 1.247 -0.329 -1.868 -2.694 -3.372 -4.379 -5.177 -5.303
0.0015467 -1.00000 10.00000 0.8784369230 2.4433643298    0.839  3.068  3.6036  0.659    3  0.000  0.487    40.18    24.71    16.42    12.95    10.52  1 -7.44e-09      0.00 7.378e-01 2.606e-01 2.564e-04 1.032e-04 7.020e-04 -1.000 1.593e-03 -2.901 1.289 -0.357 -1.929 -2.774 -3.465 -4.489 -5.298 -5.428
0.0015467 -1.00000 10.00000 0.8784471154 2.4433672043    0.835  3.107  3.6004  0.607    3  0.000  0.487    44.85    27.14    17.96    14.18    11.52  1 -8.65e-09      0.00 7.378e-01 2.606e-01 2.564e-04 1.032e-04 7.020e-04 -1.000 1.593e-03 -2.997 1.331 -0.381 -1.984 -2.847 -3.551 -4.590 -5.411 -5.545
0.0015467 -1.00000 10.00000 0.8784570694 2.4433700116    0.832  3.146  3.5973  0.553    3  0.000  0.487    50.25    29.90    19.70    15.58    12.66  1 -1.01e-08      0.00 7.378e-01 2.606e-01 2.564e-04 1.032e-04 7.020e-04 -1.000 1.593e-03 -3.096 1.375 -0.403 -2.039 -2.920 -3.638 -4.695 -5.526 -5.665
0.0015467 -1.00000 10.00000 0.8784664273 2.4433726506    0.827  3.186  3.5941  0.498    3  0.000  0.487    56.30    32.95    21.60    17.12    13.91  1 -1.18e-08      0.00 7.378e-01 2.606e-01 2.564e-04 1.033e-04 7.020e-04 -1.000 1.593e-03 -3.195 1.421 -0.424 -2.093 -2.993 -3.725 -4.799 -5.641 -5.785
0.0015467 -1.00000 10.00000 0.8784751296 2.4433751047    0.823  3.224  3.5909  0.445    3  0.000  0.487    62.95    36.24    23.66    18.78    15.26  1 -1.38e-08      0.00 7.378e-01 2.606e-01 2.564e-04 1.033e-04 7.020e-04 -1.000 1.593e-03 -3.290 1.477 -0.434 -2.139 -3.061 -3.810 -4.901 -5.754 -5.902
0.0015467 -1.00000 10.00000 0.8784830570 2.4433773402    0.818  3.261  3.5877  0.393    3  0.000  0.487    70.17    39.74    25.83    20.54    16.70  1 -1.59e-08      0.00 7.378e-01 2.606e-01 2.564e-04 1.033e-04 7.020e-04 -1.000 1.593e-03 -3.383 1.532 -0.440 -2.181 -3.125 -3.890 -4.999 -5.862 -6.015
0.0015467 -1.00000 10.00000 0.8784903884 2.4433794076    0.813  3.297  3.5847  0.343    3  0.000  0.487    77.97    43.46    28.14    22.40    18.22  1 -1.84e-08      0.00 7.378e-01 2.606e-01 2.564e-04 1.033e-04 7.020e-04 -1.000 1.593e-03 -3.471 1.586 -0.444 -2.219 -3.185 -3.967 -5.093 -5.966 -6.124
0.0015467 -1.00000 10.00000 0.8784977198 2.4433814750    0.808  3.331  3.5817  0.293    3  0.000  0.487    86.52    47.47    30.60    24.40    19.85  0 -2.13e-08      0.00 7.378e-01 2.606e-01 2.564e-04 1.033e-04 7.020e-04 -1.000 1.593e-03 -3.559 1.638 -0.448 -2.256 -3.243 -4.043 -5.185 -6.068 -6.231
0.0015467 -1.00000 10.00000 0.8784993291 2.4433819288    0.806  3.338  3.5811  0.282    3  0.000  0.487    88.39    48.34    31.14    24.84    20.20  0  -2.2e-08      0.00 7.378e-01 2.606e-01 2.564e-04 1.033e-04 7.020e-04 -1.000 1.593e-03 -3.576 1.650 -0.447 -2.263 -3.255 -4.058 -5.204 -6.089 -6.253
0.0015467 -1.00000 10.00000 0.8784993291 2.4433819288    0.806  1.750  3.7280  2.458    4  0.000  0.511     0.00     0.00     0.00     0.00     0.00 -1    -1e-30      0.00 7.384e-01 2.600e-01 2.694e-04 8.980e-05 7.043e-04 -1.000 1.574e-03 0.394 1.283 1.242 0.579 0.149 -0.252 -0.793 -1.230 -1.291
0.0015467 -1.00000 10.00000 0.8785634041 2.4433999954    0.806  1.766  3.7269  2.438    4  0.000  0.511     0.00     0.00     0.00     0.00     0.00 -1    -1e-30      0.00 7.384e-01 2.600e-01 2.694e-04 8.981e-05 7.043e-04 -1.000 1.574e-03 0.355 1.258 1.210 0.543 0.111 -0.292 -0.837 -1.276 -1.337
0.0015467 -1.00000 10.00000 0.8786266446 2.4434178237    0.806  1.769  3.7267  2.434    4  0.000  0.511     0.00     0.00     0.00     0.00     0.00 -1    -1e-30      0.00 7.384e-01 2.600e-01 2.694e-04 8.982e-05 7.043e-04 -1.000 1.574e-03 0.347 1.252 1.204 0.535 0.102 -0.301 -0.846 -1.285 -1.347
0.0015467 -1.00000 10.00000 0.8786907792 2.4434359011    0.806  1.771  3.7268  2.433    4  0.000  0.511     0.00     0.00     0.00     0.00     0.00 -1    -1e-30      0.00 7.384e-01 2.600e-01 2.694e-04 8.983e-05 7.043e-04 -1.000 1.574e-03 0.342 1.247 1.199 0.531 0.098 -0.305 -0.850 -1.289 -1.351
0.0015467 -1.00000 10.00000 0.8787565827 2.4434544458    0.806  1.772  3.7271  2.433    4  0.000  0.511     0.00     0.00     0.00     0.00     0.00 -1    -1e-30      0.00 7.384e-01 2.600e-01 2.694e-04 8.984e-05 7.043e-04 -1.000 1.574e-03 0.341 1.243 1.195 0.528 0.096 -0.307 -0.851 -1.289 -1.351
0.0015467 -1.00000 10.00000 0.8788226247 2.4434730544    0.807  1.772  3.7275  2.435    4  0.000  0.511     0.00     0.00     0.00     0.00     0.00 -1    -1e-30      0.00 7.384e-01 2.600e-01 2.694e-04 8.985e-05 7.043e-04 -1.000 1.574e-03 0.341 1.238 1.192 0.527 0.096 -0.306 -0.848 -1.286 -1.347
0.0015467 -1.00000 10.00000 0.8788891435 2.4434917941    0.807  1.771  3.7281  2.438    4  0.000  0.511     0.00     0.00     0.00     0.00     0.00 -1    -1e-30      0.00 7.384e-01 2.601e-01 2.694e-04 8.987e-05 7.044e-04 -1.000 1.574e-03 0.343 1.234 1.190 0.528 0.097 -0.303 -0.844 -1.280 -1.341
0.0015467 -1.00000 10.00000 0.8789553642 2.4435104466    0.807  1.770  3.7287  2.442    4  0.000  0.511     0.00     0.00     0.00     0.00     0.00 -1    -1e-30      0.00 7.384e-01 2.601e-01 2.694e-04 8.988e-05 7.044e-04 -1.000 1.574e-03 0.345 1.229 1.188 0.528 0.100 -0.300 -0.839 -1.274 -1.334
0.0015467 -1.00000 10.00000 0.8790204525 2.4435287770    0.807  1.769  3.7294  2.446    4  0.000  0.511     0.00     0.00     0.00     0.00     0.00 -1    -1e-30      0.00 7.384e-01 2.601e-01 2.694e-04 8.989e-05 7.044e-04 -1.000 1.574e-03 0.348 1.225 1.187 0.530 0.102 -0.296 -0.833 -1.266 -1.327
0.0015467 -1.00000 10.00000 0.8790846467 2.4435468526    0.807  1.768  3.7300  2.449    4  0.000  0.511     0.00     0.00     0.00     0.00     0.00 -1    -1e-30      0.00 7.384e-01 2.601e-01 2.694e-04 8.990e-05 7.044e-04 -1.000 1.575e-03 0.351 1.221 1.185 0.531 0.105 -0.293 -0.828 -1.260 -1.320
0.0015467 -1.00000 10.00000 0.8791528344 2.4435660493    0.807  1.767  3.7306  2.453    4  0.000  0.511     0.00     0.00     0.00     0.00     0.00 -1    -1e-30      0.00 7.383e-01 2.601e-01 2.694e-04 8.991e-05 7.044e-04 -1.000 1.575e-03 0.353 1.217 1.183 0.532 0.107 -0.290 -0.823 -1.253 -1.313
0.0015467 -1.00000 10.00000 0.8792218566 2.4435854774    0.807  1.766  3.7312  2.456    4  0.000  0.511     0.00     0.00     0.00     0.00     0.00 -1    -1e-30      0.00 7.383e-01 2.601e-01 2.694e-04 8.992e-05 7.044e-04 -1.000 1.575e-03 0.355 1.213 1.182 0.532 0.109 -0.287 -0.819 -1.247 -1.307
0.0015467 -1.00000 10.00000 0.8792891502 2.4436044156    0.807  1.765  3.7318  2.459    4  0.000  0.511     0.00     0.00     0.00     0.00     0.00 -1    -1e-30      0.00 7.383e-01 2.601e-01 2.694e-04 8.993e-05 7.044e-04 -1.000 1.575e-03 0.357 1.210 1.180 0.533 0.110 -0.284 -0.815 -1.242 -1.301
0.0015467 -1.00000 10.00000 0.8793550730 2.4436229648    0.807  1.765  3.7323  2.461    4  0.000  0.511     0.00     0.00     0.00     0.00     0.00 -1    -1e-30      0.00 7.383e-01 2.601e-01 2.694e-04 8.994e-05 7.044e-04 -1.000 1.575e-03 0.358 1.206 1.178 0.533 0.111 -0.282 -0.811 -1.237 -1.296
0.0015467 -1.00000 10.00000 0.8794193864 2.4436410581    0.807  1.764  3.7327  2.463    4  0.000  0.511     0.00     0.00     0.00     0.00     0.00 -1    -1e-30      0.00 7.383e-01 2.601e-01 2.694e-04 8.996e-05 7.044e-04 -1.000 1.575e-03 0.359 1.203 1.176 0.533 0.112 -0.281 -0.809 -1.233 -1.292
0.0015467 -1.00000 10.00000 0.8794264793 2.4436430533    0.807  1.764  3.7327  2.464    4  0.000  0.511     0.00     0.00     0.00     0.00     0.00 -1    -1e-30      0.00 7.383e-01 2.601e-01 2.694e-04 8.996e-05 7.044e-04 -1.000 1.575e-03 0.359 1.203 1.176 0.533 0.112 -0.281 -0.808 -1.233 -1.292
0.0015467 -1.00000 10.00000 0.8794829845 2.4436589471    0.807  1.764  3.7330  2.465    4  0.000  0.511     0.00     0.00     0.00     0.00     0.00 -1    -1e-30      0.00 7.383e-01 2.601e-01 2.694e-04 8.997e-05 7.044e-04 -1.000 1.575e-03 0.360 1.200 1.174 0.532 0.112 -0.280 -0.807 -1.231 -1.290
0.0015467 -1.00000 10.00000 0.8795507550 2.4436780065    0.807  1.764  3.7333  2.466    4  0.000  0.511     0.00     0.00     0.00     0.00     0.00 -1    -1e-30      0.00 7.383e-01 2.601e-01 2.693e-04 8.998e-05 7.044e-04 -1.000 1.575e-03 0.359 1.197 1.172 0.531 0.112 -0.280 -0.806 -1.229 -1.288
0.0015467 -1.00000 10.00000 0.8796159625 2.4436963419    0.807  1.765  3.7335  2.466    4  0.000  0.511     0.00     0.00     0.00     0.00     0.00 -1    -1e-30      0.00 7.383e-01 2.601e-01 2.693e-04 8.999e-05 7.045e-04 -1.000 1.575e-03 0.358 1.194 1.170 0.530 0.111 -0.281 -0.806 -1.229 -1.288
0.0015467 -1.00000 10.00000 0.8796805143 2.4437144898    0.807  1.765  3.7336  2.466    4  0.000  0.511     0.00     0.00     0.00     0.00     0.00 -1    -1e-30      0.00 7.383e-01 2.601e-01 2.693e-04 9.000e-05 7.045e-04 -1.000 1.575e-03 0.357 1.192 1.168 0.528 0.109 -0.282 -0.807 -1.229 -1.288
0.0015467 -1.00000 10.00000 0.8797495365 2.4437338912    0.808  1.766  3.7337  2.466    4  0.000  0.511     0.00     0.00     0.00     0.00     0.00 -1    -1e-30      0.00 7.383e-01 2.601e-01 2.693e-04 9.001e-05 7.045e-04 -1.000 1.575e-03 0.354 1.189 1.165 0.526 0.107 -0.284 -0.809 -1.232 -1.290
0.0015467 -1.00000 10.00000 0.8798171878 2.4437529038    0.808  1.768  3.7336  2.464    4  0.000  0.511     0.00     0.00     0.00     0.00     0.00 -1    -1e-30      0.00 7.383e-01 2.601e-01 2.693e-04 9.002e-05 7.045e-04 -1.000 1.576e-03 0.351 1.187 1.162 0.522 0.103 -0.288 -0.813 -1.236 -1.294
0.0015467 -1.00000 10.00000 0.8798875213 2.4437726666    0.808  1.769  3.7334  2.461    4  0.000  0.511     0.00     0.00     0.00     0.00     0.00 -1    -1e-30      0.00 7.383e-01 2.602e-01 2.693e-04 9.003e-05 7.045e-04 -1.000 1.576e-03 0.346 1.184 1.159 0.518 0.099 -0.293 -0.819 -1.242 -1.300
0.0015467 -1.00000 10.00000 0.8798942566 2.4437745590    0.808  1.770  3.7333  2.461    4  0.000  0.511     0.00     0.00     0.00     0.00     0.00 -1    -1e-30      0.00 7.383e-01 2.602e-01 2.693e-04 9.004e-05 7.045e-04 -1.000 1.576e-03 0.346 1.184 1.158 0.518 0.098 -0.293 -0.819 -1.242 -1.301
0.0015467 -1.00000 10.00000 0.8799499273 2.4437901989    0.808  1.772  3.7331  2.458    4  0.000  0.511     0.00     0.00     0.00     0.00     0.00 -1    -1e-30      0.00 7.383e-01 2.602e-01 2.693e-04 9.005e-05 7.045e-04 -1.000 1.576e-03 0.341 1.182 1.155 0.514 0.094 -0.298 -0.825 -1.249 -1.308
0.0015467 -1.00000 10.00000 0.8800135255 2.4438080631    0.808  1.774  3.7327  2.454    4  0.000  0.511     0.00     0.00     0.00     0.00     0.00 -1    -1e-30      0.00 7.383e-01 2.602e-01 2.693e-04 9.006e-05 7.045e-04 -1.000 1.576e-03 0.335 1.179 1.151 0.508 0.087 -0.305 -0.833 -1.257 -1.317
0.0015467 -1.00000 10.00000 0.8800739050 2.4438250206    0.808  1.777  3.7323  2.450    4  0.000  0.511     0.00     0.00     0.00     0.00     0.00 -1    -1e-30      0.00 7.383e-01 2.602e-01 2.693e-04 9.007e-05 7.045e-04 -1.000 1.576e-03 0.328 1.177 1.147 0.502 0.081 -0.313 -0.842 -1.267 -1.326
0.0015467 -1.00000 10.00000 0.8801341057 2.4438419251    0.808  1.780  3.7319  2.445    4  0.000  0.511     0.00     0.00     0.00     0.00     0.00 -1    -1e-30      0.00 7.382e-01 2.602e-01 2.693e-04 9.008e-05 7.045e-04 -1.000 1.576e-03 0.321 1.174 1.143 0.496 0.074 -0.321 -0.851 -1.277 -1.337
0.0015467 -1.00000 10.00000 0.8801950216 2.4438590277    0.808  1.784  3.7311  2.438    4  0.000  0.511     0.00     0.00     0.00     0.00     0.00 -1    -1e-30      0.00 7.382e-01 2.602e-01 2.693e-04 9.009e-05 7.045e-04 -1.000 1.576e-03 0.310 1.171 1.137 0.487 0.063 -0.332 -0.865 -1.293 -1.353
0.0015467 -1.00000 10.00000 0.8802552819 2.4438759437    0.808  1.789  3.7304  2.430    4  0.000  0.511     0.00     0.00     0.00     0.00     0.00 -1    -1e-30      0.00 7.382e-01 2.602e-01 2.693e-04 9.010e-05 7.046e-04 -1.000 1.576e-03 0.299 1.167 1.130 0.477 0.052 -0.345 -0.879 -1.310 -1.370
0.0015467 -1.00000 10.00000 0.8803151250 2.4438927398    0.808  1.794  3.7296  2.422    4  0.000  0.511     0.00     0.00     0.00     0.00     0.00 -1    -1e-30      0.00 7.382e-01 2.602e-01 2.693e-04 9.011e-05 7.046e-04 -1.000 1.576e-03 0.286 1.163 1.123 0.466 0.039 -0.359 -0.895 -1.328 -1.388
0.0015467 -1.00000 10.00000 0.8803758025 2.4439097675    0.808  1.797  3.7291  2.417    4  0.000  0.511     0.00     0.00     0.00     0.00     0.00 -1    -1e-30      0.00 7.382e-01 2.602e-01 2.693e-04 9.012e-05 7.046e-04 -1.000 1.576e-03 0.278 1.160 1.118 0.459 0.031 -0.368 -0.906 -1.339 -1.400
0.0015467 -1.00000 10.00000 0.8804416060 2.4439282306    0.808  1.805  3.7279  2.405    4  0.000  0.511     0.00     0.00     0.00     0.00     0.00 -1    -1e-30      0.00 7.382e-01 2.602e-01 2.693e-04 9.013e-05 7.046e-04 -1.000 1.576e-03 0.258 1.155 1.106 0.443 0.012 -0.389 -0.930 -1.366 -1.427
0.0015467 -1.00000 10.00000 0.8805014491 2.4439450186    0.808  1.814  3.7265  2.389    4  0.000  0.511     0.00     0.00     0.00     0.00     0.00 -1    -1e-30      0.00 7.382e-01 2.602e-01 2.693e-04 9.014e-05 7.046e-04 -1.000 1.577e-03 0.234 1.147 1.092 0.422 -0.011 -0.415 -0.960 -1.399 -1.461
0.0015467 -1.00000 10.00000 0.8805630803 2.4439623054    0.808  1.829  3.7244  2.366    4  0.000  0.511     0.00     0.00     0.00     0.00     0.00 -1    -1e-30      0.00 7.382e-01 2.602e-01 2.693e-04 9.015e-05 7.046e-04 -1.000 1.577e-03 0.196 1.134 1.069 0.390 -0.048 -0.455 -1.007 -1.451 -1.514
0.0015467 -1.00000 10.00000 0.8806235790 2.4439792719    0.809  1.857  3.7207  2.324    4  0.000  0.510     0.00     0.00     0.00     0.00     0.00 -1    -1e-30      0.00 7.382e-01 2.602e-01 2.693e-04 9.016e-05 7.046e-04 -1.000 1.577e-03 0.128 1.108 1.025 0.330 -0.115 -0.529 -1.091 -1.544 -1.608
0.0015467 -1.00000 10.00000 0.8806653619 2.4439909881    0.809  1.892  3.7162  2.270    4  0.000  0.510     0.00     0.00     0.00     0.00     0.00 -1    -1e-30      0.00 7.382e-01 2.602e-01 2.693e-04 9.017e-05 7.046e-04 -1.000 1.577e-03 0.039 1.076 0.969 0.254 -0.201 -0.622 -1.197 -1.663 -1.728
0.0015467 -1.00000 10.00000 0.8806853294 2.4439965867    0.809  1.929  3.7119  2.217    4  0.000  0.510     0.00     0.00     0.00     0.00     0.00 -1    -1e-30      0.00 7.382e-01 2.602e-01 2.693e-04 9.017e-05 7.046e-04 -1.000 1.577e-03 -0.052 1.042 0.911 0.177 -0.288 -0.717 -1.306 -1.783 -1.850
0.0015467 -1.00000 10.00000 0.8806947470 2.4439992271    0.809  1.967  3.7074  2.160    4  0.000  0.510     0.00     0.00     0.00     0.00     0.00 -1    -1e-30      0.00 7.382e-01 2.602e-01 2.693e-04 9.017e-05 7.046e-04 -1.000 1.577e-03 -0.148 1.007 0.850 0.095 -0.380 -0.817 -1.420 -1.909 -1.977
0.0015467 -1.00000 10.00000 0.8806989193 2.4440003969    0.809  2.005  3.7033  2.106    4  0.000  0.510     0.00     0.00     0.00     0.00     0.00 -1    -1e-30      0.00 7.382e-01 2.602e-01 2.693e-04 9.017e-05 7.046e-04 -1.000 1.577e-03 -0.242 0.971 0.789 0.014 -0.470 -0.915 -1.530 -2.030 -2.100
0.0015467 -1.00000 10.00000 0.8807010055 2.4440009818    0.809  2.040  3.6995  2.056    4  0.000  0.510     0.00     0.00     0.00     0.00     0.00 -1    -1e-30      0.00 7.382e-01 2.602e-01 2.693e-04 9.017e-05 7.046e-04 -1.000 1.577e-03 -0.331 0.936 0.730 -0.062 -0.555 -1.006 -1.633 -2.144 -2.214
0.0015467 -1.00000 10.00000 0.8807020783 2.4440012826    0.809  2.067  3.6968  2.018    4  0.000  0.510     0.00     0.00     0.00     0.00     0.00 -1 -5.81e-29      0.00 7.382e-01 2.601e-01 2.693e-04 9.017e-05 7.046e-04 -1.000 1.703e-03 -0.398 0.910 0.686 -0.119 -0.618 -1.075 -1.710 -2.229 -2.300
0.0015467 -1.00000 10.00000 0.8807021379 2.4440012993    0.809  2.068  3.6968  2.017    7  0.000  0.510     0.00     0.00     0.00     0.00     0.00 -1 -9.07e-10      0.00 7.382e-01 2.586e-01 2.693e-04 9.017e-05 7.046e-04 -1.000 3.211e-03 -0.400 0.910 0.686 -0.120 -0.619 -1.076 -1.712 -2.230 -2.302
0.0015467 -1.00000 10.00000 0.8807023168 2.4440013495    0.809  2.074  3.6962  2.009    7  0.000  0.510     0.00     0.00     0.00     0.00     0.00 -1 -9.39e-10      0.00 7.382e-01 2.586e-01 2.693e-04 9.017e-05 7.046e-04 -1.000 3.211e-03 -0.415 0.904 0.675 -0.133 -0.633 -1.091 -1.729 -2.249 -2.321
0.0015467 -1.00000 10.00000 0.8807036281 2.4440017171    0.808  2.120  3.6919  1.945    7  0.000  0.510     0.00     0.00     0.00     0.00     0.00 -1 -1.23e-09      0.00 7.382e-01 2.586e-01 2.693e-04 9.017e-05 7.046e-04 -1.000 3.211e-03 -0.530 0.861 0.599 -0.232 -0.743 -1.209 -1.861 -2.394 -2.467
0.0015467 -1.00000 10.00000 0.8807048202 2.4440020513    0.808  2.160  3.6883  1.891    7  0.000  0.510     0.00     0.00     0.00     0.00     0.00 -1 -1.54e-09      0.00 7.382e-01 2.586e-01 2.693e-04 9.017e-05 7.046e-04 -1.000 3.211e-03 -0.630 0.827 0.534 -0.316 -0.836 -1.310 -1.974 -2.519 -2.593
0.0015467 -1.00000 10.00000 0.8807077408 2.4440028702    0.808  2.196  3.6851  1.841    7  0.000  0.510     0.00     0.00     0.00     0.00     0.00 -1 -1.89e-09      0.00 7.382e-01 2.586e-01 2.693e-04 9.017e-05 7.046e-04 -1.000 3.211e-03 -0.721 0.800 0.475 -0.394 -0.922 -1.402 -2.078 -2.633 -2.707
0.0015467 -1.00000 10.00000 0.8807115555 2.4440039396    0.808  2.175  3.6871  1.871    7  0.000  0.510     0.00     0.00     0.00     0.00     0.00 -1 -1.69e-09      0.00 7.382e-01 2.586e-01 2.693e-04 9.017e-05 7.046e-04 -1.000 3.211e-03 -0.667 0.813 0.508 -0.348 -0.872 -1.347 -2.017 -2.565 -2.639
0.0015467 -1.00000 10.00000 0.8807516694 2.4440151853    0.806  2.171  3.6873  1.875    7  0.000  0.510     0.00     0.00     0.00     0.00     0.00 -1 -1.65e-09      0.00 7.382e-01 2.586e-01 2.693e-04 9.018e-05 7.046e-04 -1.000 3.211e-03 -0.657 0.819 0.517 -0.339 -0.861 -1.337 -2.005 -2.553 -2.627
0.0015467 -1.00000 10.00000 0.8807784915 2.4440227040    0.804  2.213  3.6834  1.816    7  0.000  0.510     0.00     0.00     0.00     0.00     0.00 -1 -2.12e-09      0.00 7.382e-01 2.586e-01 2.693e-04 9.019e-05 7.046e-04 -1.000 3.211e-03 -0.761 0.798 0.454 -0.428 -0.961 -1.443 -2.125 -2.684 -2.759
0.0015467 -1.00000 10.00000 0.8807951212 2.4440273654    0.802  2.248  3.6802  1.768    7  0.000  0.510     0.00     0.00     0.00     0.00     0.00 -1 -2.59e-09      0.00 7.382e-01 2.586e-01 2.693e-04 9.019e-05 7.046e-04 -1.000 3.211e-03 -0.849 0.787 0.404 -0.505 -1.047 -1.534 -2.226 -2.794 -2.869
0.0015467 -1.00000 10.00000 0.8808106184 2.4440317091    0.801  2.282  3.6771  1.720    7  0.000  0.510     0.00     0.00     0.00     0.00     0.00 -1 -3.13e-09      0.00 7.382e-01 2.586e-01 2.693e-04 9.019e-05 7.046e-04 -1.000 3.211e-03 -0.935 0.781 0.358 -0.578 -1.129 -1.621 -2.323 -2.899 -2.974
0.0015467 -1.00000 10.00000 0.8808282018 2.4440366373    0.798  2.319  3.6739  1.668    7  0.000  0.510     0.00     0.00     0.00     0.00     0.00 -1 -3.94e-09      0.00 7.382e-01 2.586e-01 2.693e-04 9.019e-05 7.046e-04 -1.000 3.210e-03 -1.029 0.774 0.307 -0.658 -1.219 -1.716 -2.430 -3.014 -3.089
0.0015467 -1.00000 10.00000 0.8808444142 2.4440411811    0.796  2.358  3.6705  1.615    7  0.000  0.510     0.00     0.00     0.00     0.00     0.00 -1 -4.92e-09      0.00 7.382e-01 2.586e-01 2.692e-04 9.020e-05 7.046e-04 -1.000 3.209e-03 -1.124 0.769 0.257 -0.739 -1.311 -1.814 -2.539 -3.131 -3.206
0.0015467 -1.00000 10.00000 0.8808590770 2.4440452904    0.793  2.396  3.6672  1.562    7  0.000  0.510     0.00     0.00     0.00     0.00     0.00 -1 -6.11e-09      0.00 7.382e-01 2.586e-01 2.692e-04 9.020e-05 7.046e-04 -1.000 3.205e-03 -1.221 0.770 0.210 -0.819 -1.402 -1.910 -2.647 -3.248 -3.324
0.0015467 -1.00000 10.00000 0.8808723688 2.4440490154    0.789  2.435  3.6638  1.508    7  0.000  0.510     0.00     0.00     0.00     0.00     0.00 -1 -7.68e-09      0.00 7.382e-01 2.587e-01 2.692e-04 9.022e-05 7.046e-04 -1.000 3.142e-03 -1.317 0.775 0.164 -0.898 -1.491 -2.006 -2.755 -3.364 -3.441
0.0015467 -1.00000 10.00000 0.8808844686 2.4440524062    0.785  2.473  3.6605  1.453    7  0.000  0.510     0.00     0.00     0.00     0.00     0.00 -1 -9.61e-09      0.00 7.382e-01 2.587e-01 2.691e-04 9.023e-05 7.046e-04 -1.000 3.122e-03 -1.414 0.788 0.122 -0.977 -1.582 -2.102 -2.864 -3.481 -3.560
0.0015467 -1.00000 10.00000 0.8808953166 2.4440554461    0.781  2.512  3.6571  1.399    7  0.000  0.510     8.23     6.37     4.49     3.48     2.82  3  -1.2e-08      0.00 7.382e-01 2.587e-01 2.689e-04 9.034e-05 7.046e-04 -1.000 3.118e-03 -1.509 0.807 0.083 -1.051 -1.668 -2.195 -2.971 -3.597 -3.678
0.0015467 -1.00000 10.00000 0.8809050322 2.4440581686    0.776  2.549  3.6533  1.344    7  0.000  0.508     9.24     7.03     4.93     3.83     3.10  3 -1.49e-08      0.00 7.382e-01 2.587e-01 2.682e-04 9.077e-05 7.046e-04 -1.000 3.093e-03 -1.604 0.823 0.044 -1.119 -1.748 -2.285 -3.077 -3.715 -3.798
0.0015467 -1.00000 10.00000 0.8809096813 2.4440594713    0.773  2.568  3.6510  1.314    7  0.000  0.507     9.83     7.41     5.19     4.03     3.26  3 -1.67e-08      0.00 7.382e-01 2.587e-01 2.675e-04 9.127e-05 7.046e-04 -1.000 3.082e-03 -1.651 0.844 0.031 -1.149 -1.787 -2.329 -3.131 -3.777 -3.861
0.0015467 -1.00000 10.00000 0.8809182048 2.4440618597    0.767  2.605  3.6465  1.255    7  0.000  0.502    11.10     8.22     5.73     4.46     3.61  3  -2.1e-08      0.00 7.382e-01 2.588e-01 2.654e-04 9.331e-05 7.047e-04 -1.000 3.025e-03 -1.744 0.884 0.006 -1.208 -1.861 -2.415 -3.236 -3.896 -3.984
0.0015467 -1.00000 10.00000 0.8809263110 2.4440641311    0.760  2.643  3.6390  1.183    7  0.000  0.496    12.90     9.34     6.47     5.05     4.09  2 -2.66e-08      0.00 7.381e-01 2.588e-01 2.623e-04 9.681e-05 7.047e-04 -1.000 3.018e-03 -1.838 1.002 0.021 -1.244 -1.923 -2.496 -3.349 -4.035 -4.129
0.0015467 -1.00000 10.00000 0.8809341192 2.4440663189    0.751  2.682  3.6358  1.127    7  0.000  0.490    14.49    10.31     7.11     5.56     4.50  2 -3.34e-08      0.00 7.381e-01 2.589e-01 2.591e-04 1.008e-04 7.047e-04 -1.000 3.009e-03 -1.934 1.019 -0.019 -1.310 -2.002 -2.585 -3.453 -4.150 -4.246
0.0015467 -1.00000 10.00000 0.8809417486 2.4440684566    0.740  2.720  3.6324  1.069    7  0.000  0.484    16.35    11.42     7.83     6.14     4.97  2 -4.26e-08      0.00 7.380e-01 2.590e-01 2.559e-04 1.046e-04 7.048e-04 -1.000 2.975e-03 -2.030 1.042 -0.056 -1.376 -2.082 -2.674 -3.558 -4.266 -4.365
0.0015467 -1.00000 10.00000 0.8809488416 2.4440704440    0.727  2.757  3.6289  1.010    7  0.000  0.479    18.44    12.64     8.63     6.77     5.49  2 -5.41e-08      0.00 7.380e-01 2.591e-01 2.533e-04 1.079e-04 7.048e-04 -1.000 2.933e-03 -2.123 1.074 -0.088 -1.437 -2.157 -2.759 -3.659 -4.380 -4.482
0.0015467 -1.00000 10.00000 0.8809556961 2.4440723645    0.711  2.795  3.6254  0.948    7  0.000  0.474    20.91    14.05     9.54     7.51     6.08  2 -7.02e-08      0.00 7.379e-01 2.591e-01 2.510e-04 1.108e-04 7.049e-04 -1.000 2.977e-03 -2.218 1.123 -0.112 -1.494 -2.231 -2.845 -3.763 -4.495 -4.601
0.0015467 -1.00000 10.00000 0.8809622526 2.4440742015    0.691  2.834  3.6218  0.883    7  0.000  0.470    23.87    15.70    10.60     8.36     6.78  1 -9.34e-08      0.00 7.378e-01 2.592e-01 2.488e-04 1.136e-04 7.049e-04 -1.000 2.967e-03 -2.315 1.178 -0.134 -1.552 -2.307 -2.934 -3.868 -4.612 -4.722
0.0015467 -1.00000 10.00000 0.8809676766 2.4440757211    0.669  2.869  3.6188  0.822    7  0.000  0.466    26.99    17.38    11.67     9.24     7.48  1 -1.21e-07      0.00 7.378e-01 2.593e-01 2.470e-04 1.157e-04 7.049e-04 -1.000 2.925e-03 -2.402 1.223 -0.156 -1.606 -2.377 -3.014 -3.963 -4.717 -4.830
0.0015467 -1.00000 10.00000 0.8809715509 2.4440768066    0.649  2.899  3.6165  0.769    7  0.000  0.464    30.02    18.97    12.69    10.06     8.15  1 -1.55e-07      0.00 7.377e-01 2.593e-01 2.458e-04 1.172e-04 7.049e-04 -1.000 2.953e-03 -2.478 1.258 -0.177 -1.653 -2.438 -3.083 -4.045 -4.806 -4.921
0.0015467 -1.00000 10.00000 0.8809746504 2.4440776749    0.628  2.928  3.6147  0.719    7  0.000  0.462    33.21    20.60    13.71    10.90     8.83  1 -1.97e-07      0.00 7.377e-01 2.594e-01 2.447e-04 1.186e-04 7.049e-04 -1.000 2.945e-03 -2.550 1.281 -0.203 -1.702 -2.497 -3.150 -4.121 -4.888 -5.006
0.0015467 -1.00000 10.00000 0.8809777498 2.4440785433    0.601  2.961  3.6137  0.663    7  0.000  0.460    37.14    22.55    14.93    11.90     9.64  1 -2.64e-07      0.00 7.377e-01 2.594e-01 2.435e-04 1.200e-04 7.048e-04 -1.000 2.895e-03 -2.633 1.275 -0.251 -1.770 -2.575 -3.232 -4.209 -4.977 -5.096
0.0015467 -1.00000 10.00000 0.8809803128 2.4440792614    0.573  2.992  3.6154  0.618    7  0.000  0.458    40.56    24.16    15.93    12.74    10.31  1 -3.53e-07      0.00 7.376e-01 2.595e-01 2.426e-04 1.212e-04 7.047e-04 -1.000 2.890e-03 -2.710 1.196 -0.336 -1.859 -2.661 -3.315 -4.285 -5.045 -5.164
0.0015467 -1.00000 10.00000 0.8809822202 2.4440797957    0.541  3.016  3.6263  0.613    7  0.000  0.457    40.56    24.02    15.82    12.67    10.26  1 -4.53e-07      0.00 7.376e-01 2.595e-01 2.419e-04 1.220e-04 7.047e-04 -1.000 2.906e-03 -2.770 0.849 -0.557 -2.024 -2.787 -3.410 -4.330 -5.047 -5.155
0.0015467 -1.00000 10.00000 0.8809829950 2.4440800128    0.518  3.026  3.6342  0.615    7  0.000  0.456    40.08    23.66    15.58    12.50    10.12  0 -5.04e-07      0.00 7.375e-01 2.595e-01 2.415e-04 1.225e-04 7.046e-04 -1.000 2.914e-03 -2.795 0.613 -0.697 -2.120 -2.856 -3.458 -4.342 -5.029 -5.130
0.0015467 -1.00000 10.00000 1.0965409279 2.4910964848    0.544 -9.999  3.6601  7.952    9  0.545  0.000     0.00     0.00     0.00     0.00     0.00 -1    -1e-30      0.00 7.252e-01 2.732e-01 2.244e-04 1.654e-04 7.173e-04 -1.000 1.584e-03 29.767 31.951 31.257 30.265 29.575 29.029 28.322 27.783 27.659
# Zini     MH   logAge Mini        int_IMF         Mass   logL    logTe  logg  label   McoreTP C_O  period0  period1  period2  period3  period4  pmode  Mloss  tau1m   X   Y   Xc  Xn  Xo  Cexcess  Z 	 mbolmag  Umag    Bmag    Vmag    Rmag    Imag    Jmag    Hmag    Kmag
0.01471 0.00000 7.00000 0.0900000036 1.0816895926    0.090 -2.066  3.3991  4.006    0  0.000  0.545     0.00     0.00     0.00     0.00     0.00 -1 -3.62e-15      0.00 7.107e-01 2.745e-01 2.655e-03 7.163e-04 6.496e-03 -1.000 1.476e-02 9.934 17.222 15.777 14.295 12.443 10.347 7.879 7.297 6.909
0.01471 0.00000 7.00000 0.1000000015 1.1711064122    0.100 -2.003  3.4058  4.016    0  0.000  0.545     0.00     0.00     0.00     0.00     0.00 -1 -3.92e-15      0.00 7.107e-01 2.745e-01 2.655e-03 7.163e-04 6.496e-03 -1.000 1.476e-02 9.777 17.081 15.627 14.143 12.288 10.191 7.723 7.141 6.753
0.01471 0.00000 7.00000 0.1085188761 1.2385675197    0.108 -1.953  3.4110  4.022    0  0.000  0.545     0.00     0.00     0.00     0.00     0.00 -1  -4.2e-15      0.00 7.107e-01 2.745e-01 2.655e-03 7.163e-04 6.496e-03 -1.000 1.476e-02 9.652 16.965 15.505 14.019 12.164 10.065 7.596 7.014 6.627
0.01471 0.00000 7.00000 0.1247206256 1.3496548491    0.125 -1.867  3.4200  4.033    0  0.000  0.545     0.00     0.00     0.00     0.00     0.00 -1 -4.71e-15      0.00 7.107e-01 2.745e-01 2.655e-03 7.163e-04 6.496e-03 -1.000 1.476e-02 9.437 16.671 15.217 13.730 11.896 9.816 7.387 6.804 6.420
0.01471 0.00000 7.00000 0.1381183565 1.4282139070    0.138 -1.802  3.4267  4.039    0  0.000  0.545     0.00     0.00     0.00     0.00     0.00 -1 -5.14e-15      0.00 7.107e-01 2.745e-01 2.655e-03 7.163e-04 6.496e-03 -1.000 1.476e-02 9.276 16.263 14.848 13.362 11.591 9.562 7.238 6.653 6.276
0.01471 0.00000 7.00000 0.1437702775 1.4584399293    0.144 -1.778  3.4296  4.043    0  0.000  0.545     0.00     0.00     0.00     0.00     0.00 -1  -5.3e-15      0.00 7.107e-01 2.745e-01 2.655e-03 7.163e-04 6.496e-03 -1.000 1.476e-02 9.214 16.097 14.696 13.211 11.467 9.460 7.182 6.596 6.222
0.01471 0.00000 7.00000 0.1476776004 1.4784471961    0.148 -1.760  3.4316  4.046    0  0.000  0.545     0.00     0.00     0.00     0.00     0.00 -1 -5.43e-15      0.00 7.107e-01 2.745e-01 2.655e-03 7.163e-04 6.496e-03 -1.000 1.476e-02 9.171 15.983 14.593 13.111 11.384 9.391 7.142 6.555 6.184
0.01471 0.00000 7.00000 0.1499548405 1.4897930159    0.150 -1.749  3.4328  4.046    0  0.000  0.545     0.00     0.00     0.00     0.00     0.00 -1 -5.53e-15      0.00 7.107e-01 2.745e-01 2.655e-03 7.163e-04 6.496e-03 -1.000 1.476e-02 9.143 15.913 14.530 13.051 11.334 9.349 7.116 6.529 6.160
0.01471 0.00000 7.00000 0.1693065912 1.5779638794    0.169 -1.671  3.4417  4.056    0  0.000  0.545     0.00     0.00     0.00     0.00     0.00 -1 -6.18e-15      0.00 7.107e-01 2.745e-01 2.655e-03 7.163e-04 6.496e-03 -1.000 1.476e-02 8.947 15.421 14.081 12.621 10.978 9.049 6.935 6.346 5.988
0.01471 0.00000 7.00000 0.1828361005 1.6321722279    0.183 -1.620  3.4477  4.063    0  0.000  0.545     0.00     0.00     0.00     0.00     0.00 -1 -6.64e-15      0.00 7.107e-01 2.745e-01 2.655e-03 7.163e-04 6.496e-03 -1.000 1.476e-02 8.820 15.099 13.786 12.339 10.744 8.855 6.818 6.227 5.877
0.01471 0.00000 7.00000 0.1975269616 1.6854211984    0.197 -1.570  3.4535  4.069    0  0.000  0.545     0.00     0.00     0.00     0.00     0.00 -1 -7.11e-15      0.00 7.107e-01 2.745e-01 2.655e-03 7.163e-04 6.496e-03 -1.000 1.476e-02 8.695 14.800 13.508 12.068 10.517 8.670 6.704 6.110 5.768
0.01471 0.00000 7.00000 0.2103439122 1.7278360298    0.210 -1.530  3.4579  4.075    0  0.000  0.545     0.00     0.00     0.00     0.00     0.00 -1  -7.5e-15      0.00 7.107e-01 2.745e-01 2.655e-03 7.163e-04 6.496e-03 -1.000 1.476e-02 8.596 14.573 13.295 11.859 10.342 8.527 6.614 6.018 5.683
0.01471 0.00000 7.00000 0.2289150804 1.7836686817    0.229 -1.476  3.4641  4.082    0  0.000  0.545     0.00     0.00     0.00     0.00     0.00 -1  -8.1e-15      0.00 7.107e-01 2.745e-01 2.655e-03 7.163e-04 6.496e-03 -1.000 1.476e-02 8.459 14.271 13.010 11.581 10.108 8.335 6.488 5.888 5.562
0.01471 0.00000 7.00000 0.2491669208 1.8382066284    0.249 -1.421  3.4703  4.089    0  0.000  0.545     0.00     0.00     0.00     0.00     0.00 -1 -8.73e-15      0.00 7.107e-01 2.745e-01 2.655e-03 7.163e-04 6.496e-03 -1.000 1.476e-02 8.322 13.980 12.734 11.314 9.881 8.148 6.363 5.758 5.442
0.01471 0.00000 7.00000 0.2697921097 1.8881256151    0.270 -1.370  3.4763  4.096    0  0.000  0.545     0.00     0.00     0.00     0.00     0.00 -1 -9.35e-15      0.00 7.107e-01 2.745e-01 2.655e-03 7.163e-04 6.496e-03 -1.000 1.476e-02 8.195 13.717 12.480 11.066 9.670 7.977 6.248 5.638 5.330
0.01471 0.00000 7.00000 0.2991636097 1.9512359256    0.299 -1.303  3.4844  4.106    0  0.000  0.545     0.00     0.00     0.00     0.00     0.00 -1 -1.02e-14      0.00 7.107e-01 2.745e-01 2.655e-03 7.163e-04 6.496e-03 -1.000 1.476e-02 8.027 13.380 12.150 10.737 9.387 7.753 6.098 5.480 5.183
0.01471 0.00000 7.00000 0.3000000119 1.9529139769    0.300 -1.301  3.4846  4.106    0  0.000  0.545     0.00     0.00     0.00     0.00     0.00 -1 -1.03e-14      0.00 7.107e-01 2.745e-01 2.655e-03 7.163e-04 6.496e-03 -1.000 1.476e-02 8.022 13.371 12.141 10.728 9.379 7.747 6.093 5.475 5.179
0.01471 0.00000 7.00000 0.3208860755 1.9929439079    0.321 -1.259  3.4897  4.114    0  0.000  0.545     0.00     0.00     0.00     0.00     0.00 -1 -1.09e-14      0.00 7.107e-01 2.745e-01 2.655e-03 7.163e-04 6.496e-03 -1.000 1.476e-02 7.917 13.167 11.937 10.520 9.199 7.608 6.000 5.377 5.087
0.01471 0.00000 7.00000 0.3500000238 2.0434175133    0.350 -1.203  3.4964  4.123    0  0.000  0.545     0.00     0.00     0.00     0.00     0.00 -1 -1.17e-14      0.00 7.107e-01 2.745e-01 2.655e-03 7.163e-04 6.496e-03 -1.000 1.476e-02 7.778 12.905 11.676 10.269 8.984 7.432 5.876 5.243 4.963
0.01471 0.00000 7.00000 0.3603456318 2.0600550875    0.360 -1.186  3.4985  4.127    0  0.000  0.545     0.00     0.00     0.00     0.00     0.00 -1 -1.19e-14      0.00 7.107e-01 2.745e-01 2.655e-03 7.163e-04 6.496e-03 -1.000 1.476e-02 7.735 12.824 11.594 10.191 8.917 7.377 5.838 5.202 4.925
0.01471 0.00000 7.00000 0.4000000358 2.1185024810    0.400 -1.120  3.5064  4.138    0  0.000  0.545     0.00     0.00     0.00     0.00     0.00 -1  -1.3e-14      0.00 7.107e-01 2.745e-01 2.655e-03 7.163e-04 6.496e-03 -1.000 1.476e-02 7.570 12.529 11.296 9.905 8.670 7.173 5.691 5.043 4.776
0.01471 0.00000 7.00000 0.4196018875 2.1446804401    0.419 -1.090  3.5102  4.144    0  0.000  0.545     0.00     0.00     0.00     0.00     0.00 -1 -1.35e-14      0.00 7.107e-01 2.745e-01 2.655e-03 7.163e-04 6.496e-03 -1.000 1.476e-02 7.496 12.392 11.157 9.771 8.555 7.080 5.626 4.972 4.710
0.01471 0.00000 7.00000 0.4500000179 2.1822809362    0.450 -1.045  3.5160  4.152    0  0.000  0.545     0.00     0.00     0.00     0.00     0.00 -1 -1.43e-14      0.00 7.107e-01 2.745e-01 2.655e-03 7.163e-04 6.496e-03 -1.000 1.476e-02 7.383 12.196 10.953 9.572 8.383 6.941 5.527 4.865 4.609
0.01471 0.00000 7.00000 0.4760716558 2.2119907994    0.476 -1.011  3.5208  4.162    0  0.000  0.545     0.00     0.00     0.00     0.00     0.00 -1 -1.49e-14      0.00 7.107e-01 2.745e-01 2.655e-03 7.163e-04 6.496e-03 -1.000 1.476e-02 7.298 12.045 10.794 9.417 8.249 6.836 5.455 4.786 4.535
0.01471 0.00000 7.00000 0.5000000000 2.2374541529    0.500 -0.979  3.5251  4.169    0  0.000  0.545     0.00     0.00     0.00     0.00     0.00 -1 -1.55e-14      0.00 7.107e-01 2.745e-01 2.655e-03 7.163e-04 6.496e-03 -1.000 1.476e-02 7.219 11.910 10.650 9.273 8.124 6.739 5.386 4.711 4.465
0.01471 0.00000 7.00000 0.5128665566 2.2503360424    0.513 -0.964  3.5277  4.174    0  0.000  0.545     0.00     0.00     0.00     0.00     0.00 -1 -1.58e-14      0.00 7.107e-01 2.745e-01 2.655e-03 7.163e-04 6.496e-03 -1.000 1.476e-02 7.179 11.838 10.571 9.195 8.057 6.689 5.353 4.675 4.431
0.01471 0.00000 7.00000 0.5434181690 2.2781329405    0.543 -0.927  3.5328  4.183    0  0.000  0.545     0.00     0.00     0.00     0.00     0.00 -1 -1.65e-14      0.00 7.107e-01 2.745e-01 2.655e-03 7.163e-04 6.496e-03 -1.000 1.476e-02 7.086 11.683 10.404 9.030 7.913 6.578 5.274 4.589 4.350
0.01471 0.00000 7.00000 0.5500000119 2.2836582633    0.550 -0.919  3.5337  4.184    0  0.000  0.545     0.00     0.00     0.00     0.00     0.00 -1 -1.67e-14      0.00 7.107e-01 2.745e-01 2.655e-03 7.163e-04 6.496e-03 -1.000 1.476e-02 7.068 11.653 10.372 8.998 7.885 6.556 5.259 4.572 4.334
0.01471 0.00000 7.00000 0.5567126870 2.2891389413    0.556 -0.911  3.5352  4.187    0  0.000  0.545     0.00     0.00     0.00     0.00     0.00 -1 -1.68e-14      0.00 7.107e-01 2.745e-01 2.655e-03 7.163e-04 6.496e-03 -1.000 1.476e-02 7.048 11.617 10.332 8.959 7.851 6.531 5.243 4.554 4.317
0.01471 0.00000 7.00000 0.5864229202 2.3116736092    0.586 -0.877  3.5405  4.197    0  0.000  0.545     0.00     0.00     0.00     0.00     0.00 -1 -1.76e-14      0.00 7.107e-01 2.745e-01 2.655e-03 7.163e-04 6.496e-03 -1.000 1.476e-02 6.962 11.467 10.169 8.799 7.713 6.427 5.170 4.475 4.244
0.01471 0.00000 7.00000 0.6000000238 2.3211213258    0.600 -0.862  3.5425  4.200    0  0.000  0.545     0.00     0.00     0.00     0.00     0.00 -1 -1.79e-14      0.00 7.107e-01 2.745e-01 2.655e-03 7.163e-04 6.496e-03 -1.000 1.476e-02 6.925 11.409 10.104 8.734 7.655 6.383 5.139 4.441 4.212
0.01471 0.00000 7.00000 0.6209546328 2.3347744229    0.621 -0.837  3.5471  4.208    0  0.000  0.545     0.00     0.00     0.00     0.00     0.00 -1 -1.85e-14      0.00 7.107e-01 2.745e-01 2.655e-03 7.163e-04 6.496e-03 -1.000 1.476e-02 6.862 11.296 9.978 8.609 7.547 6.306 5.088 4.385 4.160
0.01471 0.00000 7.00000 0.6499999762 2.3520353107    0.650 -0.804  3.5524  4.216    0  0.000  0.545     0.00     0.00     0.00     0.00     0.00 -1 -1.93e-14      0.00 7.107e-01 2.745e-01 2.655e-03 7.163e-04 6.496e-03 -1.000 1.476e-02 6.780 11.160 9.825 8.455 7.412 6.209 5.021 4.311 4.093
0.01471 0.00000 7.00000 0.6672595143 2.3614776180    0.667 -0.782  3.5564  4.222    0  0.000  0.545     0.00     0.00     0.00     0.00     0.00 -1 -1.99e-14      0.00 7.107e-01 2.745e-01 2.655e-03 7.163e-04 6.496e-03 -1.000 1.476e-02 6.725 11.066 9.718 8.348 7.318 6.144 4.977 4.263 4.049
0.01471 0.00000 7.00000 0.7000000477 2.3779267258    0.700 -0.740  3.5636  4.230    0  0.000  0.545     0.00     0.00     0.00     0.00     0.00 -1 -2.12e-14      0.00 7.107e-01 2.745e-01 2.655e-03 7.163e-04 6.496e-03 -1.000 1.476e-02 6.621 10.893 9.520 8.150 7.142 6.022 4.893 4.171 3.966
0.01471 0.00000 7.00000 0.7500000000 2.3998889087    0.750 -0.582  3.6185  4.321    0  0.000  0.538     0.00     0.00     0.00     0.00     0.00 -1 -2.66e-14      0.00 7.107e-01 2.745e-01 2.620e-03 7.153e-04 6.497e-03 -1.000 1.476e-02 6.225 9.914 8.432 7.146 6.279 5.539 4.635 3.914 3.783
0.01471 0.00000 7.00000 0.7690234184 2.4073874219    0.769 -0.564  3.6207  4.323    0  0.000  0.538     0.00     0.00     0.00     0.00     0.00 -1 -2.73e-14      0.00 7.107e-01 2.745e-01 2.620e-03 7.153e-04 6.497e-03 -1.000 1.476e-02 6.181 9.841 8.361 7.082 6.220 5.493 4.597 3.877 3.750
0.01471 0.00000 7.00000 0.8000000119 2.4187244405    0.800 -0.532  3.6243  4.322    0  0.000  0.538     0.00     0.00     0.00     0.00     0.00 -1 -2.89e-14      0.00 7.107e-01 2.745e-01 2.620e-03 7.153e-04 6.497e-03 -1.000 1.476e-02 6.099 9.707 8.231 6.966 6.114 5.408 4.524 3.810 3.687
0.01471 0.00000 7.00000 0.8286339045 2.4283417802    0.828 -0.503  3.6282  4.324    0  0.000  0.538     0.00     0.00     0.00     0.00     0.00 -1 -3.02e-14      0.00 7.107e-01 2.745e-01 2.620e-03 7.153e-04 6.497e-03 -1.000 1.476e-02 6.027 9.579 8.109 6.858 6.016 5.333 4.461 3.753 3.634
0.01471 0.00000 7.00000 0.8500000238 2.4350346840    0.850 -0.478  3.6311  4.322    0  0.000  0.538     0.00     0.00     0.00     0.00     0.00 -1 -3.17e-14      0.00 7.107e-01 2.745e-01 2.620e-03 7.153e-04 6.497e-03 -1.000 1.476e-02 5.965 9.471 8.008 6.769 5.936 5.269 4.407 3.703 3.588
0.01471 0.00000 7.00000 0.8908511400 2.4468094822    0.890 -0.430  3.6374  4.319    0  0.000  0.538     0.00     0.00     0.00     0.00     0.00 -1 -3.47e-14      0.00 7.107e-01 2.745e-01 2.620e-03 7.153e-04 6.497e-03 -1.000 1.476e-02 5.844 9.231 7.801 6.589 5.776 5.144 4.303 3.608 3.502
0.01471 0.00000 7.00000 0.8999999762 2.4492786016    0.899 -0.419  3.6389  4.318    0  0.000  0.538     0.00     0.00     0.00     0.00     0.00 -1 -3.54e-14      0.00 7.107e-01 2.745e-01 2.620e-03 7.153e-04 6.497e-03 -1.000 1.476e-02 5.816 9.176 7.753 6.548 5.739 5.116 4.279 3.587 3.482
0.01471 0.00000 7.00000 0.9269082546 2.4562169378    0.926 -0.388  3.6432  4.317    0  0.000  0.538     0.00     0.00     0.00     0.00     0.00 -1 -3.75e-14      0.00 7.107e-01 2.745e-01 2.620e-03 7.153e-04 6.497e-03 -1.000 1.476e-02 5.740 9.006 7.618 6.432 5.638 5.036 4.214 3.532 3.431
0.01471 0.00000 7.00000 0.9499999881 2.4618121868    0.950 -0.358  3.6472  4.315    0  0.000  0.538     0.00     0.00     0.00     0.00     0.00 -1 -3.98e-14      0.00 7.107e-01 2.745e-01 2.620e-03 7.153e-04 6.497e-03 -1.000 1.476e-02 5.666 8.842 7.490 6.322 5.542 4.958 4.152 3.481 3.383
0.01471 0.00000 7.00000 0.9896019101 2.4707124956    0.990 -0.310  3.6542  4.313    0  0.000  0.538     0.00     0.00     0.00     0.00     0.00 -1 -4.37e-14      0.00 7.107e-01 2.745e-01 2.620e-03 7.153e-04 6.497e-03 -1.000 1.476e-02 5.545 8.552 7.274 6.140 5.386 4.832 4.051 3.402 3.309
0.01471 0.00000 7.00000 1.0000000000 2.4729154477    1.000 -0.296  3.6562  4.311    0  0.000  0.538     0.00     0.00     0.00     0.00     0.00 -1 -4.49e-14      0.00 7.107e-01 2.745e-01 2.620e-03 7.153e-04 6.497e-03 -1.000 1.476e-02 5.511 8.468 7.212 6.088 5.342 4.796 4.023 3.381 3.289
0.01471 0.00000 7.00000 1.0499999523 2.4828114860    1.050 -0.236  3.6658  4.310    0  0.000  0.538     0.00     0.00     0.00     0.00     0.00 -1 -4.66e-14      0.00 7.107e-01 2.745e-01 2.620e-03 7.153e-04 6.497e-03 -1.000 1.476e-02 5.359 8.084 6.936 5.859 5.152 4.636 3.899 3.288 3.202
0.01471 0.00000 7.00000 1.0606495142 2.4847811284    1.060 -0.221  3.6680  4.309    0  0.000  0.538     0.00     0.00     0.00     0.00     0.00 -1  -4.7e-14      0.00 7.107e-01 2.745e-01 2.620e-03 7.153e-04 6.497e-03 -1.000 1.476e-02 5.324 7.997 6.873 5.807 5.108 4.599 3.870 3.267 3.182
0.01471 0.00000 7.00000 1.0928219557 2.4904642296    1.092 -0.171  3.6757  4.303    0  0.000  0.538     0.00     0.00     0.00     0.00     0.00 -1 -4.97e-14      0.00 7.107e-01 2.745e-01 2.620e-03 7.153e-04 6.497e-03 -1.000 1.476e-02 5.199 7.691 6.655 5.626 4.959 4.470 3.769 3.192 3.111
0.01471 0.00000 7.00000 1.1000000238 2.4916801480    1.099 -0.160  3.6775  4.301    0  0.000  0.538     0.00     0.00     0.00     0.00     0.00 -1 -5.03e-14      0.00 7.107e-01 2.745e-01 2.620e-03 7.153e-04 6.497e-03 -1.000 1.476e-02 5.170 7.620 6.605 5.585 4.925 4.440 3.746 3.175 3.095
0.01471 0.00000 7.00000 1.1445670128 2.4988386756    1.144 -0.093  3.6880  4.293    0  0.000  0.538     0.00     0.00     0.00     0.00     0.00 -1 -5.37e-14      0.00 7.107e-01 2.745e-01 2.620e-03 7.153e-04 6.497e-03 -1.000 1.476e-02 5.002 7.228 6.322 5.350 4.729 4.269 3.611 3.074 2.998
0.01471 0.00000 7.00000 1.1499999762 2.4996678137    1.149 -0.084  3.6894  4.292    0  0.000  0.538     0.00     0.00     0.00     0.00     0.00 -1 -5.43e-14      0.00 7.107e-01 2.745e-01 2.620e-03 7.153e-04 6.497e-03 -1.000 1.476e-02 4.979 7.177 6.285 5.318 4.703 4.246 3.593 3.060 2.985
0.01471 0.00000 7.00000 1.2000000477 2.5068948796    1.200 -0.003  3.7018  4.280    0  0.000  0.538     0.00     0.00     0.00     0.00     0.00 -1 -5.88e-14      0.00 7.107e-01 2.745e-01 2.620e-03 7.153e-04 6.497e-03 -1.000 1.476e-02 4.778 6.723 5.962 5.048 4.477 4.045 3.434 2.938 2.870
0.01471 0.00000 7.00000 1.2108978033 2.5083792277    1.210  0.014  3.7045  4.276    0  0.000  0.538     0.00     0.00     0.00     0.00     0.00 -1 -5.98e-14      0.00 7.107e-01 2.745e-01 2.620e-03 7.153e-04 6.497e-03 -1.000 1.476e-02 4.734 6.627 5.894 4.991 4.429 4.002 3.400 2.912 2.844
0.01471 0.00000 7.00000 1.2500000000 2.5134610955    1.250  0.084  3.7148  4.262    0  0.000  0.538     0.00     0.00     0.00     0.00     0.00 -1 -6.47e-14      0.00 7.107e-01 2.745e-01 2.620e-03 7.153e-04 6.497e-03 -1.000 1.476e-02 4.560 6.259 5.630 4.768 4.239 3.831 3.262 2.804 2.741
0.01471 0.00000 7.00000 1.2700786591 2.5159312032    1.270  0.121  3.7201  4.253    0  0.000  0.538     0.00     0.00     0.00     0.00     0.00 -1 -6.73e-14      0.00 7.107e-01 2.745e-01 2.620e-03 7.153e-04 6.497e-03 -1.000 1.476e-02 4.467 6.069 5.493 4.652 4.139 3.740 3.189 2.746 2.685
0.01471 0.00000 7.00000 1.2999999523 2.5194498592    1.300  0.181  3.7284  4.237    0  0.000  0.538     0.00     0.00     0.00     0.00     0.00 -1 -7.25e-14      0.00 7.107e-01 2.745e-01 2.620e-03 7.153e-04 6.497e-03 -1.000 1.476e-02 4.318 5.780 5.281 4.473 3.982 3.597 3.072 2.651 2.593
0.01471 0.00000 7.00000 1.3240243196 2.5221430721    1.324  0.231  3.7351  4.221    0  0.000  0.538     0.00     0.00     0.00     0.00     0.00 -1 -7.69e-14      0.00 7.107e-01 2.745e-01 2.620e-03 7.153e-04 6.497e-03 -1.000 1.476e-02 4.193 5.546 5.106 4.324 3.852 3.478 2.974 2.570 2.515
0.01471 0.00000 7.00000 1.3499999046 2.5249313472    1.350  0.290  3.7427  4.201    0  0.000  0.538     0.00     0.00     0.00     0.00     0.00 -1 -8.33e-14      0.00 7.107e-01 2.745e-01 2.620e-03 7.153e-04 6.497e-03 -1.000 1.476e-02 4.045 5.277 4.905 4.153 3.701 3.339 2.857 2.472 2.420
0.01471 0.00000 7.00000 1.3689589500 2.5268898124    1.369  0.336  3.7482  4.184    0  0.000  0.538     0.00     0.00     0.00     0.00     0.00 -1 -8.83e-14      0.00 7.107e-01 2.745e-01 2.620e-03 7.153e-04 6.497e-03 -1.000 1.476e-02 3.931 5.073 4.753 4.023 3.586 3.233 2.767 2.395 2.346
0.01471 0.00000 7.00000 1.3999999762 2.5299650300    1.400  0.417  3.7577  4.150    0  0.000  0.538     0.00     0.00     0.00     0.00     0.00 -1 -9.95e-14      0.00 7.107e-01 2.745e-01 2.620e-03 7.153e-04 6.497e-03 -1.000 1.476e-02 3.727 4.725 4.486 3.796 3.384 3.045 2.606 2.257 2.211
0.01471 0.00000 7.00000 1.4047260284 2.5304195477    1.405  0.430  3.7592  4.144    0  0.000  0.538     0.00     0.00     0.00     0.00     0.00 -1 -1.01e-13      0.00 7.107e-01 2.745e-01 2.619e-03 7.153e-04 6.497e-03 -1.000 1.476e-02 3.694 4.671 4.444 3.760 3.352 3.016 2.580 2.234 2.190
0.01471 0.00000 7.00000 1.4286680222 2.5326690799    1.429  0.501  3.7669  4.112    0  0.000  0.538     0.00     0.00     0.00     0.00     0.00 -1 -1.12e-13      0.00 7.107e-01 2.745e-01 2.619e-03 7.153e-04 6.497e-03 -1.000 1.476e-02 3.517 4.391 4.218 3.567 3.178 2.854 2.440 2.111 2.070
0.01471 0.00000 7.00000 1.4500000477 2.5346015836    1.450  0.568  3.7742  4.080    0  0.000  0.538     0.00     0.00     0.00     0.00     0.00 -1 -1.25e-13      0.00 7.107e-01 2.745e-01 2.619e-03 7.153e-04 6.497e-03 -1.000 1.476e-02 3.350 4.133 4.005 3.386 3.015 2.704 2.308 1.996 1.958
0.01471 0.00000 7.00000 1.4673675299 2.5361273056    1.468  0.624  3.7804  4.054    0  0.000  0.538     0.00     0.00     0.00     0.00     0.00 -1 -1.35e-13      0.00 7.107e-01 2.745e-01 2.619e-03 7.153e-04 6.497e-03 -1.000 1.476e-02 3.210 3.921 3.827 3.236 2.880 2.579 2.199 1.901 1.866
0.01471 0.00000 7.00000 1.4870698452 2.5378086179    1.487  0.687  3.7878  4.027    0  0.000  0.538     0.00     0.00     0.00     0.00     0.00 -1 -1.46e-13      0.00 7.107e-01 2.745e-01 2.619e-03 7.153e-04 6.497e-03 -1.000 1.476e-02 3.052 3.691 3.628 3.069 2.729 2.440 2.079 1.796 1.763
0.01471 0.00000 7.00000 1.5000000000 2.5388844597    1.500  0.728  3.7930  4.010    0  0.000  0.538     0.00     0.00     0.00     0.00     0.00 -1 -1.54e-13      0.00 7.107e-01 2.745e-01 2.619e-03 7.153e-04 6.497e-03 -1.000 1.476e-02 2.951 3.543 3.498 2.961 2.633 2.352 2.004 1.732 1.701
0.01471 0.00000 7.00000 1.5066205263 2.5394271012    1.507  0.748  3.7957  4.002    0  0.000  0.538     0.00     0.00     0.00     0.00     0.00 -1 -1.56e-13      0.00 7.107e-01 2.745e-01 2.619e-03 7.153e-04 6.497e-03 -1.000 1.476e-02 2.899 3.469 3.432 2.906 2.584 2.308 1.966 1.699 1.669
0.01471 0.00000 7.00000 1.5275973082 2.5411107687    1.528  0.812  3.8049  3.982    0  0.000  0.538     0.00     0.00     0.00     0.00     0.00 -1 -1.63e-13      0.00 7.107e-01 2.745e-01 2.619e-03 7.153e-04 6.497e-03 -1.000 1.476e-02 2.740 3.238 3.224 2.739 2.437 2.176 1.855 1.608 1.581
0.01471 0.00000 7.00000 1.5445895195 2.5424361349    1.545  0.861  3.8132  3.971    0  0.000  0.538     0.00     0.00     0.00     0.00     0.00 -1 -1.67e-13      0.00 7.107e-01 2.745e-01 2.619e-03 7.153e-04 6.497e-03 -1.000 1.476e-02 2.618 3.060 3.061 2.609 2.326 2.078 1.778 1.547 1.523
0.01471 0.00000 7.00000 1.5499999523 2.5428511323    1.550  0.875  3.8162  3.970    0  0.000  0.538     0.00     0.00     0.00     0.00     0.00 -1 -1.67e-13      0.00 7.107e-01 2.745e-01 2.619e-03 7.153e-04 6.497e-03 -1.000 1.476e-02 2.582 3.009 3.012 2.571 2.293 2.051 1.757 1.532 1.509
0.01471 0.00000 7.00000 1.5619094372 2.5437529895    1.562  0.906  3.8231  3.970    0  0.000  0.538     0.00     0.00     0.00     0.00     0.00 -1 -1.63e-13      0.00 7.107e-01 2.745e-01 2.619e-03 7.153e-04 6.497e-03 -1.000 1.476e-02 2.504 2.897 2.903 2.487 2.222 1.992 1.714 1.504 1.481
0.01471 0.00000 7.00000 1.5773036480 2.5448955562    1.577  0.942  3.8333  3.979    0  0.000  0.538     0.00     0.00     0.00     0.00     0.00 -1 -1.53e-13      0.00 7.107e-01 2.745e-01 2.619e-03 7.153e-04 6.497e-03 -1.000 1.476e-02 2.416 2.766 2.773 2.391 2.146 1.933 1.679 1.489 1.469
0.01471 0.00000 7.00000 1.5953429937 2.5462022305    1.595  0.975  3.8470  4.006    0  0.000  0.538     0.00     0.00     0.00     0.00     0.00 -1 -1.39e-13      0.00 7.107e-01 2.745e-01 2.619e-03 7.153e-04 6.497e-03 -1.000 1.476e-02 2.332 2.638 2.640 2.299 2.082 1.892 1.669 1.505 1.487
0.01471 0.00000 7.00000 1.6000000238 2.5465340628    1.600  0.983  3.8508  4.014    0  0.000  0.538     0.00     0.00     0.00     0.00     0.00 -1 -1.35e-13      0.00 7.107e-01 2.745e-01 2.619e-03 7.153e-04 6.496e-03 -1.000 1.476e-02 2.313 2.607 2.607 2.277 2.067 1.884 1.670 1.513 1.495
0.01471 0.00000 7.00000 1.6000738144 2.5465393028    1.600  0.983  3.8509  4.014    0  0.000  0.538     0.00     0.00     0.00     0.00     0.00 -1 -1.34e-13      0.00 7.107e-01 2.745e-01 2.619e-03 7.153e-04 6.496e-03 -1.000 1.476e-02 2.312 2.607 2.607 2.277 2.067 1.884 1.670 1.513 1.495
0.01471 0.00000 7.00000 1.6043994427 2.5468455052    1.604  0.989  3.8545  4.024    0  0.000  0.538     0.00     0.00     0.00     0.00     0.00 -1 -1.27e-13      0.00 7.107e-01 2.745e-01 2.619e-03 7.153e-04 6.496e-03 -1.000 1.476e-02 2.297 2.582 2.580 2.260 2.057 1.881 1.674 1.525 1.508
0.01471 0.00000 7.00000 1.6184946299 2.5478302285    1.618  0.993  3.8633  4.060    0  0.000  0.538     0.00     0.00     0.00     0.00     0.00 -1 -1.01e-13      0.00 7.107e-01 2.745e-01 2.619e-03 7.153e-04 6.496e-03 -1.000 1.476e-02 2.289 2.552 2.545 2.249 2.063 1.902 1.714 1.580 1.565
0.01471 0.00000 7.00000 1.6409349442 2.5493578931    1.640  0.979  3.8727  4.117    0  0.000  0.538     0.00     0.00     0.00     0.00     0.00 -1 -6.67e-14      0.00 7.107e-01 2.745e-01 2.619e-03 7.153e-04 6.496e-03 -1.000 1.476e-02 2.323 2.567 2.556 2.283 2.115 1.970 1.802 1.684 1.669
0.01471 0.00000 7.00000 1.6500000954 2.5499614852    1.649  0.966  3.8744  4.139    0  0.000  0.538     0.00     0.00     0.00     0.00     0.00 -1 -5.57e-14      0.00 7.107e-01 2.745e-01 2.619e-03 7.153e-04 6.496e-03 -1.000 1.476e-02 2.355 2.595 2.584 2.315 2.150 2.008 1.843 1.728 1.714
0.01471 0.00000 7.00000 1.6588680744 2.5505446141    1.658  0.950  3.8750  4.159    0  0.000  0.538     0.00     0.00     0.00     0.00     0.00 -1 -5.12e-17      0.00 7.107e-01 2.745e-01 2.619e-03 7.153e-04 6.496e-03 -1.000 1.476e-02 2.395 2.633 2.625 2.356 2.191 2.050 1.886 1.771 1.757
0.01471 0.00000 7.00000 1.6711912155 2.5513431384    1.670  0.926  3.8741  4.183    0  0.000  0.538     0.00     0.00     0.00     0.00     0.00 -1 -3.45e-21      0.00 7.107e-01 2.745e-01 2.619e-03 7.152e-04 6.496e-03 -1.000 1.476e-02 2.454 2.692 2.689 2.417 2.250 2.106 1.941 1.824 1.811
0.01471 0.00000 7.00000 1.6842001677 2.5521715382    1.683  0.906  3.8729  4.202    0  0.000  0.538     0.00     0.00     0.00     0.00     0.00 -1 -1.57e-25      0.00 7.107e-01 2.745e-01 2.619e-03 7.152e-04 6.496e-03 -1.000 1.476e-02 2.506 2.745 2.746 2.470 2.300 2.153 1.986 1.866 1.852
0.01471 0.00000 7.00000 1.7000000477 2.5531580802    1.699  0.896  3.8725  4.214    0  0.000  0.538     0.00     0.00     0.00     0.00     0.00 -1    -1e-30      0.00 7.107e-01 2.745e-01 2.619e-03 7.152e-04 6.496e-03 -1.000 1.476e-02 2.530 2.769 2.772 2.495 2.323 2.176 2.007 1.887 1.873
0.01471 0.00000 7.00000 1.7062699795 2.5535437553    1.705  0.892  3.8724  4.219    0  0.000  0.538     0.00     0.00     0.00     0.00     0.00 -1    -1e-30      0.00 7.107e-01 2.745e-01 2.619e-03 7.152e-04 6.496e-03 -1.000 1.476e-02 2.539 2.778 2.782 2.504 2.333 2.185 2.016 1.895 1.882
0.01471 0.00000 7.00000 1.7297837734 2.5549615367    1.729  0.898  3.8744  4.227    0  0.000  0.538     0.00     0.00     0.00     0.00     0.00 -1    -1e-30      0.00 7.107e-01 2.745e-01 2.619e-03 7.152e-04 6.496e-03 -1.000 1.476e-02 2.524 2.760 2.762 2.489 2.321 2.177 2.012 1.895 1.881
0.01471 0.00000 7.00000 1.7500000000 2.5561455243    1.749  0.931  3.8811  4.226    0  0.000  0.538     0.00     0.00     0.00     0.00     0.00 -1    -1e-30      0.00 7.107e-01 2.745e-01 2.619e-03 7.152e-04 6.496e-03 -1.000 1.476e-02 2.442 2.668 2.661 2.406 2.251 2.120 1.969 1.863 1.850
0.01471 0.00000 7.00000 1.7655029297 2.5570323781    1.764  0.956  3.8862  4.226    0  0.000  0.538     0.00     0.00     0.00     0.00     0.00 -1    -1e-30      0.00 7.107e-01 2.745e-01 2.619e-03 7.152e-04 6.496e-03 -1.000 1.476e-02 2.381 2.599 2.586 2.344 2.200 2.077 1.937 1.840 1.827
0.01471 0.00000 7.00000 1.7968057394 2.5587695465    1.796  1.014  3.8997  4.229    0  0.000  0.538     0.00     0.00     0.00     0.00     0.00 -1    -1e-30      0.00 7.107e-01 2.745e-01 2.619e-03 7.152e-04 6.496e-03 -1.000 1.476e-02 2.235 2.438 2.407 2.200 2.083 1.985 1.871 1.795 1.784
0.01471 0.00000 7.00000 1.7999998331 2.5589429021    1.799  1.020  3.9014  4.230    0  0.000  0.538     0.00     0.00     0.00     0.00     0.00 -1    -1e-30      0.00 7.107e-01 2.745e-01 2.619e-03 7.152e-04 6.496e-03 -1.000 1.476e-02 2.219 2.420 2.387 2.185 2.072 1.976 1.865 1.792 1.781
0.01471 0.00000 7.00000 1.8316435814 2.5606228314    1.830  1.085  3.9194  4.244    0  0.000  0.538     0.00     0.00     0.00     0.00     0.00 -1    -1e-30      0.00 7.107e-01 2.745e-01 2.619e-03 7.152e-04 6.496e-03 -1.000 1.476e-02 2.056 2.239 2.190 2.038 1.958 1.892 1.813 1.764 1.755
0.01471 0.00000 7.00000 1.8499999046 2.5615671142    1.849  1.124  3.9312  4.257    0  0.000  0.538     0.00     0.00     0.00     0.00     0.00 -1    -1e-30      0.00 7.107e-01 2.745e-01 2.619e-03 7.152e-04 6.496e-03 -1.000 1.476e-02 1.959 2.131 2.080 1.959 1.900 1.851 1.791 1.756 1.747
0.01471 0.00000 7.00000 1.8567665815 2.5619097928    1.856  1.138  3.9356  4.263    0  0.000  0.538     0.00     0.00     0.00     0.00     0.00 -1    -1e-30      0.00 7.107e-01 2.745e-01 2.619e-03 7.152e-04 6.496e-03 -1.000 1.476e-02 1.924 2.092 2.043 1.933 1.881 1.838 1.785 1.754 1.746
0.01471 0.00000 7.00000 1.8939669132 2.5637435098    1.893  1.194  3.9560  4.298    0  0.000  0.538     0.00     0.00     0.00     0.00     0.00 -1    -1e-30      0.00 7.107e-01 2.745e-01 2.619e-03 7.152e-04 6.496e-03 -1.000 1.475e-02 1.786 1.938 1.916 1.850 1.823 1.804 1.781 1.767 1.762
0.01471 0.00000 7.00000 1.8999999762 2.5640331260    1.899  1.193  3.9561  4.300    0  0.000  0.538     0.00     0.00     0.00     0.00     0.00 -1    -1e-30      0.00 7.108e-01 2.745e-01 2.619e-03 7.152e-04 6.496e-03 -1.000 1.474e-02 1.789 1.940 1.919 1.852 1.826 1.807 1.784 1.770 1.765
0.01471 0.00000 7.00000 1.9158891439 2.5647858559    1.915  1.206  3.9625  4.316    0  0.000  0.538     0.00     0.00     0.00     0.00     0.00 -1    -1e-30      0.00 7.108e-01 2.745e-01 2.619e-03 7.152e-04 6.496e-03 -1.000 1.474e-02 1.754 1.903 1.894 1.839 1.820 1.807 1.792 1.783 1.779
0.01471 0.00000 7.00000 1.9500000477 2.5663542714    1.950  1.222  3.9698  4.337    0  0.000  0.538     0.00     0.00     0.00     0.00     0.00 -1    -1e-30      0.00 7.108e-01 2.745e-01 2.619e-03 7.152e-04 6.496e-03 -1.000 1.476e-02 1.715 1.863 1.869 1.827 1.814 1.807 1.802 1.797 1.795
0.01471 0.00000 7.00000 1.9702948332 2.5672578477    1.970  1.233  3.9742  4.349    0  0.000  0.538     0.00     0.00     0.00     0.00     0.00 -1    -1e-30      0.00 7.108e-01 2.745e-01 2.619e-03 7.152e-04 6.496e-03 -1.000 1.476e-02 1.688 1.837 1.853 1.818 1.808 1.806 1.806 1.804 1.803
0.01471 0.00000 7.00000 2.0000000000 2.5685424513    2.000  1.251  3.9787  4.355    0  0.000  0.538     0.00     0.00     0.00     0.00     0.00 -1    -1e-30      0.00 7.108e-01 2.745e-01 2.619e-03 7.151e-04 6.495e-03 -1.000 1.476e-02 1.643 1.792 1.819 1.790 1.784 1.785 1.791 1.791 1.791
0.01471 0.00000 7.00000 2.0398905277 2.5702000218    2.040  1.271  3.9839  4.364    0  0.000  0.538     0.00     0.00     0.00     0.00     0.00 -1    -1e-30      0.00 7.108e-01 2.744e-01 2.619e-03 7.151e-04 6.495e-03 -1.000 1.476e-02 1.593 1.745 1.784 1.763 1.761 1.766 1.778 1.780 1.782
0.01471 0.00000 7.00000 2.0499999523 2.5706083333    2.050  1.279  3.9856  4.365    0  0.000  0.538     0.00     0.00     0.00     0.00     0.00 -1    -1e-30      0.00 7.108e-01 2.744e-01 2.619e-03 7.151e-04 6.495e-03 -1.000 1.476e-02 1.572 1.724 1.767 1.749 1.748 1.754 1.768 1.772 1.773
0.01471 0.00000 7.00000 2.0999999046 2.5725614918    2.099  1.321  3.9937  4.365    0  0.000  0.538     0.00     0.00     0.00     0.00     0.00 -1    -1e-30      0.00 7.108e-01 2.744e-01 2.619e-03 7.151e-04 6.495e-03 -1.000 1.476e-02 1.467 1.622 1.685 1.680 1.684 1.696 1.720 1.727 1.730
0.01471 0.00000 7.00000 2.1500000954 2.5744105556    2.149  1.362  4.0016  4.366    0  0.000  0.538     0.00     0.00     0.00     0.00     0.00 -1    -1e-30      0.00 7.108e-01 2.744e-01 2.619e-03 7.151e-04 6.495e-03 -1.000 1.476e-02 1.364 1.523 1.608 1.614 1.623 1.640 1.672 1.683 1.689
0.01471 0.00000 7.00000 2.2000000477 2.5761632879    2.199  1.402  4.0093  4.367    0  0.000  0.538     0.00     0.00     0.00     0.00     0.00 -1    -1e-30      0.00 7.108e-01 2.744e-01 2.619e-03 7.150e-04 6.495e-03 -1.000 1.476e-02 1.264 1.427 1.534 1.550 1.563 1.585 1.626 1.639 1.647
0.01471 0.00000 7.00000 2.2500000000 2.5778267375    2.249  1.441  4.0167  4.367    0  0.000  0.538     0.00     0.00     0.00     0.00     0.00 -1    -1e-30      0.00 7.108e-01 2.744e-01 2.619e-03 7.150e-04 6.494e-03 -1.000 1.476e-02 1.167 1.335 1.464 1.489 1.505 1.531 1.580 1.596 1.606
0.01471 0.00000 7.00000 2.2999999523 2.5794072884    2.299  1.479  4.0238  4.368    0  0.000  0.538     0.00     0.00     0.00     0.00     0.00 -1    -1e-30      0.00 7.109e-01 2.744e-01 2.619e-03 7.151e-04 6.494e-03 -1.000 1.476e-02 1.072 1.246 1.396 1.430 1.449 1.478 1.535 1.554 1.566
0.01471 0.00000 7.00000 2.4000000954 2.5823423892    2.399  1.551  4.0373  4.368    0  0.000  0.538     0.00     0.00     0.00     0.00     0.00 -1    -1e-30      0.00 7.108e-01 2.744e-01 2.619e-03 7.150e-04 6.494e-03 -1.000 1.476e-02 0.891 1.078 1.270 1.317 1.341 1.377 1.448 1.471 1.487
0.01471 0.00000 7.00000 2.5999999046 2.5874412955    2.600  1.686  4.0620  4.367    0  0.000  0.538     0.00     0.00     0.00     0.00     0.00 -1    -1e-30      0.00 7.107e-01 2.745e-01 2.620e-03 7.154e-04 6.497e-03 -1.000 1.476e-02 0.555 0.770 1.040 1.108 1.140 1.185 1.281 1.311 1.334
0.01471 0.00000 7.00000 2.7361080647 2.5904254675    2.736  1.772  4.0772  4.364    1  0.000  0.538     0.00     0.00     0.00     0.00     0.00 -1    -1e-30      0.00 7.107e-01 2.745e-01 2.620e-03 7.154e-04 6.497e-03 -1.000 1.476e-02 0.341 0.579 0.896 0.975 1.010 1.061 1.172 1.206 1.232
0.01471 0.00000 7.00000 2.7999999523 2.5917117820    2.800  1.810  4.0841  4.363    1  0.000  0.538     0.00     0.00     0.00     0.00     0.00 -1    -1e-30      0.00 7.107e-01 2.745e-01 2.620e-03 7.154e-04 6.497e-03 -1.000 1.476e-02 0.244 0.494 0.832 0.915 0.952 1.005 1.122 1.158 1.186
0.01471 0.00000 7.00000 2.9979236126 2.5952994342    2.998  1.924  4.1040  4.358    1  0.000  0.538     0.00     0.00     0.00     0.00     0.00 -1    -1e-30      0.00 7.107e-01 2.745e-01 2.620e-03 7.154e-04 6.497e-03 -1.000 1.476e-02 -0.041 0.247 0.644 0.739 0.780 0.840 0.975 1.015 1.048
0.01471 0.00000 7.00000 3.0000000000 2.5953341962    3.000  1.926  4.1042  4.358    1  0.000  0.538     0.00     0.00     0.00     0.00     0.00 -1    -1e-30      0.00 7.107e-01 2.745e-01 2.620e-03 7.154e-04 6.497e-03 -1.000 1.476e-02 -0.044 0.244 0.642 0.737 0.778 0.838 0.973 1.014 1.046
0.01471 0.00000 7.00000 3.2000000477 2.5984409005    3.199  2.032  4.1226  4.353    0  0.000  0.538     0.00     0.00     0.00     0.00     0.00 -1    -1e-30      0.00 7.107e-01 2.745e-01 2.620e-03 7.154e-04 6.497e-03 -1.000 1.476e-02 -0.311 0.020 0.469 0.574 0.618 0.684 0.835 0.880 0.915
0.01471 0.00000 7.00000 3.4000000954 2.6011310876    3.398  2.132  4.1395  4.347    1  0.000  0.538     0.00     0.00     0.00     0.00     0.00 -1    -1e-30      0.00 7.107e-01 2.745e-01 2.620e-03 7.154e-04 6.497e-03 -1.000 1.476e-02 -0.561 -0.186 0.306 0.420 0.468 0.539 0.703 0.752 0.791
0.01471 0.00000 7.00000 3.5999999046 2.6034804580    3.598  2.226  4.1549  4.340    1  0.000  0.538     0.00     0.00     0.00     0.00     0.00 -1    -1e-30      0.00 7.107e-01 2.745e-01 2.620e-03 7.154e-04 6.497e-03 -1.000 1.476e-02 -0.795 -0.376 0.153 0.275 0.327 0.403 0.578 0.630 0.672
0.01471 0.00000 7.00000 3.7494845390 2.6050494901    3.747  2.292  4.1660  4.335    1  0.000  0.538     0.00     0.00     0.00     0.00     0.00 -1    -1e-30      0.00 7.107e-01 2.745e-01 2.620e-03 7.154e-04 6.497e-03 -1.000 1.476e-02 -0.961 -0.508 0.046 0.174 0.228 0.307 0.491 0.545 0.589
0.01471 0.00000 7.00000 3.7999999523 2.6055477288    3.798  2.314  4.1697  4.334    1  0.000  0.538     0.00     0.00     0.00     0.00     0.00 -1    -1e-30      0.00 7.107e-01 2.745e-01 2.620e-03 7.154e-04 6.497e-03 -1.000 1.476e-02 -1.016 -0.552 0.011 0.141 0.196 0.276 0.462 0.517 0.562
0.01471 0.00000 7.00000 4.0000000000 2.6073790840    4.001  2.397  4.1831  4.327    1  0.000  0.538     0.00     0.00     0.00     0.00     0.00 -1    -1e-30      0.00 7.107e-01 2.745e-01 2.620e-03 7.154e-04 6.497e-03 -1.000 1.476e-02 -1.223 -0.716 -0.124 0.013 0.071 0.155 0.351 0.408 0.455
0.01471 0.00000 7.00000 4.1999998093 2.6090113217    4.198  2.477  4.1961  4.321    1  0.000  0.538     0.00     0.00     0.00     0.00     0.00 -1    -1e-30      0.00 7.107e-01 2.745e-01 2.620e-03 7.154e-04 6.497e-03 -1.000 1.476e-02 -1.422 -0.870 -0.251 -0.108 -0.047 0.041 0.246 0.306 0.355
0.01471 0.00000 7.00000 4.4000000954 2.6104741055    4.397  2.552  4.2081  4.314    1  0.000  0.538     0.00     0.00     0.00     0.00     0.00 -1    -1e-30      0.00 7.107e-01 2.745e-01 2.620e-03 7.154e-04 6.497e-03 -1.000 1.476e-02 -1.609 -1.016 -0.374 -0.225 -0.160 -0.069 0.144 0.207 0.258
0.01471 0.00000 7.00000 4.5999999046 2.6117915791    4.597  2.623  4.2194  4.307    1  0.000  0.538     0.00     0.00     0.00     0.00     0.00 -1    -1e-30      0.00 7.107e-01 2.745e-01 2.620e-03 7.154e-04 6.497e-03 -1.000 1.476e-02 -1.788 -1.155 -0.491 -0.336 -0.269 -0.174 0.046 0.111 0.164
0.01471 0.00000 7.00000 4.8000001907 2.6129836005    4.798  2.692  4.2303  4.300    1  0.000  0.538     0.00     0.00     0.00     0.00     0.00 -1    -1e-30      0.00 7.107e-01 2.745e-01 2.620e-03 7.154e-04 6.497e-03 -1.000 1.476e-02 -1.960 -1.288 -0.603 -0.442 -0.372 -0.274 -0.047 0.020 0.075
0.01471 0.00000 7.00000 5.0000000000 2.6140666223    4.999  2.757  4.2401  4.292    1  0.000  0.538     0.00     0.00     0.00     0.00     0.00 -1    -1e-30      0.00 7.107e-01 2.745e-01 2.620e-03 7.154e-04 6.497e-03 -1.000 1.476e-02 -2.122 -1.414 -0.711 -0.546 -0.474 -0.372 -0.139 -0.070 -0.013
0.01471 0.00000 7.00000 5.0192370415 2.6141655731    5.018  2.763  4.2411  4.292    1  0.000  0.538     0.00     0.00     0.00     0.00     0.00 -1    -1e-30      0.00 7.107e-01 2.745e-01 2.620e-03 7.154e-04 6.497e-03 -1.000 1.476e-02 -2.138 -1.426 -0.722 -0.556 -0.483 -0.382 -0.148 -0.078 -0.021
0.01471 0.00000 7.00000 5.1999998093 2.6150544000    5.200  2.820  4.2498  4.285    1  0.000  0.538     0.00     0.00     0.00     0.00     0.00 -1    -1e-30      0.00 7.107e-01 2.745e-01 2.620e-03 7.154e-04 6.497e-03 -1.000 1.476e-02 -2.279 -1.536 -0.816 -0.646 -0.571 -0.467 -0.227 -0.156 -0.097
0.01471 0.00000 7.00000 5.3999996185 2.6159585084    5.401  2.880  4.2592  4.279    1  0.000  0.538     0.00     0.00     0.00     0.00     0.00 -1    -1e-30      0.00 7.107e-01 2.745e-01 2.620e-03 7.154e-04 6.497e-03 -1.000 1.476e-02 -2.431 -1.653 -0.916 -0.741 -0.664 -0.557 -0.311 -0.238 -0.178
0.01471 0.00000 7.00000 5.5999994278 2.6167887546    5.601  2.939  4.2681  4.272    1  0.000  0.538     0.00     0.00     0.00     0.00     0.00 -1    -1e-30      0.00 7.107e-01 2.745e-01 2.620e-03 7.154e-04 6.497e-03 -1.000 1.476e-02 -2.576 -1.766 -1.013 -0.834 -0.755 -0.645 -0.394 -0.319 -0.257
0.01471 0.00000 7.00000 5.8000001907 2.6175535027    5.801  2.995  4.2765  4.265    1  0.000  0.538     0.00     0.00     0.00     0.00     0.00 -1    -1e-30      0.00 7.107e-01 2.745e-01 2.620e-03 7.154e-04 6.497e-03 -1.000 1.476e-02 -2.716 -1.875 -1.108 -0.925 -0.843 -0.731 -0.474 -0.398 -0.334
0.01471 0.00000 7.00000 6.0000000000 2.6182599138    6.000  3.049  4.2846  4.258    1  0.000  0.538     0.00     0.00     0.00     0.00     0.00 -1    -1e-30      0.00 7.107e-01 2.745e-01 2.620e-03 7.154e-04 6.497e-03 -1.000 1.476e-02 -2.852 -1.981 -1.199 -1.013 -0.929 -0.814 -0.552 -0.474 -0.409
0.01471 0.00000 7.00000 6.1999998093 2.6189141709    6.200  3.101  4.2925  4.251    1  0.000  0.538     0.00     0.00     0.00     0.00     0.00 -1    -1e-30      0.00 7.107e-01 2.745e-01 2.620e-03 7.154e-04 6.497e-03 -1.000 1.476e-02 -2.983 -2.083 -1.288 -1.098 -1.012 -0.894 -0.628 -0.548 -0.482
0.01471 0.00000 7.00000 6.4000000954 2.6195216279    6.399  3.152  4.2999  4.244    1  0.000  0.538     0.00     0.00     0.00     0.00     0.00 -1    -1e-30      0.00 7.107e-01 2.745e-01 2.620e-03 7.154e-04 6.497e-03 -1.000 1.476e-02 -3.109 -2.182 -1.374 -1.181 -1.093 -0.973 -0.702 -0.621 -0.553
0.01471 0.00000 7.00000 7.0000000000 2.6211069280    6.996  3.295  4.3208  4.223    1  0.000  0.538     0.00     0.00     0.00     0.00     0.00 -1    -1e-30      0.00 7.107e-01 2.745e-01 2.620e-03 7.154e-04 6.497e-03 -1.000 1.476e-02 -3.467 -2.464 -1.621 -1.418 -1.325 -1.199 -0.915 -0.829 -0.758
0.01471 0.00000 7.00000 7.1838927269 2.6215322581    7.181  3.336  4.3266  4.217    1  0.000  0.538     0.00     0.00     0.00     0.00     0.00 -1    -1e-30      0.00 7.107e-01 2.745e-01 2.620e-03 7.154e-04 6.497e-03 -1.000 1.476e-02 -3.569 -2.545 -1.693 -1.487 -1.393 -1.265 -0.977 -0.890 -0.817
0.01471 0.00000 7.00000 7.8310551643 2.6228481760    7.831  3.474  4.3461  4.194    1  0.000  0.538     0.00     0.00     0.00     0.00     0.00 -1    -1e-30      0.00 7.107e-01 2.745e-01 2.620e-03 7.154e-04 6.497e-03 -1.000 1.476e-02 -3.914 -2.821 -1.936 -1.723 -1.624 -1.490 -1.191 -1.099 -1.022
0.01471 0.00000 7.00000 8.0000000000 2.6231516585    8.001  3.508  4.3508  4.188    1  0.000  0.538     0.00     0.00     0.00     0.00     0.00 -1    -1e-30      0.00 7.107e-01 2.745e-01 2.620e-03 7.154e-04 6.497e-03 -1.000 1.476e-02 -4.001 -2.890 -1.997 -1.782 -1.683 -1.547 -1.245 -1.152 -1.075
0.01471 0.00000 7.00000 8.1143121719 2.6233487790    8.115  3.531  4.3539  4.184    1  0.000  0.538     0.00     0.00     0.00     0.00     0.00 -1    -1e-30      0.00 7.107e-01 2.745e-01 2.620e-03 7.154e-04 6.497e-03 -1.000 1.476e-02 -4.057 -2.936 -2.038 -1.822 -1.722 -1.585 -1.281 -1.187 -1.109
0.01471 0.00000 7.00000 8.7614231110 2.6243540466    8.757  3.655  4.3703  4.159    1  0.000  0.538     0.00     0.00     0.00     0.00     0.00 -1    -1e-30      0.00 7.107e-01 2.745e-01 2.620e-03 7.154e-04 6.497e-03 -1.000 1.476e-02 -4.367 -3.188 -2.263 -2.041 -1.937 -1.797 -1.483 -1.385 -1.303
0.01471 0.00000 7.00000 9.0000000000 2.6246829947    8.995  3.699  4.3760  4.149    1  0.000  0.538     0.00     0.00     0.00     0.00     0.00 -1    -1e-30      0.00 7.107e-01 2.745e-01 2.620e-03 7.154e-04 6.497e-03 -1.000 1.476e-02 -4.478 -3.279 -2.345 -2.120 -2.016 -1.874 -1.557 -1.458 -1.375
0.01471 0.00000 7.00000 9.1375169754 2.6248636529    9.133  3.724  4.3790  4.143    1  0.000  0.538     0.00     0.00     0.00     0.00     0.00 -1    -1e-30      0.00 7.107e-01 2.745e-01 2.620e-03 7.154e-04 6.497e-03 -1.000 1.476e-02 -4.539 -3.329 -2.390 -2.165 -2.060 -1.917 -1.598 -1.498 -1.414
0.01471 0.00000 7.00000 9.7016201019 2.6255434977    9.698  3.821  4.3910  4.119    1  0.000  0.538     0.00     0.00     0.00     0.00     0.00 -1    -1e-30      0.00 7.107e-01 2.745e-01 2.620e-03 7.154e-04 6.497e-03 -1.000 1.476e-02 -4.783 -3.533 -2.575 -2.345 -2.237 -2.091 -1.766 -1.664 -1.578
0.01471 0.00000 7.00000 10.0000000000 2.6258676431    9.998  3.872  4.3969  4.106    1  0.000  0.538     0.00     0.00     0.00     0.00     0.00 -1    -1e-30      0.00 7.107e-01 2.745e-01 2.620e-03 7.154e-04 6.497e-03 -1.000 1.476e-02 -4.909 -3.638 -2.671 -2.439 -2.330 -2.183 -1.854 -1.751 -1.663
0.01471 0.00000 7.00000 10.1542730331 2.6260266722   10.153  3.897  4.3998  4.099    1  0.000  0.538     0.00     0.00     0.00     0.00     0.00 -1    -1e-30      0.00 7.107e-01 2.745e-01 2.620e-03 7.154e-04 6.497e-03 -1.000 1.476e-02 -4.972 -3.691 -2.719 -2.486 -2.377 -2.229 -1.898 -1.794 -1.706
0.01471 0.00000 7.00000 10.6625661850 2.6265134005   10.663  3.977  4.4087  4.075    1  0.000  0.538     0.00     0.00     0.00     0.00     0.00 -1    -1e-30      0.00 7.107e-01 2.745e-01 2.620e-03 7.154e-04 6.497e-03 -1.000 1.476e-02 -5.174 -3.885 -2.877 -2.617 -2.506 -2.370 -2.029 -1.948 -1.870
0.01471 0.00000 7.00000 11.0000000000 2.6268081058   11.001  4.030  4.4141  4.058    1  0.000  0.538     0.00     0.00     0.00     0.00     0.00 -1    -1e-30      0.00 7.107e-01 2.745e-01 2.620e-03 7.154e-04 6.497e-03 -1.000 1.476e-02 -5.305 -4.000 -2.990 -2.725 -2.608 -2.467 -2.125 -2.046 -1.967
0.01471 0.00000 7.00000 11.3079423904 2.6270594773   11.309  4.076  4.4186  4.042    1  0.000  0.538     0.00     0.00     0.00     0.00     0.00 -1    -1e-30      0.00 7.107e-01 2.745e-01 2.620e-03 7.154e-04 6.497e-03 -1.000 1.476e-02 -5.421 -4.103 -3.091 -2.822 -2.701 -2.555 -2.212 -2.135 -2.054
0.01471 0.00000 7.00000 11.6986665726 2.6273566210   11.700  4.134  4.4237  4.019    1  0.000  0.538     0.00     0.00     0.00     0.00     0.00 -1    -1e-30      0.00 7.107e-01 2.745e-01 2.620e-03 7.154e-04 6.497e-03 -1.000 1.476e-02 -5.565 -4.237 -3.223 -2.949 -2.821 -2.669 -2.325 -2.251 -2.167
0.01471 0.00000 7.00000 12.0000000000 2.6275706487   12.001  4.178  4.4274  4.001    1  0.000  0.538     0.00     0.00     0.00     0.00     0.00 -1    -1e-30      0.00 7.107e-01 2.745e-01 2.620e-03 7.154e-04 6.497e-03 -1.000 1.476e-02 -5.675 -4.341 -3.321 -3.048 -2.920 -2.767 -2.419 -2.342 -2.258
0.01471 0.00000 7.00000 12.1228981018 2.6276544345   12.121  4.195  4.4287  3.993    1  0.000  0.538     0.00     0.00     0.00     0.00     0.00 -1 -2.74e-29      0.00 7.107e-01 2.745e-01 2.622e-03 7.155e-04 6.497e-03 -1.000 1.476e-02 -5.717 -4.379 -3.357 -3.085 -2.958 -2.806 -2.456 -2.378 -2.293
0.01471 0.00000 7.00000 12.4988899231 2.6278990423   12.489  4.246  4.4324  3.970    1  0.000  0.540     0.00     0.00     0.00     0.00     0.00 -1 -5.68e-25      0.00 7.107e-01 2.745e-01 2.629e-03 7.156e-04 6.497e-03 -1.000 1.476e-02 -5.845 -4.498 -3.468 -3.198 -3.076 -2.926 -2.571 -2.487 -2.400
0.01471 0.00000 7.00000 12.8730373383 2.6281262107   12.854  4.296  4.4356  3.945    1  0.000  0.541     0.00     0.00     0.00     0.00     0.00 -1 -8.48e-21      0.00 7.107e-01 2.745e-01 2.636e-03 7.158e-04 6.497e-03 -1.000 1.476e-02 -5.970 -4.615 -3.579 -3.311 -3.192 -3.044 -2.686 -2.597 -2.509
0.01471 0.00000 7.00000 13.3533258438 2.6283964744   13.320  4.360  4.4385  3.908    1  0.000  0.543     0.00     0.00     0.00     0.00     0.00 -1 -1.32e-15      0.00 7.107e-01 2.745e-01 2.644e-03 7.160e-04 6.496e-03 -1.000 1.476e-02 -6.131 -4.770 -3.728 -3.461 -3.345 -3.199 -2.839 -2.746 -2.655
0.01471 0.00000 7.00000 13.7968626022 2.6286269354   13.750  4.419  4.4401  3.870    1  0.000  0.544     0.00     0.00     0.00     0.00     0.00 -1 -5.68e-11      0.00 7.107e-01 2.745e-01 2.651e-03 7.162e-04 6.496e-03 -1.000 1.476e-02 -6.277 -4.915 -3.870 -3.604 -3.488 -3.343 -2.983 -2.888 -2.795
0.01471 0.00000 7.00000 14.0000000000 2.6287268957   13.947  4.445  4.4405  3.851    0  0.000  0.545     0.00     0.00     0.00     0.00     0.00 -1 -6.79e-09      0.00 7.107e-01 2.745e-01 2.655e-03 7.163e-04 6.496e-03 -1.000 1.476e-02 -6.343 -4.983 -3.937 -3.671 -3.555 -3.411 -3.050 -2.955 -2.862
0.01471 0.00000 7.00000 14.0324325562 2.6287425474   13.979  4.449  4.4405  3.848    0  0.000  0.545     0.00     0.00     0.00     0.00     0.00 -1 -6.92e-09      0.00 7.107e-01 2.745e-01 2.655e-03 7.163e-04 6.496e-03 -1.000 1.476e-02 -6.353 -4.993 -3.947 -3.681 -3.565 -3.421 -3.060 -2.965 -2.872
0.01471 0.00000 7.00000 14.4834156036 2.6289518613   14.418  4.504  4.4406  3.807    0  0.000  0.545     0.00     0.00     0.00     0.00     0.00 -1 -8.78e-09      0.00 7.107e-01 2.745e-01 2.655e-03 7.163e-04 6.496e-03 -1.000 1.476e-02 -6.491 -5.137 -4.090 -3.823 -3.708 -3.564 -3.204 -3.109 -3.014
0.01471 0.00000 7.00000 14.9800310135 2.6291656687   14.899  4.565  4.4387  3.753    0  0.000  0.545     0.00     0.00     0.00     0.00     0.00 -1 -1.12e-08      0.00 7.107e-01 2.745e-01 2.655e-03 7.163e-04 6.496e-03 -1.000 1.476e-02 -6.643 -5.307 -4.261 -3.993 -3.877 -3.732 -3.375 -3.280 -3.184
0.01471 0.00000 7.00000 15.4640607834 2.6293589336   15.366  4.624  4.4348  3.692    0  0.000  0.545     0.00     0.00     0.00     0.00     0.00 -1 -1.39e-08      0.00 7.107e-01 2.745e-01 2.655e-03 7.163e-04 6.496e-03 -1.000 1.476e-02 -6.790 -5.481 -4.440 -4.171 -4.054 -3.908 -3.551 -3.458 -3.361
0.01471 0.00000 7.00000 15.8972225189 2.6295204616   15.782  4.676  4.4293  3.629    0  0.000  0.545     0.00     0.00     0.00     0.00     0.00 -1 -1.65e-08      0.00 7.107e-01 2.745e-01 2.655e-03 7.163e-04 6.496e-03 -1.000 1.476e-02 -6.921 -5.649 -4.612 -4.345 -4.227 -4.080 -3.722 -3.629 -3.532
0.01471 0.00000 7.00000 16.0000000000 2.6295573144   15.880  4.689  4.4277  3.613    0  0.000  0.545     0.00     0.00     0.00     0.00     0.00 -1 -1.72e-08      0.00 7.107e-01 2.745e-01 2.655e-03 7.163e-04 6.496e-03 -1.000 1.476e-02 -6.952 -5.691 -4.656 -4.389 -4.271 -4.124 -3.765 -3.672 -3.575
0.01471 0.00000 7.00000 16.0958480835 2.6295911953   15.970  4.700  4.4262  3.599    0  0.000  0.545     0.00     0.00     0.00     0.00     0.00 -1 -1.77e-08      0.00 7.107e-01 2.745e-01 2.655e-03 7.163e-04 6.496e-03 -1.000 1.476e-02 -6.979 -5.728 -4.694 -4.427 -4.310 -4.163 -3.803 -3.709 -3.613
0.01471 0.00000 7.00000 16.4518585205 2.6297130747   16.303  4.741  4.4185  3.536    0  0.000  0.545     0.00     0.00     0.00     0.00     0.00 -1 -1.94e-08      0.00 7.107e-01 2.745e-01 2.655e-03 7.163e-04 6.496e-03 -1.000 1.476e-02 -7.081 -5.876 -4.845 -4.584 -4.472 -4.331 -3.974 -3.879 -3.783
0.01471 0.00000 7.00000 16.7961940765 2.6298253224   16.623  4.780  4.4094  3.469    0  0.000  0.545     0.00     0.00     0.00     0.00     0.00 -1 -2.07e-08      0.00 7.107e-01 2.745e-01 2.655e-03 7.163e-04 6.496e-03 -1.000 1.476e-02 -7.180 -6.028 -5.001 -4.749 -4.644 -4.510 -4.163 -4.069 -3.975
0.01471 0.00000 7.00000 17.1179542542 2.6299255308   16.921  4.817  4.3991  3.398    0  0.000  0.545     0.00     0.00     0.00     0.00     0.00 -1 -2.16e-08      0.00 7.107e-01 2.745e-01 2.655e-03 7.163e-04 6.496e-03 -1.000 1.476e-02 -7.272 -6.148 -5.130 -4.890 -4.790 -4.657 -4.322 -4.227 -4.136
0.01471 0.00000 7.00000 17.3106994629 2.6299835115   17.100  4.839  4.3914  3.349    0  0.000  0.545     0.00     0.00     0.00     0.00     0.00 -1 -2.17e-08      0.00 7.107e-01 2.745e-01 2.655e-03 7.163e-04 6.496e-03 -1.000 1.476e-02 -7.328 -6.245 -5.234 -4.997 -4.898 -4.768 -4.438 -4.345 -4.254
0.01471 0.00000 7.00000 17.4997138977 2.6300389459   17.274  4.862  4.3828  3.296    0  0.000  0.545     0.00     0.00     0.00     0.00     0.00 -1 -2.22e-08      0.00 7.107e-01 2.745e-01 2.655e-03 7.163e-04 6.496e-03 -1.000 1.476e-02 -7.385 -6.345 -5.342 -5.107 -5.009 -4.881 -4.557 -4.466 -4.376
0.01471 0.00000 7.00000 17.7474975586 2.6301095633   17.498  4.893  4.3745  3.238    0  0.000  0.545     0.00     0.00     0.00     0.00     0.00 -1  -3.5e-08      0.00 7.107e-01 2.745e-01 2.655e-03 7.163e-04 6.496e-03 -1.000 1.476e-02 -7.462 -6.441 -5.445 -5.216 -5.120 -4.990 -4.669 -4.577 -4.489
0.01471 0.00000 7.00000 18.0000000000 2.6301792302   17.717  4.930  4.3808  3.232    0  0.000  0.545     0.00     0.00     0.00     0.00     0.00 -1 -3.17e-08      0.00 7.107e-01 2.745e-01 2.655e-03 7.163e-04 6.496e-03 -1.000 1.476e-02 -7.555 -6.517 -5.513 -5.283 -5.186 -5.055 -4.731 -4.638 -4.550
0.01471 0.00000 7.00000 18.0268783569 2.6301865140   17.739  4.934  4.3820  3.233    0  0.000  0.545     0.00     0.00     0.00     0.00     0.00 -1 -2.95e-08      0.00 7.107e-01 2.745e-01 2.655e-03 7.163e-04 6.496e-03 -1.000 1.476e-02 -7.565 -6.526 -5.521 -5.290 -5.192 -5.062 -4.737 -4.645 -4.556
0.01471 0.00000 7.00000 18.0490379333 2.6301925004   17.759  4.943  4.3923  3.266    0  0.000  0.545     0.00     0.00     0.00     0.00     0.00 -1  -3.5e-08      0.00 7.107e-01 2.745e-01 2.655e-03 7.163e-04 6.496e-03 -1.000 1.476e-02 -7.588 -6.497 -5.481 -5.248 -5.149 -5.015 -4.684 -4.589 -4.499
0.01471 0.00000 7.00000 18.0580768585 2.6301949374   17.768  4.954  4.4028  3.297    0  0.000  0.545     0.00     0.00     0.00     0.00     0.00 -1 -4.19e-08      0.00 7.107e-01 2.745e-01 2.655e-03 7.163e-04 6.496e-03 -1.000 1.476e-02 -7.616 -6.534 -5.511 -5.272 -5.174 -5.046 -4.710 -4.619 -4.526
0.01471 0.00000 7.00000 18.0626258850 2.6301961628   17.771  4.969  4.4139  3.326    0  0.000  0.545     0.00     0.00     0.00     0.00     0.00 -1 -5.18e-08      0.00 7.107e-01 2.745e-01 2.655e-03 7.163e-04 6.496e-03 -1.000 1.476e-02 -7.653 -6.523 -5.493 -5.248 -5.144 -5.011 -4.663 -4.570 -4.475
0.01471 0.00000 7.00000 18.0643596649 2.6301966296   17.773  4.980  4.4207  3.343    0  0.000  0.545     0.00     0.00     0.00     0.00     0.00 -1 -5.91e-08      0.00 7.107e-01 2.745e-01 2.655e-03 7.163e-04 6.496e-03 -1.000 1.476e-02 -7.680 -6.520 -5.485 -5.235 -5.129 -4.990 -4.636 -4.542 -4.445
0.01471 0.00000 7.00000 18.0653057098 2.6301968843   17.774  4.979  4.4207  3.343    0  0.000  0.545     0.00     0.00     0.00     0.00     0.00 -1 -5.93e-08      0.00 7.107e-01 2.745e-01 2.655e-03 7.163e-04 6.496e-03 -1.000 1.476e-02 -7.678 -6.518 -5.483 -5.233 -5.127 -4.989 -4.635 -4.540 -4.443
0.01471 0.00000 7.00000 18.0695228577 2.6301980193   17.778  4.968  4.4143  3.329    1  0.000  0.545     0.00     0.00     0.00     0.00     0.00 -1 -5.28e-08      0.00 7.107e-01 2.745e-01 2.655e-03 7.163e-04 6.496e-03 -1.000 1.476e-02 -7.651 -6.518 -5.488 -5.242 -5.138 -5.004 -4.657 -4.563 -4.468
0.01471 0.00000 7.00000 18.0707778931 2.6301983569   17.779  4.966  4.4043  3.291    1  0.000  0.545     0.00     0.00     0.00     0.00     0.00 -1 -4.67e-08      0.00 7.107e-01 2.745e-01 2.655e-03 7.163e-04 6.496e-03 -1.000 1.476e-02 -7.645 -6.559 -5.535 -5.296 -5.197 -5.069 -4.731 -4.641 -4.547
0.01471 0.00000 7.00000 18.0719203949 2.6301986643   17.780  4.966  4.3930  3.246    1  0.000  0.545     0.00     0.00     0.00     0.00     0.00 -1 -4.09e-08      0.00 7.107e-01 2.745e-01 2.655e-03 7.163e-04 6.496e-03 -1.000 1.476e-02 -7.644 -6.547 -5.529 -5.296 -5.197 -5.062 -4.731 -4.635 -4.545
0.01471 0.00000 7.00000 18.0729217529 2.6301989336   17.781  4.967  4.3815  3.199    1  0.000  0.545     0.00     0.00     0.00     0.00     0.00 -1 -3.51e-08      0.00 7.107e-01 2.745e-01 2.655e-03 7.163e-04 6.496e-03 -1.000 1.476e-02 -7.646 -6.607 -5.600 -5.371 -5.274 -5.143 -4.818 -4.725 -4.636
0.01471 0.00000 7.00000 18.0737648010 2.6301991603   17.781  4.968  4.3707  3.155    1  0.000  0.545     0.00     0.00     0.00     0.00     0.00 -1 -6.61e-08      0.00 7.107e-01 2.745e-01 2.655e-03 7.163e-04 6.496e-03 -1.000 1.476e-02 -7.650 -6.624 -5.627 -5.404 -5.309 -5.176 -4.855 -4.760 -4.675
0.01471 0.00000 7.00000 18.0746097565 2.6301993875   17.782  4.970  4.3590  3.106    1  0.000  0.545     0.00     0.00     0.00     0.00     0.00 -1 -3.13e-07      0.00 7.107e-01 2.745e-01 2.655e-03 7.163e-04 6.496e-03 -1.000 1.476e-02 -7.654 -6.772 -5.789 -5.564 -5.471 -5.350 -5.028 -4.946 -4.858
0.01471 0.00000 7.00000 18.0754795074 2.6301996214   17.783  4.972  4.3461  3.053    1  0.000  0.545     0.00     0.00     0.00     0.00     0.00 -1 -5.73e-07      0.00 7.107e-01 2.745e-01 2.655e-03 7.163e-04 6.496e-03 -1.000 1.476e-02 -7.659 -6.837 -5.869 -5.650 -5.559 -5.444 -5.127 -5.047 -4.960
0.01471 0.00000 7.00000 18.0761756897 2.6301998085   17.783  4.973  4.3352  3.007    1  0.000  0.545     0.00     0.00     0.00     0.00     0.00 -1 -5.98e-07      0.00 7.107e-01 2.745e-01 2.655e-03 7.163e-04 6.496e-03 -1.000 1.476e-02 -7.663 -6.883 -5.929 -5.711 -5.621 -5.509 -5.200 -5.125 -5.039
0.01471 0.00000 7.00000 18.0768833160 2.6301999988   17.783  4.975  4.3234  2.959    1  0.000  0.545     0.00     0.00     0.00     0.00     0.00 -1 -5.95e-07      0.00 7.107e-01 2.745e-01 2.655e-03 7.163e-04 6.496e-03 -1.000 1.476e-02 -7.666 -6.933 -5.994 -5.778 -5.690 -5.583 -5.282 -5.213 -5.130
0.01471 0.00000 7.00000 18.0775947571 2.6302001900   17.784  4.976  4.3109  2.908    1  0.000  0.545     0.00     0.00     0.00     0.00     0.00 -1 -5.75e-07      0.00 7.107e-01 2.745e-01 2.655e-03 7.163e-04 6.496e-03 -1.000 1.476e-02 -7.669 -6.992 -6.069 -5.855 -5.770 -5.667 -5.374 -5.310 -5.235
0.01471 0.00000 7.00000 18.0781364441 2.6302003356   17.784  4.976  4.3010  2.868    1  0.000  0.545     0.00     0.00     0.00     0.00     0.00 -1 -5.65e-07      0.00 7.107e-01 2.745e-01 2.655e-03 7.163e-04 6.496e-03 -1.000 1.476e-02 -7.671 -7.037 -6.126 -5.915 -5.833 -5.734 -5.446 -5.386 -5.316
0.01471 0.00000 7.00000 18.0786819458 2.6302004822   17.784  4.977  4.2905  2.825    1  0.000  0.545     0.00     0.00     0.00     0.00     0.00 -1 -5.57e-07      0.00 7.107e-01 2.745e-01 2.655e-03 7.163e-04 6.496e-03 -1.000 1.476e-02 -7.672 -6.919 -6.038 -5.845 -5.767 -5.653 -5.378 -5.298 -5.227
0.01471 0.00000 7.00000 18.0792274475 2.6302006288   17.785  4.977  4.2797  2.781    1  0.000  0.545     0.00     0.00     0.00     0.00     0.00 -1 -5.41e-07      0.00 7.107e-01 2.745e-01 2.655e-03 7.163e-04 6.496e-03 -1.000 1.476e-02 -7.673 -6.975 -6.095 -5.910 -5.838 -5.729 -5.459 -5.382 -5.313
0.01471 0.00000 7.00000 18.0797767639 2.6302007764   17.785  4.978  4.2682  2.735    1  0.000  0.545     0.00     0.00     0.00     0.00     0.00 -1 -5.24e-07      0.00 7.107e-01 2.745e-01 2.655e-03 7.163e-04 6.496e-03 -1.000 1.476e-02 -7.674 -7.020 -6.155 -5.975 -5.907 -5.802 -5.539 -5.465 -5.399
0.01471 0.00000 7.00000 18.0803337097 2.6302009261   17.785  4.978  4.2560  2.687    1  0.000  0.545     0.00     0.00     0.00     0.00     0.00 -1 -5.09e-07      0.00 7.107e-01 2.745e-01 2.655e-03 7.163e-04 6.496e-03 -1.000 1.476e-02 -7.674 -7.064 -6.218 -6.043 -5.978 -5.878 -5.622 -5.551 -5.487
0.01471 0.00000 7.00000 18.0808944702 2.6302010767   17.786  4.978  4.2433  2.635    1  0.000  0.545     0.00     0.00     0.00     0.00     0.00 -1 -4.98e-07      0.00 7.107e-01 2.745e-01 2.655e-03 7.163e-04 6.496e-03 -1.000 1.476e-02 -7.674 -7.110 -6.284 -6.114 -6.052 -5.957 -5.709 -5.641 -5.580
0.01471 0.00000 7.00000 18.0814571381 2.6302012279   17.786  4.977  4.2298  2.582    1  0.000  0.545     0.00     0.00     0.00     0.00     0.00 -1 -4.81e-07      0.00 7.107e-01 2.745e-01 2.655e-03 7.163e-04 6.496e-03 -1.000 1.476e-02 -7.673 -7.157 -6.353 -6.189 -6.130 -6.040 -5.801 -5.737 -5.678
0.01471 0.00000 7.00000 18.0818347931 2.6302013294   17.787  4.977  4.2204  2.545    1  0.000  0.545     0.00     0.00     0.00     0.00     0.00 -1 -4.67e-07      0.00 7.107e-01 2.745e-01 2.655e-03 7.163e-04 6.496e-03 -1.000 1.476e-02 -7.672 -7.189 -6.401 -6.240 -6.185 -6.098 -5.865 -5.804 -5.746
0.01471 0.00000 7.00000 18.0822200775 2.6302014329   17.786  4.976  4.2104  2.505    1  0.000  0.545     0.00     0.00     0.00     0.00     0.00 -1 -4.54e-07      0.00 7.107e-01 2.745e-01 2.655e-03 7.163e-04 6.496e-03 -1.000 1.476e-02 -7.671 -7.222 -6.451 -6.295 -6.243 -6.159 -5.933 -5.874 -5.819
0.01471 0.00000 7.00000 18.0826053619 2.6302015364   17.787  4.976  4.2001  2.465    1  0.000  0.545     0.00     0.00     0.00     0.00     0.00 -1  -4.4e-07      0.00 7.107e-01 2.745e-01 2.655e-03 7.163e-04 6.496e-03 -1.000 1.476e-02 -7.669 -7.252 -6.503 -6.350 -6.301 -6.221 -6.002 -5.946 -5.892
0.01471 0.00000 7.00000 18.0829963684 2.6302016414   17.787  4.975  4.1892  2.422    1  0.000  0.545     0.00     0.00     0.00     0.00     0.00 -1  -4.3e-07      0.00 7.107e-01 2.745e-01 2.655e-03 7.163e-04 6.496e-03 -1.000 1.476e-02 -7.667 -7.283 -6.557 -6.409 -6.363 -6.287 -6.076 -6.022 -5.971
0.01471 0.00000 7.00000 18.0833911896 2.6302017474   17.787  4.974  4.1776  2.377    1  0.000  0.545     0.00     0.00     0.00     0.00     0.00 -1 -4.15e-07      0.00 7.107e-01 2.745e-01 2.655e-03 7.163e-04 6.496e-03 -1.000 1.476e-02 -7.665 -7.316 -6.615 -6.471 -6.428 -6.356 -6.154 -6.103 -6.053
0.01471 0.00000 7.00000 18.0838031769 2.6302018581   17.787  4.973  4.1651  2.328    1  0.000  0.545     0.00     0.00     0.00     0.00     0.00 -1 -4.02e-07      0.00 7.107e-01 2.745e-01 2.655e-03 7.163e-04 6.496e-03 -1.000 1.476e-02 -7.662 -7.356 -6.672 -6.537 -6.498 -6.432 -6.238 -6.191 -6.144
0.01471 0.00000 7.00000 18.0842266083 2.6302019718   17.788  4.971  4.1515  2.275    1  0.000  0.545     0.00     0.00     0.00     0.00     0.00 -1 -3.88e-07      0.00 7.107e-01 2.745e-01 2.655e-03 7.163e-04 6.496e-03 -1.000 1.476e-02 -7.658 -7.403 -6.729 -6.605 -6.574 -6.515 -6.330 -6.287 -6.243
0.01471 0.00000 7.00000 18.0846710205 2.6302020912   17.788  4.969  4.1364  2.217    1  0.000  0.545     0.00     0.00     0.00     0.00     0.00 -1 -3.68e-07      0.00 7.107e-01 2.745e-01 2.655e-03 7.163e-04 6.496e-03 -1.000 1.476e-02 -7.653 -7.443 -6.801 -6.685 -6.658 -6.605 -6.431 -6.393 -6.351
0.01471 0.00000 7.00000 18.0851402283 2.6302022171   17.788  4.967  4.1195  2.151    1  0.000  0.545     0.00     0.00     0.00     0.00     0.00 -1 -3.52e-07      0.00 7.107e-01 2.745e-01 2.655e-03 7.163e-04 6.496e-03 -1.000 1.476e-02 -7.647 -7.473 -6.895 -6.779 -6.753 -6.703 -6.544 -6.508 -6.469
0.01471 0.00000 7.00000 18.0853900909 2.6302022842   17.789  4.966  4.1101  2.115    1  0.000  0.545     0.00     0.00     0.00     0.00     0.00 -1 -6.43e-07      0.00 7.107e-01 2.745e-01 2.655e-03 7.163e-04 6.496e-03 -1.000 1.476e-02 -7.644 -7.490 -6.945 -6.830 -6.805 -6.756 -6.606 -6.571 -6.534
0.01471 0.00000 7.00000 18.0856552124 2.6302023554   17.788  4.964  4.0995  2.074    1  0.000  0.545     0.00     0.00     0.00     0.00     0.00 -1 -6.24e-07      0.00 7.107e-01 2.745e-01 2.655e-03 7.163e-04 6.496e-03 -1.000 1.476e-02 -7.640 -7.512 -6.994 -6.884 -6.862 -6.817 -6.675 -6.644 -6.608
0.01471 0.00000 7.00000 18.0859394073 2.6302024317   17.788  4.962  4.0879  2.029    1  0.000  0.545     0.00     0.00     0.00     0.00     0.00 -1 -6.04e-07      0.00 7.107e-01 2.745e-01 2.655e-03 7.163e-04 6.496e-03 -1.000 1.476e-02 -7.636 -7.535 -7.048 -6.943 -6.923 -6.883 -6.751 -6.722 -6.689
0.01471 0.00000 7.00000 18.0862579346 2.6302025173   17.789  4.960  4.0741  1.976    1  0.000  0.545     0.00     0.00     0.00     0.00     0.00 -1 -5.94e-07      0.00 7.107e-01 2.745e-01 2.655e-03 7.163e-04 6.496e-03 -1.000 1.476e-02 -7.630 -7.580 -7.089 -7.001 -6.993 -6.964 -6.840 -6.818 -6.788
0.01471 0.00000 7.00000 18.0866165161 2.6302026135   17.789  4.958  4.0577  1.913    1  0.000  0.545     0.00     0.00     0.00     0.00     0.00 -1 -8.68e-07      0.00 7.107e-01 2.745e-01 2.655e-03 7.163e-04 6.496e-03 -1.000 1.476e-02 -7.624 -7.619 -7.147 -7.075 -7.075 -7.057 -6.946 -6.930 -6.903
0.01471 0.00000 7.00000 18.0870151520 2.6302027206   17.788  4.954  4.0380  1.838    1  0.000  0.545     0.00     0.00     0.00     0.00     0.00 -1 -3.43e-06      0.00 7.107e-01 2.745e-01 2.655e-03 7.163e-04 6.496e-03 -1.000 1.476e-02 -7.616 -7.639 -7.233 -7.168 -7.173 -7.161 -7.070 -7.060 -7.036
0.01471 0.00000 7.00000 18.0874595642 2.6302028399   17.787  4.951  4.0140  1.745    1  0.000  0.545     0.00     0.00     0.00     0.00     0.00 -1  -3.2e-06      0.00 7.107e-01 2.745e-01 2.655e-03 7.163e-04 6.496e-03 -1.000 1.476e-02 -7.607 -7.649 -7.331 -7.276 -7.286 -7.283 -7.218 -7.215 -7.195
0.01471 0.00000 7.00000 18.0879573822 2.6302029735   17.787  4.947  3.9844  1.631    1  0.000  0.545     0.00     0.00     0.00     0.00     0.00 -1 -3.22e-06      0.00 7.107e-01 2.745e-01 2.655e-03 7.163e-04 6.496e-03 -1.000 1.476e-02 -7.596 -7.642 -7.444 -7.402 -7.416 -7.425 -7.397 -7.404 -7.390
0.01471 0.00000 7.00000 18.0885143280 2.6302031230   17.786  4.941  3.9476  1.489    1  0.000  0.545     0.00     0.00     0.00     0.00     0.00 -1 -2.96e-06      0.00 7.107e-01 2.745e-01 2.655e-03 7.163e-04 6.496e-03 -1.000 1.476e-02 -7.584 -7.635 -7.516 -7.522 -7.561 -7.599 -7.614 -7.641 -7.636
0.01471 0.00000 7.00000 18.0891246796 2.6302032868   17.786  4.935  3.9024  1.315    1  0.000  0.545     0.00     0.00     0.00     0.00     0.00 -1 -2.64e-06      0.00 7.107e-01 2.745e-01 2.655e-03 7.163e-04 6.496e-03 -1.000 1.476e-02 -7.567 -7.520 -7.596 -7.647 -7.707 -7.777 -7.871 -7.925 -7.935
0.01471 0.00000 7.00000 18.0897216797 2.6302034470   17.786  4.926  3.8527  1.124    1  0.000  0.545     0.00     0.00     0.00     0.00     0.00 -1 -2.31e-06      0.00 7.107e-01 2.745e-01 2.655e-03 7.163e-04 6.496e-03 -1.000 1.476e-02 -7.546 -7.251 -7.493 -7.669 -7.803 -7.940 -8.142 -8.251 -8.279
0.01471 0.00000 7.00000 18.0899925232 2.6302035197   17.786  4.921  3.8283  1.032    1  0.000  0.545     0.00     0.00     0.00     0.00     0.00 -1 -2.08e-06      0.00 7.107e-01 2.745e-01 2.655e-03 7.163e-04 6.496e-03 -1.000 1.476e-02 -7.532 -7.069 -7.363 -7.644 -7.834 -8.015 -8.271 -8.420 -8.455
0.01471 0.00000 7.00000 18.0901470184 2.6302035612   17.785  4.917  3.8146  0.981    1  0.000  0.545     0.00     0.00     0.00     0.00     0.00 -1 -1.97e-06      0.00 7.107e-01 2.745e-01 2.655e-03 7.163e-04 6.496e-03 -1.000 1.476e-02 -7.523 -6.949 -7.268 -7.623 -7.848 -8.055 -8.342 -8.516 -8.554
0.01471 0.00000 7.00000 18.0903186798 2.6302036073   17.785  4.912  3.7979  0.920    1  0.000  0.545     0.00     0.00     0.00     0.00     0.00 -1 -1.86e-06      0.00 7.107e-01 2.745e-01 2.655e-03 7.163e-04 6.496e-03 -1.000 1.476e-02 -7.509 -6.774 -7.130 -7.589 -7.860 -8.100 -8.427 -8.631 -8.675
0.01471 0.00000 7.00000 18.0905113220 2.6302036589   17.785  4.905  3.7786  0.850    1  0.000  0.545     0.00     0.00     0.00     0.00     0.00 -1 -1.74e-06      0.00 7.107e-01 2.745e-01 2.655e-03 7.163e-04 6.496e-03 -1.000 1.476e-02 -7.492 -6.523 -6.949 -7.536 -7.865 -8.146 -8.520 -8.765 -8.816
0.01471 0.00000 7.00000 18.0907249451 2.6302037163   17.785  4.897  3.7568  0.770    1  0.000  0.545     0.00     0.00     0.00     0.00     0.00 -1 -1.61e-06      0.00 7.107e-01 2.745e-01 2.655e-03 7.163e-04 6.496e-03 -1.000 1.476e-02 -7.472 -6.189 -6.718 -7.455 -7.854 -8.185 -8.620 -8.916 -8.975
0.01471 0.00000 7.00000 18.0909652710 2.6302037808   17.785  4.885  3.7330  0.687    1  0.000  0.545     0.00     0.00     0.00     0.00     0.00 -1 -1.38e-06      0.00 7.107e-01 2.745e-01 2.655e-03 7.163e-04 6.496e-03 -1.000 1.476e-02 -7.442 -5.741 -6.445 -7.344 -7.814 -8.195 -8.701 -9.058 -9.125
0.01471 0.00000 7.00000 18.0912342072 2.6302038529   17.785  4.867  3.7081  0.606    1  0.000  0.545     0.00     0.00     0.00     0.00     0.00 -1 -1.13e-06      0.00 7.107e-01 2.745e-01 2.655e-03 7.163e-04 6.496e-03 -1.000 1.476e-02 -7.397 -5.255 -6.147 -7.193 -7.733 -8.163 -8.754 -9.183 -9.252
0.01471 0.00000 7.00000 18.0915317535 2.6302039328   17.785  4.842  3.6808  0.521    1  0.000  0.545     0.00     0.00     0.00     0.00     0.00 -1 -9.61e-07      0.00 7.107e-01 2.745e-01 2.655e-03 7.163e-04 6.496e-03 -1.000 1.476e-02 -7.334 -4.628 -5.791 -6.996 -7.608 -8.087 -8.786 -9.287 -9.373
0.01471 0.00000 7.00000 18.0918598175 2.6302040208   17.785  4.817  3.6529  0.435    1  0.000  0.545     0.00     0.00     0.00     0.00     0.00 -1 -7.88e-07      0.00 7.107e-01 2.745e-01 2.655e-03 7.163e-04 6.496e-03 -1.000 1.476e-02 -7.272 -3.821 -5.352 -6.767 -7.459 -7.988 -8.811 -9.354 -9.485
0.01471 0.00000 7.00000 18.0925464630 2.6302042050   17.785  4.755  3.6158  0.348    1  0.000  0.545     0.00     0.00     0.00     0.00     0.00 -1 -5.39e-07      0.00 7.107e-01 2.745e-01 2.654e-03 7.163e-04 6.496e-03 -1.000 1.476e-02 -7.117 -2.573 -4.651 -6.270 -7.094 -7.743 -8.733 -9.383 -9.562
0.01471 0.00000 7.00000 18.0929164886 2.6302043043   17.786  4.749  3.6066  0.317    1  0.000  0.544     0.00     0.00     0.00     0.00     0.00 -1 -4.74e-07      0.00 7.107e-01 2.745e-01 2.651e-03 7.166e-04 6.496e-03 -1.000 1.476e-02 -7.103 -2.297 -4.485 -6.149 -7.012 -7.703 -8.736 -9.415 -9.607
0.01471 0.00000 7.00000 18.0933074951 2.6302044092   17.786  4.758  3.5971  0.271    1  0.000  0.530     0.00     0.00     0.00     0.00     0.00 -1 -4.32e-07      0.00 7.107e-01 2.745e-01 2.574e-03 7.865e-04 6.496e-03 -1.000 1.479e-02 -7.125 -2.055 -4.338 -6.048 -6.954 -7.695 -8.774 -9.483 -9.689
0.01471 0.00000 7.00000 18.0936241150 2.6302044941   17.786  4.805  3.5886  0.190    1  0.000  0.510     0.00     0.00     0.00     0.00     0.00 -1 -4.62e-07      0.00 7.022e-01 2.830e-01 2.396e-03 1.176e-03 6.276e-03 -1.000 1.482e-02 -7.242 -1.921 -4.283 -6.037 -6.987 -7.784 -8.908 -9.641 -9.860
0.01471 0.00000 7.00000 18.0938472748 2.6302045539   17.786  4.833  3.5830  0.139    1  0.000  0.499     0.00     0.00     0.00     0.00     0.00 -1 -5.18e-07      0.00 6.985e-01 2.867e-01 2.315e-03 1.347e-03 6.182e-03 -1.000 1.481e-02 -7.313 -1.843 -4.236 -6.013 -6.993 -7.836 -8.991 -9.741 -9.968
0.01471 0.00000 7.00000 18.0942649841 2.6302046660   17.787  4.887  3.5732  0.046    1  0.000  0.467     0.00     0.00     0.00     0.00     0.00 -1 -6.28e-07      0.00 6.933e-01 2.919e-01 2.127e-03 1.658e-03 6.057e-03 -1.000 1.480e-02 -7.448 -1.739 -4.150 -5.954 -6.992 -7.935 -9.149 -9.925 -10.167
0.01471 0.00000 7.00000 18.1143932343 2.6302100578   17.785  5.015  3.5575 -0.145    1  0.000  0.408     0.00     0.00     0.00     0.00     0.00 -1 -1.46e-06      0.00 6.536e-01 3.315e-01 1.592e-03 3.046e-03 5.197e-03 -1.000 1.486e-02 -7.768 -1.685 -4.027 -5.845 -7.009 -8.179 -9.512 -10.323 -10.592
0.01471 0.00000 7.00000 18.1453933716 2.6302183350   17.786  4.980  3.5622 -0.091    1  0.000  0.408     0.00     0.00     0.00     0.00     0.00 -1 -1.28e-06      0.00 6.529e-01 3.322e-01 1.585e-03 3.067e-03 5.183e-03 -1.000 1.486e-02 -7.679 -1.702 -4.081 -5.903 -7.023 -8.117 -9.410 -10.211 -10.471
0.01471 0.00000 7.00000 18.1954936981 2.6302316436   17.795  4.943  3.5679 -0.031    1  0.000  0.408     0.00     0.00     0.00     0.00     0.00 -1 -1.06e-06      0.00 6.528e-01 3.323e-01 1.587e-03 3.064e-03 5.183e-03 -1.000 1.486e-02 -7.588 -1.737 -4.149 -5.968 -7.043 -8.053 -9.303 -10.091 -10.342
0.01471 0.00000 7.00000 18.3246326447 2.6302655622   17.829  4.934  3.5756  0.009    1  0.000  0.409     0.00     0.00     0.00     0.00     0.00 -1 -1.02e-06      0.00 6.527e-01 3.324e-01 1.591e-03 3.058e-03 5.185e-03 -1.000 1.486e-02 -7.565 -1.861 -4.303 -6.117 -7.145 -8.062 -9.263 -10.029 -10.269
0.01471 0.00000 7.00000 18.3765258789 2.6302790378   17.839  4.988  3.5834 -0.013    1  0.000  0.409     0.00     0.00     0.00     0.00     0.00 -1 -1.31e-06      0.00 6.527e-01 3.325e-01 1.592e-03 3.055e-03 5.186e-03 -1.000 1.486e-02 -7.701 -2.108 -4.585 -6.397 -7.385 -8.229 -9.386 -10.124 -10.355
0.01471 0.00000 7.00000 18.3848724365 2.6302811971   17.838  5.060  3.6694  0.259    1  0.000  0.409     0.00     0.00     0.00     0.00     0.00 -1  -2.3e-06      0.00 6.527e-01 3.325e-01 1.593e-03 3.055e-03 5.186e-03 -1.000 1.486e-02 -7.881 -4.756 -6.142 -7.476 -8.132 -8.632 -9.383 -9.889 -9.995
0.01471 0.00000 7.00000 18.3889255524 2.6302822448   17.832  5.062  3.8313  0.904    1  0.000  0.409     0.00     0.00     0.00     0.00     0.00 -1 -3.51e-06      0.00 6.527e-01 3.325e-01 1.593e-03 3.054e-03 5.186e-03 -1.000 1.486e-02 -7.885 -7.452 -7.742 -8.002 -8.181 -8.356 -8.602 -8.743 -8.778
0.01471 0.00000 7.00000 18.3910274506 2.6302827879   17.828  5.062  3.8731  1.071    1  0.000  0.409     0.00     0.00     0.00     0.00     0.00 -1 -3.94e-06      0.00 6.527e-01 3.325e-01 1.593e-03 3.054e-03 5.186e-03 -1.000 1.486e-02 -7.886 -7.720 -7.899 -8.005 -8.099 -8.204 -8.358 -8.440 -8.461
0.01471 0.00000 7.00000 18.3919715881 2.6302830319   17.826  5.064  3.8881  1.130    1  0.000  0.410     0.00     0.00     0.00     0.00     0.00 -1 -4.15e-06      0.00 6.527e-01 3.325e-01 1.593e-03 3.054e-03 5.186e-03 -1.000 1.486e-02 -7.890 -7.797 -7.921 -7.995 -8.069 -8.153 -8.275 -8.340 -8.356
0.01471 0.00000 7.00000 18.3924198151 2.6302831476   17.824  5.065  3.8953  1.157    1  0.000  0.410     0.00     0.00     0.00     0.00     0.00 -1 -4.21e-06      0.00 6.527e-01 3.325e-01 1.593e-03 3.054e-03 5.186e-03 -1.000 1.486e-02 -7.892 -7.826 -7.919 -7.985 -8.052 -8.129 -8.235 -8.294 -8.307
0.01471 0.00000 7.00000 18.3928451538 2.6302832575   17.823  5.065  3.9034  1.190    1  0.000  0.410     0.00     0.00     0.00     0.00     0.00 -1 -4.31e-06      0.00 6.527e-01 3.325e-01 1.593e-03 3.054e-03 5.186e-03 -1.000 1.486e-02 -7.893 -7.856 -7.909 -7.968 -8.031 -8.101 -8.190 -8.242 -8.252
0.01471 0.00000 7.00000 18.3930225372 2.6302833033   17.823  5.065  3.9073  1.205    1  0.000  0.410     0.00     0.00     0.00     0.00     0.00 -1 -3.84e-06      0.00 6.527e-01 3.325e-01 1.593e-03 3.054e-03 5.186e-03 -1.000 1.486e-02 -7.894 -7.869 -7.902 -7.958 -8.020 -8.087 -8.168 -8.218 -8.226
0.01471 0.00000 7.00000 18.3932189941 2.6302833541   17.823  5.066  3.9118  1.223    1  0.000  0.410     0.00     0.00     0.00     0.00     0.00 -1 -3.06e-06      0.00 6.527e-01 3.325e-01 1.593e-03 3.054e-03 5.186e-03 -1.000 1.486e-02 -7.894 -7.882 -7.895 -7.947 -8.006 -8.070 -8.142 -8.189 -8.196
0.01471 0.00000 7.00000 18.3934383392 2.6302834107   17.823  5.065  3.9179  1.247    1  0.000  0.410     0.00     0.00     0.00     0.00     0.00 -1 -2.36e-06      0.00 6.527e-01 3.325e-01 1.593e-03 3.054e-03 5.186e-03 -1.000 1.486e-02 -7.893 -7.896 -7.889 -7.930 -7.985 -8.044 -8.105 -8.148 -8.153
0.01471 0.00000 7.00000 18.3936843872 2.6302834743   17.823  5.064  3.9262  1.281    1  0.000  0.410     0.00     0.00     0.00     0.00     0.00 -1 -1.77e-06      0.00 6.527e-01 3.325e-01 1.593e-03 3.054e-03 5.186e-03 -1.000 1.486e-02 -7.891 -7.910 -7.888 -7.909 -7.953 -8.002 -8.053 -8.090 -8.092
0.01471 0.00000 7.00000 18.3939609528 2.6302835457   17.823  5.063  3.9354  1.319    1  0.000  0.410     0.00     0.00     0.00     0.00     0.00 -1 -1.29e-06      0.00 6.527e-01 3.325e-01 1.593e-03 3.054e-03 5.186e-03 -1.000 1.486e-02 -7.889 -7.924 -7.867 -7.876 -7.916 -7.959 -7.995 -8.026 -8.025
0.01471 0.00000 7.00000 18.3942680359 2.6302836250   17.823  5.063  3.9443  1.356    1  0.000  0.410     0.00     0.00     0.00     0.00     0.00 -1 -1.01e-06      0.00 6.527e-01 3.325e-01 1.593e-03 3.054e-03 5.186e-03 -1.000 1.486e-02 -7.886 -7.934 -7.831 -7.839 -7.878 -7.917 -7.938 -7.966 -7.962
0.01471 0.00000 7.00000 18.3946132660 2.6302837142   17.823  5.062  3.9526  1.390    1  0.000  0.410     0.00     0.00     0.00     0.00     0.00 -1 -1.03e-06      0.00 6.527e-01 3.325e-01 1.593e-03 3.054e-03 5.186e-03 -1.000 1.486e-02 -7.885 -7.938 -7.804 -7.805 -7.842 -7.876 -7.884 -7.908 -7.902
0.01471 0.00000 7.00000 18.3949966431 2.6302838132   17.823  5.061  3.9611  1.424    1  0.000  0.410     0.00     0.00     0.00     0.00     0.00 -1 -1.05e-06      0.00 6.527e-01 3.325e-01 1.593e-03 3.054e-03 5.186e-03 -1.000 1.486e-02 -7.883 -7.932 -7.793 -7.777 -7.804 -7.830 -7.830 -7.848 -7.840
0.01471 0.00000 7.00000 18.3954257965 2.6302839240   17.823  5.060  3.9698  1.460    1  0.000  0.410     0.00     0.00     0.00     0.00     0.00 -1 -1.07e-06      0.00 6.527e-01 3.325e-01 1.593e-03 3.054e-03 5.186e-03 -1.000 1.486e-02 -7.880 -7.922 -7.784 -7.749 -7.765 -7.780 -7.773 -7.786 -7.775
0.01471 0.00000 7.00000 18.3959083557 2.6302840486   17.823  5.059  3.9783  1.495    1  0.000  0.410     0.00     0.00     0.00     0.00     0.00 -1 -1.09e-06      0.00 6.527e-01 3.325e-01 1.593e-03 3.054e-03 5.186e-03 -1.000 1.486e-02 -7.878 -7.923 -7.750 -7.710 -7.725 -7.737 -7.717 -7.727 -7.714
0.01471 0.00000 7.00000 18.3964462280 2.6302841875   17.823  5.058  3.9867  1.530    1  0.000  0.410     0.00     0.00     0.00     0.00     0.00 -1 -1.11e-06      0.00 6.527e-01 3.325e-01 1.593e-03 3.054e-03 5.186e-03 -1.000 1.486e-02 -7.875 -7.922 -7.713 -7.670 -7.684 -7.692 -7.661 -7.667 -7.652
0.01471 0.00000 7.00000 18.3970451355 2.6302843421   17.823  5.057  3.9956  1.566    1  0.000  0.410     0.00     0.00     0.00     0.00     0.00 -1 -1.13e-06      0.00 6.527e-01 3.325e-01 1.593e-03 3.054e-03 5.186e-03 -1.000 1.486e-02 -7.872 -7.919 -7.674 -7.627 -7.639 -7.644 -7.601 -7.604 -7.588
0.01471 0.00000 7.00000 18.3977184296 2.6302845159   17.823  5.056  4.0034  1.599    1  0.000  0.410     0.00     0.00     0.00     0.00     0.00 -1 -1.15e-06      0.00 6.527e-01 3.325e-01 1.593e-03 3.054e-03 5.186e-03 -1.000 1.486e-02 -7.869 -7.915 -7.639 -7.588 -7.600 -7.601 -7.549 -7.549 -7.531
0.01471 0.00000 7.00000 18.3984699249 2.6302847099   17.822  5.054  4.0108  1.630    1  0.000  0.410     0.00     0.00     0.00     0.00     0.00 -1 -1.17e-06      0.00 6.527e-01 3.325e-01 1.593e-03 3.054e-03 5.186e-03 -1.000 1.486e-02 -7.866 -7.909 -7.604 -7.550 -7.560 -7.559 -7.497 -7.495 -7.476
0.01471 0.00000 7.00000 18.3993110657 2.6302849270   17.822  5.053  4.0181  1.661    1  0.000  0.410     0.00     0.00     0.00     0.00     0.00 -1 -1.18e-06      0.00 6.527e-01 3.325e-01 1.593e-03 3.054e-03 5.186e-03 -1.000 1.486e-02 -7.862 -7.902 -7.568 -7.512 -7.521 -7.516 -7.446 -7.442 -7.421
0.01471 0.00000 7.00000 18.4002494812 2.6302851692   17.822  5.051  4.0251  1.690    1  0.000  0.410     0.00     0.00     0.00     0.00     0.00 -1 -1.19e-06      0.00 6.527e-01 3.325e-01 1.593e-03 3.054e-03 5.186e-03 -1.000 1.486e-02 -7.858 -7.893 -7.533 -7.473 -7.481 -7.474 -7.396 -7.390 -7.368
0.01471 0.00000 7.00000 18.4013004303 2.6302854404   17.821  5.050  4.0308  1.715    1  0.000  0.410     0.00     0.00     0.00     0.00     0.00 -1  -1.2e-06      0.00 6.527e-01 3.325e-01 1.593e-03 3.054e-03 5.186e-03 -1.000 1.486e-02 -7.854 -7.884 -7.503 -7.442 -7.448 -7.439 -7.355 -7.347 -7.324
0.01471 0.00000 7.00000 18.4024734497 2.6302857431   17.820  5.049  4.0348  1.731    1  0.000  0.410     0.00     0.00     0.00     0.00     0.00 -1 -1.21e-06      0.00 6.527e-01 3.325e-01 1.593e-03 3.054e-03 5.186e-03 -1.000 1.486e-02 -7.852 -7.878 -7.483 -7.419 -7.425 -7.415 -7.327 -7.318 -7.294
0.01471 0.00000 7.00000 18.4037857056 2.6302860816   17.819  5.048  4.0381  1.746    1  0.000  0.410     0.00     0.00     0.00     0.00     0.00 -1 -1.22e-06      0.00 6.527e-01 3.325e-01 1.593e-03 3.054e-03 5.186e-03 -1.000 1.486e-02 -7.849 -7.871 -7.465 -7.400 -7.405 -7.393 -7.302 -7.292 -7.268
0.01471 0.00000 7.00000 18.4052524567 2.6302864599   17.820  5.047  4.0408  1.757    1  0.000  0.410     0.00     0.00     0.00     0.00     0.00 -1 -7.27e-07      0.00 6.527e-01 3.325e-01 1.593e-03 3.054e-03 5.186e-03 -1.000 1.486e-02 -7.847 -7.866 -7.450 -7.384 -7.389 -7.376 -7.282 -7.271 -7.246
0.01471 0.00000 7.00000 18.4068927765 2.6302868829   17.821  5.046  4.0429  1.767    1  0.000  0.410     0.00     0.00     0.00     0.00     0.00 -1 -7.28e-07      0.00 6.527e-01 3.325e-01 1.593e-03 3.053e-03 5.186e-03 -1.000 1.486e-02 -7.845 -7.861 -7.438 -7.371 -7.375 -7.362 -7.266 -7.254 -7.229
0.01471 0.00000 7.00000 18.4107780457 2.6302878845   17.822  5.044  4.0456  1.779    1  0.000  0.410     0.00     0.00     0.00     0.00     0.00 -1 -7.35e-07      0.00 6.526e-01 3.325e-01 1.593e-03 3.053e-03 5.186e-03 -1.000 1.486e-02 -7.841 -7.854 -7.422 -7.354 -7.357 -7.343 -7.244 -7.232 -7.206
0.01471 0.00000 7.00000 18.5022659302 2.6303113296   17.857  5.044  4.0185  1.672    1  0.000  0.410     0.00     0.00     0.00     0.00     0.00 -1 -7.69e-07      0.00 6.526e-01 3.326e-01 1.596e-03 3.049e-03 5.187e-03 -1.000 1.486e-02 -7.839 -7.878 -7.543 -7.486 -7.495 -7.490 -7.420 -7.416 -7.395
0.01471 0.00000 7.00000 18.7161464691 2.6303651126   17.924  5.046  3.9460  1.382    1  0.000  0.412     0.00     0.00     0.00     0.00     0.00 -1 -8.61e-07      0.00 6.524e-01 3.328e-01 1.603e-03 3.038e-03 5.190e-03 -1.000 1.485e-02 -7.844 -7.894 -7.782 -7.789 -7.829 -7.867 -7.885 -7.912 -7.908
0.01471 0.00000 7.00000 18.7251224518 2.6303673389   17.926  5.046  3.9430  1.370    1  0.000  0.412     0.00     0.00     0.00     0.00     0.00 -1 -8.66e-07      0.00 6.524e-01 3.328e-01 1.603e-03 3.037e-03 5.190e-03 -1.000 1.485e-02 -7.845 -7.890 -7.795 -7.802 -7.841 -7.881 -7.904 -7.932 -7.929
0.01471 0.00000 7.00000 18.8059329987 2.6303872718   17.942  5.048  3.9137  1.251    2  0.000  0.412     0.00     0.00     0.00     0.00     0.00 -1 -9.09e-07      0.00 6.523e-01 3.329e-01 1.606e-03 3.033e-03 5.191e-03 -1.000 1.485e-02 -7.850 -7.842 -7.852 -7.898 -7.955 -8.017 -8.086 -8.132 -8.138
0.01471 0.00000 7.00000 18.8577747345 2.6303999558   17.951  5.049  3.8937  1.170    2  0.000  0.413     0.00     0.00     0.00     0.00     0.00 -1 -9.29e-07      0.00 6.522e-01 3.329e-01 1.607e-03 3.030e-03 5.192e-03 -1.000 1.485e-02 -7.853 -7.781 -7.883 -7.949 -8.018 -8.096 -8.206 -8.267 -8.280
0.01471 0.00000 7.00000 18.8996276855 2.6304101375   17.957  5.050  3.8771  1.102    2  0.000  0.413     0.00     0.00     0.00     0.00     0.00 -1 -9.47e-07      0.00 6.522e-01 3.329e-01 1.609e-03 3.028e-03 5.192e-03 -1.000 1.485e-02 -7.856 -7.709 -7.875 -7.972 -8.060 -8.159 -8.305 -8.383 -8.402
0.01471 0.00000 7.00000 18.9229278564 2.6304157834   17.952  5.051  3.8671  1.062    2  0.000  0.413     0.00     0.00     0.00     0.00     0.00 -1 -1.35e-06      0.00 6.522e-01 3.330e-01 1.609e-03 3.027e-03 5.193e-03 -1.000 1.485e-02 -7.857 -7.657 -7.856 -7.979 -8.083 -8.197 -8.365 -8.454 -8.477
0.01471 0.00000 7.00000 18.9370956421 2.6304192086   17.945  5.051  3.8602  1.034    2  0.000  0.413     0.00     0.00     0.00     0.00     0.00 -1 -1.35e-06      0.00 6.522e-01 3.330e-01 1.610e-03 3.026e-03 5.193e-03 -1.000 1.485e-02 -7.857 -7.617 -7.839 -7.983 -8.099 -8.222 -8.406 -8.503 -8.528
0.01471 0.00000 7.00000 18.9501304626 2.6304223547   17.938  5.051  3.8537  1.008    2  0.000  0.413     0.00     0.00     0.00     0.00     0.00 -1 -1.35e-06      0.00 6.522e-01 3.330e-01 1.610e-03 3.026e-03 5.193e-03 -1.000 1.485e-02 -7.858 -7.577 -7.815 -7.982 -8.112 -8.247 -8.444 -8.551 -8.578
0.01471 0.00000 7.00000 18.9601612091 2.6304247723   17.933  5.051  3.8488  0.987    2  0.000  0.413     0.00     0.00     0.00     0.00     0.00 -1 -1.35e-06      0.00 6.522e-01 3.330e-01 1.610e-03 3.025e-03 5.193e-03 -1.000 1.485e-02 -7.858 -7.545 -7.795 -7.982 -8.122 -8.265 -8.474 -8.588 -8.617
0.01471 0.00000 7.00000 18.9630088806 2.6304254581   17.932  5.051  3.8473  0.981    2  0.000  0.413     0.00     0.00     0.00     0.00     0.00 -1 -1.34e-06      0.00 6.522e-01 3.330e-01 1.611e-03 3.025e-03 5.193e-03 -1.000 1.485e-02 -7.858 -7.536 -7.789 -7.982 -8.125 -8.271 -8.482 -8.599 -8.628
0.01471 0.00000 7.00000 18.9776954651 2.6304289914   17.925  5.052  3.8397  0.950    2  0.000  0.414     0.00     0.00     0.00     0.00     0.00 -1 -1.34e-06      0.00 6.521e-01 3.330e-01 1.611e-03 3.024e-03 5.193e-03 -1.000 1.485e-02 -7.860 -7.486 -7.757 -7.981 -8.141 -8.300 -8.528 -8.656 -8.688
0.01471 0.00000 7.00000 18.9893608093 2.6304317933   17.919  5.052  3.8337  0.926    2  0.000  0.414     0.00     0.00     0.00     0.00     0.00 -1 -1.34e-06      0.00 6.521e-01 3.330e-01 1.611e-03 3.024e-03 5.193e-03 -1.000 1.485e-02 -7.861 -7.444 -7.728 -7.979 -8.153 -8.323 -8.565 -8.702 -8.736
0.01471 0.00000 7.00000 18.9985294342 2.6304339928   17.916  5.053  3.8289  0.906    2  0.000  0.414     0.00     0.00     0.00     0.00     0.00 -1 -1.33e-06      0.00 6.521e-01 3.330e-01 1.612e-03 3.023e-03 5.193e-03 -1.000 1.485e-02 -7.862 -7.409 -7.705 -7.977 -8.162 -8.341 -8.594 -8.739 -8.774
0.01471 0.00000 7.00000 19.0097923279 2.6304366913   17.911  5.053  3.8230  0.882    2  0.000  0.414     0.00     0.00     0.00     0.00     0.00 -1 -1.33e-06      0.00 6.521e-01 3.330e-01 1.612e-03 3.023e-03 5.194e-03 -1.000 1.485e-02 -7.863 -7.362 -7.669 -7.973 -8.173 -8.363 -8.630 -8.785 -8.821
0.01471 0.00000 7.00000 19.0186424255 2.6304388092   17.908  5.054  3.8182  0.862    2  0.000  0.414     0.00     0.00     0.00     0.00     0.00 -1 -1.33e-06      0.00 6.521e-01 3.330e-01 1.612e-03 3.022e-03 5.194e-03 -1.000 1.485e-02 -7.864 -7.323 -7.640 -7.970 -8.182 -8.382 -8.659 -8.823 -8.861
0.01471 0.00000 7.00000 19.0273494720 2.6304408906   17.905  5.054  3.8132  0.842    3  0.000  0.414    61.18    38.93    27.15    19.27    16.03  3 -1.33e-06      0.00 6.521e-01 3.331e-01 1.612e-03 3.022e-03 5.194e-03 -1.000 1.485e-02 -7.865 -7.281 -7.609 -7.966 -8.191 -8.400 -8.688 -8.861 -8.900
0.01471 0.00000 7.00000 19.0359115601 2.6304429353   17.902  5.054  3.8083  0.822    3  0.000  0.414    64.28    40.36    28.10    19.95    16.60  3 -1.33e-06      0.00 6.521e-01 3.331e-01 1.613e-03 3.022e-03 5.194e-03 -1.000 1.485e-02 -7.866 -7.231 -7.574 -7.963 -8.201 -8.419 -8.719 -8.900 -8.941
0.01471 0.00000 7.00000 19.0443286896 2.6304449432   17.899  5.055  3.8035  0.802    3  0.000  0.414    67.51    41.83    29.08    20.66    17.19  3 -1.32e-06      0.00 6.521e-01 3.331e-01 1.613e-03 3.021e-03 5.194e-03 -1.000 1.485e-02 -7.867 -7.182 -7.538 -7.958 -8.210 -8.438 -8.749 -8.939 -8.982
0.01471 0.00000 7.00000 19.0505409241 2.6304464239   17.897  5.055  3.7998  0.787    3  0.000  0.414    70.07    42.98    29.84    21.21    17.65  3 -1.32e-06      0.00 6.521e-01 3.331e-01 1.613e-03 3.021e-03 5.194e-03 -1.000 1.485e-02 -7.867 -7.147 -7.510 -7.953 -8.216 -8.451 -8.771 -8.968 -9.012
0.01471 0.00000 7.00000 19.0566730499 2.6304478843   17.895  5.055  3.7960  0.772    3  0.000  0.414    72.80    44.20    30.64    21.79    18.14  3 -1.32e-06      0.00 6.521e-01 3.331e-01 1.613e-03 3.020e-03 5.194e-03 -1.000 1.485e-02 -7.868 -7.105 -7.480 -7.948 -8.221 -8.464 -8.794 -8.998 -9.044
0.01471 0.00000 7.00000 19.0627174377 2.6304493228   17.894  5.055  3.7922  0.756    3  0.000  0.414    75.63    45.45    31.47    22.38    18.63  3 -1.32e-06      0.00 6.521e-01 3.331e-01 1.614e-03 3.020e-03 5.194e-03 -1.000 1.485e-02 -7.868 -7.063 -7.449 -7.942 -8.227 -8.478 -8.816 -9.029 -9.075
0.01471 0.00000 7.00000 19.0686779022 2.6304507404   17.892  5.056  3.7885  0.741    3  0.000  0.414    78.55    46.72    32.31    22.99    19.14  3 -1.32e-06      0.00 6.521e-01 3.331e-01 1.614e-03 3.020e-03 5.194e-03 -1.000 1.485e-02 -7.869 -7.018 -7.418 -7.937 -8.233 -8.491 -8.839 -9.059 -9.107
0.01471 0.00000 7.00000 19.0745506287 2.6304521360   17.891  5.056  3.7847  0.726    3  0.000  0.414    81.58    48.03    33.17    23.62    19.66  3 -1.32e-06      0.00 6.521e-01 3.331e-01 1.614e-03 3.020e-03 5.194e-03 -1.000 1.485e-02 -7.870 -6.971 -7.386 -7.930 -8.238 -8.504 -8.861 -9.088 -9.138
0.01471 0.00000 7.00000 19.0803356171 2.6304535099   17.886  5.056  3.7808  0.710    3  0.000  0.414    84.88    49.44    34.11    24.29    20.22  3 -1.62e-06      0.00 6.521e-01 3.331e-01 1.614e-03 3.019e-03 5.195e-03 -1.000 1.485e-02 -7.870 -6.919 -7.351 -7.923 -8.243 -8.517 -8.884 -9.120 -9.171
0.01471 0.00000 7.00000 19.0860328674 2.6304548619   17.880  5.056  3.7767  0.693    3  0.000  0.414    88.42    50.94    35.09    25.00    20.82  3 -2.23e-06      0.00 6.520e-01 3.331e-01 1.614e-03 3.019e-03 5.195e-03 -1.000 1.485e-02 -7.870 -6.861 -7.311 -7.913 -8.246 -8.531 -8.909 -9.153 -9.206
0.01471 0.00000 7.00000 19.0916385651 2.6304561914   17.875  5.056  3.7725  0.676    3  0.000  0.414    92.14    52.50    36.11    25.74    21.44  3 -3.04e-06      0.00 6.520e-01 3.331e-01 1.614e-03 3.019e-03 5.195e-03 -1.000 1.485e-02 -7.870 -6.801 -7.269 -7.901 -8.249 -8.544 -8.934 -9.188 -9.242
0.01471 0.00000 7.00000 19.0936985016 2.6304566797   17.871  5.056  3.7708  0.669    3  0.000  0.414    93.81    53.19    36.57    26.07    21.71  3 -3.04e-06      0.00 6.520e-01 3.331e-01 1.614e-03 3.019e-03 5.195e-03 -1.000 1.485e-02 -7.870 -6.775 -7.251 -7.896 -8.250 -8.550 -8.945 -9.204 -9.258
0.01471 0.00000 7.00000 19.1046772003 2.6304592801   17.855  5.057  3.7606  0.628    3  0.000  0.414   103.91    57.31    39.27    28.03    23.35  3 -2.99e-06      0.00 6.520e-01 3.331e-01 1.615e-03 3.018e-03 5.195e-03 -1.000 1.485e-02 -7.871 -6.630 -7.157 -7.870 -8.255 -8.577 -8.999 -9.281 -9.340
0.01471 0.00000 7.00000 19.1168098450 2.6304621499   17.838  5.057  3.7473  0.574    3  0.000  0.415   118.75    63.18    43.10    30.81    25.67  3 -2.92e-06      0.00 6.520e-01 3.331e-01 1.615e-03 3.017e-03 5.195e-03 -1.000 1.485e-02 -7.873 -6.419 -7.025 -7.829 -8.255 -8.606 -9.065 -9.379 -9.443
0.01471 0.00000 7.00000 19.1263294220 2.6304643986   17.825  5.057  3.7336  0.519    3  0.000  0.415   136.01    69.77    47.38    33.92    28.26  3  -2.8e-06      0.00 6.520e-01 3.331e-01 1.615e-03 3.017e-03 5.195e-03 -1.000 1.485e-02 -7.872 -6.187 -6.888 -7.780 -8.245 -8.625 -9.127 -9.477 -9.545
0.01471 0.00000 7.00000 19.1357841492 2.6304666295   17.814  5.053  3.7169  0.456    3  0.000  0.415   158.81    78.13    52.79    37.86    31.55  3 -2.64e-06      0.00 6.520e-01 3.331e-01 1.616e-03 3.017e-03 5.195e-03 -1.000 1.485e-02 -7.861 -5.869 -6.700 -7.700 -8.214 -8.628 -9.185 -9.583 -9.653
0.01471 0.00000 7.00000 19.1448516846 2.6304687667   17.805  5.047  3.7076  0.424    3  0.000  0.415   171.70    82.72    55.74    40.01    33.35  3 -2.48e-06      0.00 6.520e-01 3.332e-01 1.616e-03 3.016e-03 5.195e-03 -1.000 1.485e-02 -7.846 -5.667 -6.583 -7.642 -8.184 -8.616 -9.207 -9.630 -9.702
0.01471 0.00000 7.00000 19.1515350342 2.6304703404   17.798  5.052  3.7022  0.398    3  0.000  0.414   183.45    86.82    58.38    41.93    34.96  3 -2.52e-06      0.00 6.520e-01 3.332e-01 1.613e-03 3.017e-03 5.195e-03 -1.000 1.485e-02 -7.859 -5.566 -6.535 -7.628 -8.187 -8.630 -9.240 -9.678 -9.751
0.01471 0.00000 7.00000 19.1591606140 2.6304721345   17.791  5.053  3.6968  0.374    3  0.000  0.414   194.23    90.52    60.75    43.67    36.41  3 -2.51e-06      0.00 6.520e-01 3.332e-01 1.613e-03 3.017e-03 5.196e-03 -1.000 1.485e-02 -7.862 -5.448 -6.475 -7.603 -8.178 -8.632 -9.263 -9.716 -9.792
0.01471 0.00000 7.00000 19.1667976379 2.6304739296   17.784  5.054  3.6910  0.350    3  0.000  0.414   206.33    94.60    63.37    45.58    38.00  3 -2.49e-06      0.00 6.520e-01 3.332e-01 1.613e-03 3.017e-03 5.196e-03 -1.000 1.485e-02 -7.865 -5.314 -6.410 -7.576 -8.168 -8.633 -9.287 -9.756 -9.835
0.01471 0.00000 7.00000 19.1741161346 2.6304756483   17.778  5.055  3.6851  0.325    3  0.000  0.414   219.44    98.96    66.16    47.61    39.71  3 -2.47e-06      0.00 6.520e-01 3.332e-01 1.613e-03 3.017e-03 5.196e-03 -1.000 1.485e-02 -7.868 -5.175 -6.342 -7.546 -8.155 -8.631 -9.310 -9.795 -9.878
0.01471 0.00000 7.00000 19.1810379028 2.6304772724   17.772  5.056  3.6790  0.300    3  0.000  0.414   233.59   103.59    69.10    49.77    41.51  3 -2.45e-06      0.00 6.520e-01 3.332e-01 1.613e-03 3.016e-03 5.196e-03 -1.000 1.485e-02 -7.871 -5.045 -6.274 -7.520 -8.145 -8.629 -9.334 -9.830 -9.920
0.01471 0.00000 7.00000 19.1875591278 2.6304788013   17.767  5.057  3.6729  0.274    3  0.000  0.414   248.84   108.49    72.22    52.05    43.42  3 -2.43e-06      0.00 6.520e-01 3.332e-01 1.613e-03 3.016e-03 5.196e-03 -1.000 1.485e-02 -7.873 -4.867 -6.189 -7.488 -8.133 -8.626 -9.360 -9.864 -9.963
0.01471 0.00000 7.00000 19.1936836243 2.6304802361   17.763  5.058  3.6667  0.248    3  0.000  0.414   265.13   113.67    75.51    54.46    45.43  3 -2.41e-06      0.00 6.520e-01 3.332e-01 1.613e-03 3.016e-03 5.196e-03 -1.000 1.485e-02 -7.875 -4.667 -6.096 -7.453 -8.118 -8.622 -9.386 -9.896 -10.007
0.01471 0.00000 7.00000 19.1994304657 2.6304815815   17.759  5.059  3.6603  0.222    3  0.000  0.414   276.08   119.18    79.01    57.02    47.57  3 -2.38e-06      0.00 6.519e-01 3.332e-01 1.613e-03 3.016e-03 5.196e-03 -1.000 1.485e-02 -7.877 -4.473 -6.004 -7.415 -8.099 -8.615 -9.410 -9.926 -10.050
0.01471 0.00000 7.00000 19.2048149109 2.6304828412   17.756  5.059  3.6537  0.195    3  0.000  0.414   287.82   125.13    82.77    59.78    49.88  3 -2.35e-06      0.00 6.519e-01 3.332e-01 1.613e-03 3.016e-03 5.196e-03 -1.000 1.485e-02 -7.878 -4.263 -5.908 -7.367 -8.072 -8.604 -9.430 -9.958 -10.093
0.01471 0.00000 7.00000 19.2073764801 2.6304834402   17.754  5.060  3.6503  0.181    3  0.000  0.414   294.10   128.33    84.79    61.26    51.12  3 -2.34e-06      0.00 6.519e-01 3.332e-01 1.613e-03 3.016e-03 5.196e-03 -1.000 1.485e-02 -7.879 -4.155 -5.859 -7.341 -8.057 -8.598 -9.439 -9.976 -10.115
0.01471 0.00000 7.00000 19.2098560333 2.6304840198   17.753  5.060  3.6468  0.167    3  0.000  0.414   300.72   131.71    86.92    62.82    52.43  3 -2.33e-06      0.00 6.519e-01 3.332e-01 1.613e-03 3.016e-03 5.196e-03 -1.000 1.485e-02 -7.879 -4.044 -5.808 -7.311 -8.039 -8.591 -9.448 -9.994 -10.138
0.01471 0.00000 7.00000 19.2122516632 2.6304845797   17.752  5.060  3.6431  0.152    3  0.000  0.414   307.75   135.32    89.19    64.49    53.82  3  -2.3e-06      0.00 6.519e-01 3.332e-01 1.613e-03 3.016e-03 5.196e-03 -1.000 1.485e-02 -7.880 -3.928 -5.754 -7.280 -8.021 -8.583 -9.458 -10.012 -10.162
0.01471 0.00000 7.00000 19.2145671844 2.6304851207   17.750  5.060  3.6392  0.136    3  0.000  0.414   315.30   139.21    91.64    66.29    55.33  3 -2.29e-06      0.00 6.519e-01 3.332e-01 1.613e-03 3.016e-03 5.196e-03 -1.000 1.485e-02 -7.880 -3.806 -5.697 -7.247 -8.001 -8.575 -9.467 -10.032 -10.186
0.01471 0.00000 7.00000 19.2168064117 2.6304856437   17.750  5.060  3.6351  0.120    3  0.000  0.414   323.41   143.41    94.28    68.23    56.95  3 -2.27e-06      0.00 6.519e-01 3.332e-01 1.613e-03 3.015e-03 5.196e-03 -1.000 1.485e-02 -7.880 -3.674 -5.634 -7.209 -7.978 -8.565 -9.476 -10.052 -10.212
0.01471 0.00000 7.00000 19.2189693451 2.6304861488   17.748  5.060  3.6307  0.102    3  0.000  0.414   332.21   147.98    97.14    70.34    58.71  3 -2.24e-06      0.00 6.519e-01 3.332e-01 1.613e-03 3.015e-03 5.196e-03 -1.000 1.485e-02 -7.880 -3.533 -5.567 -7.168 -7.953 -8.554 -9.485 -10.072 -10.239
0.01471 0.00000 7.00000 19.2210578918 2.6304866364   17.748  5.060  3.6261  0.084    3  0.000  0.414   341.88   153.03   100.31    72.66    60.66  0 -2.22e-06      0.00 6.519e-01 3.332e-01 1.613e-03 3.015e-03 5.196e-03 -1.000 1.485e-02 -7.879 -3.383 -5.491 -7.120 -7.923 -8.541 -9.494 -10.094 -10.267
0.01471 0.00000 7.00000 19.2230758667 2.6304871073   17.747  5.060  3.6210  0.064    3  0.000  0.414   352.65   158.68   103.84    75.26    62.84  0 -2.19e-06      0.00 6.519e-01 3.332e-01 1.613e-03 3.015e-03 5.196e-03 -1.000 1.485e-02 -7.879 -3.220 -5.409 -7.067 -7.890 -8.527 -9.503 -10.118 -10.298
0.01471 0.00000 7.00000 19.2250251770 2.6304875622   17.746  5.059  3.6154  0.042    3  0.000  0.414   364.85   165.12   107.87    78.22    65.31  0 -2.17e-06      0.00 6.519e-01 3.332e-01 1.613e-03 3.015e-03 5.196e-03 -1.000 1.485e-02 -7.878 -3.049 -5.315 -7.004 -7.850 -8.510 -9.512 -10.144 -10.332
0.01471 0.00000 7.00000 19.2269058228 2.6304880009   17.745  5.058  3.6090  0.017    3  0.000  0.414   379.06   172.67   112.57    81.69    68.21  0 -2.13e-06      0.00 6.519e-01 3.332e-01 1.613e-03 3.015e-03 5.196e-03 -1.000 1.485e-02 -7.876 -2.858 -5.207 -6.930 -7.803 -8.489 -9.521 -10.173 -10.370
0.01471 0.00000 7.00000 19.2278118134 2.6304882122   17.745  5.058  3.6058  0.004    3  0.000  0.414   386.53   176.65   115.04    83.51    69.74  0 -2.09e-06      0.00 6.519e-01 3.332e-01 1.613e-03 3.015e-03 5.196e-03 -1.000 1.485e-02 -7.875 -2.767 -5.149 -6.888 -7.775 -8.478 -9.526 -10.187 -10.389
0.01471 0.00000 7.00000 19.2288856506 2.6304884627   17.744  5.057  3.6016 -0.012    3  0.000  0.414   396.32   181.90   118.31    85.92    71.76  0 -2.05e-06      0.00 6.519e-01 3.332e-01 1.613e-03 3.015e-03 5.196e-03 -1.000 1.485e-02 -7.873 -2.659 -5.077 -6.834 -7.740 -8.463 -9.531 -10.206 -10.414
0.01471 0.00000 7.00000 19.2298755646 2.6304886935   17.744  5.056  3.5974 -0.028    3  0.000  0.414   406.25   187.24   121.62    88.36    73.80  0 -2.03e-06      0.00 6.519e-01 3.332e-01 1.613e-03 3.015e-03 5.196e-03 -1.000 1.485e-02 -7.871 -2.561 -5.003 -6.776 -7.700 -8.447 -9.535 -10.225 -10.438
0.01471 0.00000 7.00000 19.2307415009 2.6304888954   17.744  5.056  3.5934 -0.043    3  0.000  0.414   415.60   192.29   124.75    90.67    75.74  0 -1.99e-06      0.00 6.519e-01 3.332e-01 1.613e-03 3.015e-03 5.196e-03 -1.000 1.485e-02 -7.869 -2.472 -4.932 -6.719 -7.660 -8.432 -9.538 -10.242 -10.460
0.01471 0.00000 7.00000 19.2313270569 2.6304890319   17.744  5.055  3.5905 -0.054    3  0.000  0.414   422.68   196.13   127.13    92.43    77.21  0 -1.97e-06      0.00 6.519e-01 3.332e-01 1.613e-03 3.015e-03 5.196e-03 -1.000 1.485e-02 -7.867 -2.404 -4.879 -6.676 -7.631 -8.420 -9.541 -10.254 -10.477
0.01471 0.00000 7.00000 19.2320632935 2.6304892036   17.744  5.054  3.5867 -0.068    3  0.000  0.414   431.93   201.15   130.24    94.72    79.13  0 -1.94e-06      0.00 6.519e-01 3.332e-01 1.613e-03 3.015e-03 5.196e-03 -1.000 1.485e-02 -7.864 -2.312 -4.799 -6.611 -7.586 -8.404 -9.546 -10.270 -10.498
0.01471 0.00000 7.00000 19.2329788208 2.6304894170   17.743  5.052  3.5819 -0.085    3  0.000  0.414   443.66   207.55   134.19    97.65    81.58  0 -1.91e-06      0.00 6.519e-01 3.332e-01 1.613e-03 3.015e-03 5.196e-03 -1.000 1.485e-02 -7.859 -2.183 -4.691 -6.523 -7.525 -8.383 -9.551 -10.289 -10.525
0.01471 0.00000 7.00000 19.2338218689 2.6304896135   17.743  5.050  3.5778 -0.099    3  0.000  0.414   453.46   212.92   137.51   100.10    83.63  0 -1.86e-06      0.00 6.519e-01 3.332e-01 1.613e-03 3.015e-03 5.196e-03 -1.000 1.485e-02 -7.854 -2.085 -4.595 -6.439 -7.465 -8.362 -9.554 -10.304 -10.546
0.01471 0.00000 7.00000 19.2345390320 2.6304897806   17.743  5.047  3.5749 -0.108    3  0.000  0.414   460.00   216.52   139.72   101.74    85.00  0 -1.83e-06      0.00 6.519e-01 3.332e-01 1.613e-03 3.015e-03 5.196e-03 -1.000 1.485e-02 -7.847 -2.027 -4.524 -6.371 -7.414 -8.344 -9.554 -10.313 -10.558
0.01471 0.00000 7.00000 19.2354621887 2.6304899957   17.743  5.043  3.5718 -0.117    3  0.000  0.414   465.80   219.72   141.69   103.19    86.22  0 -1.77e-06      0.00 6.519e-01 3.332e-01 1.613e-03 3.015e-03 5.196e-03 -1.000 1.485e-02 -7.837 -1.964 -4.449 -6.297 -7.358 -8.321 -9.550 -10.318 -10.568
0.01471 0.00000 7.00000 19.2368717194 2.6304903242   17.743  5.037  3.5690 -0.122    3  0.000  0.414   469.63   221.83   143.00   104.15    87.03  0 -1.71e-06      0.00 6.519e-01 3.332e-01 1.613e-03 3.015e-03 5.196e-03 -1.000 1.485e-02 -7.822 -1.906 -4.372 -6.219 -7.297 -8.295 -9.541 -10.318 -10.571
0.01471 0.00000 7.00000 19.2384243011 2.6304906859   17.743  5.029  3.5672 -0.121    3  0.000  0.414   468.84   221.39   142.73   103.95    86.86  0 -1.66e-06      0.00 6.519e-01 3.332e-01 1.613e-03 3.014e-03 5.196e-03 -1.000 1.485e-02 -7.802 -1.864 -4.310 -6.153 -7.242 -8.265 -9.524 -10.307 -10.562
0.01471 0.00000 7.00000 19.2403621674 2.6304911372   17.743  5.019  3.5649 -0.120    3  0.000  0.414   468.46   221.19   142.60   103.86    86.78  0 -1.55e-06      0.00 6.519e-01 3.332e-01 1.613e-03 3.014e-03 5.197e-03 -1.000 1.485e-02 -7.777 -1.809 -4.230 -6.067 -7.172 -8.229 -9.504 -10.294 -10.552
0.01471 0.00000 7.00000 19.2417850494 2.6304914685   17.743  5.024  3.5624 -0.136    3  0.000  0.414   479.70   227.41   146.43   106.69    89.15  0 -1.54e-06      0.00 6.519e-01 3.332e-01 1.613e-03 3.014e-03 5.197e-03 -1.000 1.485e-02 -7.791 -1.778 -4.180 -6.015 -7.139 -8.231 -9.524 -10.321 -10.582
0.01471 0.00000 7.00000 19.2432231903 2.6304918034   17.743  5.037  3.5603 -0.157    3  0.000  0.412   495.67   236.29   151.88   110.73    92.53  0 -1.62e-06      0.00 6.519e-01 3.332e-01 1.605e-03 3.021e-03 5.197e-03 -1.000 1.485e-02 -7.823 -1.766 -4.155 -5.990 -7.131 -8.253 -9.561 -10.363 -10.628
0.01471 0.00000 7.00000 19.2459144592 2.6304924298   17.743  5.049  3.5587 -0.175    3  0.000  0.407   510.06   244.32   156.81   114.38    95.59  0 -1.74e-06      0.00 6.519e-01 3.332e-01 1.588e-03 3.036e-03 5.196e-03 -1.000 1.485e-02 -7.852 -1.759 -4.132 -5.964 -7.121 -8.272 -9.596 -10.401 -10.669
0.01471 0.00000 7.00000 19.2547435760 2.6304944835   17.741  5.057  3.5576 -0.187    3  0.000  0.406   519.63   249.70   160.10   116.82    97.64  0 -1.82e-06      0.00 6.519e-01 3.333e-01 1.583e-03 3.040e-03 5.196e-03 -1.000 1.485e-02 -7.871 -1.754 -4.116 -5.946 -7.114 -8.284 -9.618 -10.426 -10.696
0.01471 0.00000 7.00000 19.2781906128 2.6304999270   17.735  5.099  3.5518 -0.253    3  0.000  0.402   575.35   281.29   179.39   131.12   109.62  0 -2.22e-06      0.00 6.513e-01 3.339e-01 1.566e-03 3.069e-03 5.184e-03 -1.000 1.481e-02 -7.978 -1.737 -4.033 -5.852 -7.080 -8.354 -9.743 -10.562 -10.841
0.01471 0.00000 7.00000 19.2817745209 2.6305007577   17.733  5.112  3.5500 -0.273    3  0.000  0.401   593.28   291.57   185.65   135.77   113.52  0 -2.36e-06      0.00 6.511e-01 3.341e-01 1.558e-03 3.082e-03 5.180e-03 -1.000 1.478e-02 -8.010 -1.733 -4.009 -5.823 -7.070 -8.376 -9.780 -10.603 -10.885
0.01471 0.00000 7.00000 19.2871475220 2.6305020024   17.730  5.153  3.5450 -0.334    3  0.000  0.394   651.80   325.48   206.21   151.06   126.33  0 -2.87e-06      0.00 6.482e-01 3.370e-01 1.514e-03 3.190e-03 5.119e-03 -1.000 1.477e-02 -8.112 -1.727 -3.916 -5.709 -7.025 -8.432 -9.899 -10.730 -11.021
0.01471 0.00000 7.00000 19.2917919159 2.6305030777   17.725  5.181  3.5415 -0.377    3  0.000  0.392   696.19   351.55   221.96   162.78   136.16  0 -3.28e-06      0.00 6.475e-01 3.377e-01 1.501e-03 3.222e-03 5.101e-03 -1.000 1.478e-02 -8.183 -1.724 -3.852 -5.629 -6.995 -8.472 -9.982 -10.820 -11.116
0.01471 0.00000 7.00000 19.2948017120 2.6305037742   17.722  5.201  3.5392 -0.406    3  0.000  0.391   728.37   370.63   233.45   171.34   143.34  0  -3.6e-06      0.00 6.470e-01 3.382e-01 1.493e-03 3.243e-03 5.088e-03 -1.000 1.477e-02 -8.233 -1.722 -3.803 -5.568 -6.970 -8.496 -10.040 -10.881 -11.182
0.01471 0.00000 7.00000 19.2985363007 2.6305046381   17.718  5.242  3.5344 -0.466    3  0.000  0.390   798.92   412.96   258.85   190.28   159.23  0 -4.38e-06      0.00 6.461e-01 3.392e-01 1.483e-03 3.277e-03 5.064e-03 -1.000 1.477e-02 -8.334 -1.719 -3.684 -5.418 -6.908 -8.534 -10.159 -11.006 -11.316
0.01471 0.00000 7.00000 19.3026905060 2.6305055986   17.717  5.277  3.5302 -0.518    3  0.000  0.390   865.59   453.54   283.09   208.39   174.42  0 -5.24e-06      0.00 6.450e-01 3.402e-01 1.474e-03 3.309e-03 5.039e-03 -1.000 1.479e-02 -8.422 -1.728 -3.586 -5.287 -6.852 -8.565 -10.261 -11.115 -11.432
# Zini     MH   logAge Mini        int_IMF         Mass   logL    logTe  logg  label   McoreTP C_O  period0  period1  period2  period3  period4  pmode  Mloss  tau1m   X   Y   Xc  Xn  Xo  Cexcess  Z 	 mbolmag  Umag    Bmag    Vmag    Rmag    Imag    Jmag    Hmag    Kmag
0.01471 0.00000 8.00000 0.0900000036 1.0816895926    0.090 -2.753  3.4028  4.709    0  0.000  0.545     0.00     0.00     0.00     0.00     0.00 -1 -3.31e-16      0.00 7.107e-01 2.745e-01 2.655e-03 7.163e-04 6.496e-03 -1.000 1.476e-02 11.652 20.068 17.953 16.270 14.258 12.071 9.576 8.977 8.639
0.01471 0.00000 8.00000 0.0928532481 1.1084724514    0.093 -2.730  3.4060  4.712    0  0.000  0.545     0.00     0.00     0.00     0.00     0.00 -1 -3.42e-16      0.00 7.107e-01 2.745e-01 2.655e-03 7.163e-04 6.496e-03 -1.000 1.476e-02 11.595 20.017 17.898 16.214 14.201 12.014 9.519 8.920 8.582
0.01471 0.00000 8.00000 0.1000000015 1.1711064122    0.100 -2.673  3.4142  4.720    0  0.000  0.545     0.00     0.00     0.00     0.00     0.00 -1 -3.73e-16      0.00 7.107e-01 2.745e-01 2.655e-03 7.163e-04 6.496e-03 -1.000 1.476e-02 11.452 19.886 17.760 16.073 14.058 11.870 9.376 8.776 8.439
0.01471 0.00000 8.00000 0.1005477011 1.1756653093    0.101 -2.669  3.4147  4.720    0  0.000  0.545     0.00     0.00     0.00     0.00     0.00 -1 -3.75e-16      0.00 7.107e-01 2.745e-01 2.655e-03 7.163e-04 6.496e-03 -1.000 1.476e-02 11.442 19.877 17.750 16.063 14.048 11.861 9.366 8.766 8.429
0.01471 0.00000 8.00000 0.1111151651 1.2577706683    0.111 -2.595  3.4243  4.728    0  0.000  0.545     0.00     0.00     0.00     0.00     0.00 -1  -4.2e-16      0.00 7.107e-01 2.745e-01 2.655e-03 7.163e-04 6.496e-03 -1.000 1.476e-02 11.257 19.350 17.313 15.641 13.704 11.575 9.196 8.595 8.260
0.01471 0.00000 8.00000 0.1200000048 1.3193154741    0.120 -2.536  3.4325  4.735    0  0.000  0.545     0.00     0.00     0.00     0.00     0.00 -1 -4.58e-16      0.00 7.107e-01 2.745e-01 2.655e-03 7.163e-04 6.496e-03 -1.000 1.476e-02 11.110 18.810 16.875 15.223 13.376 11.314 9.068 8.464 8.134
0.01471 0.00000 8.00000 0.1392779052 1.4345447383    0.139 -2.434  3.4443  4.745    0  0.000  0.545     0.00     0.00     0.00     0.00     0.00 -1 -5.32e-16      0.00 7.107e-01 2.745e-01 2.655e-03 7.163e-04 6.496e-03 -1.000 1.476e-02 10.855 18.064 16.243 14.627 12.892 10.918 8.838 8.231 7.908
0.01471 0.00000 8.00000 0.1400000006 1.4384526719    0.140 -2.431  3.4447  4.745    0  0.000  0.545     0.00     0.00     0.00     0.00     0.00 -1 -5.35e-16      0.00 7.107e-01 2.745e-01 2.655e-03 7.163e-04 6.496e-03 -1.000 1.476e-02 10.846 18.038 16.221 14.606 12.876 10.904 8.830 8.223 7.901
0.01471 0.00000 8.00000 0.1402355582 1.4397218299    0.140 -2.429  3.4448  4.745    0  0.000  0.545     0.00     0.00     0.00     0.00     0.00 -1 -5.36e-16      0.00 7.107e-01 2.745e-01 2.655e-03 7.163e-04 6.496e-03 -1.000 1.476e-02 10.843 18.029 16.214 14.599 12.870 10.900 8.827 8.220 7.898
0.01471 0.00000 8.00000 0.1599999964 1.5372931554    0.160 -2.336  3.4557  4.753    0  0.000  0.545     0.00     0.00     0.00     0.00     0.00 -1 -6.16e-16      0.00 7.107e-01 2.745e-01 2.655e-03 7.163e-04 6.496e-03 -1.000 1.476e-02 10.611 17.362 15.646 14.055 12.428 10.547 8.619 8.009 7.695
0.01471 0.00000 8.00000 0.1994030327 1.6918499220    0.199 -2.186  3.4723  4.765    0  0.000  0.545     0.00     0.00     0.00     0.00     0.00 -1  -7.7e-16      0.00 7.107e-01 2.745e-01 2.655e-03 7.163e-04 6.496e-03 -1.000 1.476e-02 10.235 16.395 14.804 13.246 11.762 10.018 8.280 7.666 7.366
0.01471 0.00000 8.00000 0.2000000030 1.6938790862    0.200 -2.184  3.4725  4.765    0  0.000  0.545     0.00     0.00     0.00     0.00     0.00 -1 -7.72e-16      0.00 7.107e-01 2.745e-01 2.655e-03 7.163e-04 6.496e-03 -1.000 1.476e-02 10.230 16.382 14.793 13.236 11.753 10.011 8.276 7.661 7.362
0.01471 0.00000 8.00000 0.2154091895 1.7436823130    0.215 -2.134  3.4776  4.768    0  0.000  0.545     0.00     0.00     0.00     0.00     0.00 -1 -8.32e-16      0.00 7.107e-01 2.745e-01 2.655e-03 7.163e-04 6.496e-03 -1.000 1.476e-02 10.105 16.089 14.534 12.986 11.544 9.844 8.163 7.547 7.252
0.01471 0.00000 8.00000 0.2500000000 1.8403257998    0.250 -2.033  3.4880  4.773    0  0.000  0.545     0.00     0.00     0.00     0.00     0.00 -1 -9.68e-16      0.00 7.107e-01 2.745e-01 2.655e-03 7.163e-04 6.496e-03 -1.000 1.476e-02 9.853 15.518 14.021 12.481 11.116 9.514 7.937 7.317 7.032
0.01471 0.00000 8.00000 0.2828295529 1.9171896136    0.283 -1.949  3.4958  4.774    0  0.000  0.545     0.00     0.00     0.00     0.00     0.00 -1  -1.1e-15      0.00 7.107e-01 2.745e-01 2.655e-03 7.163e-04 6.496e-03 -1.000 1.476e-02 9.642 15.093 13.635 12.110 10.796 9.256 7.745 7.122 6.844
0.01471 0.00000 8.00000 0.3000000119 1.9529139769    0.300 -1.908  3.4995  4.773    0  0.000  0.545     0.00     0.00     0.00     0.00     0.00 -1 -1.18e-15      0.00 7.107e-01 2.745e-01 2.655e-03 7.163e-04 6.496e-03 -1.000 1.476e-02 9.541 14.893 13.452 11.937 10.646 9.133 7.652 7.027 6.753
0.01471 0.00000 8.00000 0.3500000238 2.0434175133    0.350 -1.794  3.5098  4.767    0  0.000  0.545     0.00     0.00     0.00     0.00     0.00 -1 -1.43e-15      0.00 7.107e-01 2.745e-01 2.655e-03 7.163e-04 6.496e-03 -1.000 1.476e-02 9.254 14.356 12.957 11.467 10.235 8.794 7.388 6.758 6.494
0.01471 0.00000 8.00000 0.4000000358 2.1185024810    0.400 -1.679  3.5205  4.753    0  0.000  0.545     0.00     0.00     0.00     0.00     0.00 -1 -1.77e-15      0.00 7.107e-01 2.745e-01 2.655e-03 7.163e-04 6.496e-03 -1.000 1.476e-02 8.967 13.838 12.472 11.003 9.826 8.460 7.127 6.489 6.235
0.01471 0.00000 8.00000 0.4500000179 2.1822809362    0.450 -1.555  3.5326  4.728    0  0.000  0.545     0.00     0.00     0.00     0.00     0.00 -1 -2.28e-15      0.00 7.107e-01 2.745e-01 2.655e-03 7.163e-04 6.496e-03 -1.000 1.476e-02 8.657 13.308 11.963 10.517 9.394 8.108 6.848 6.201 5.957
0.01471 0.00000 8.00000 0.5000000000 2.2374541529    0.500 -1.415  3.5490  4.700    0  0.000  0.545     0.00     0.00     0.00     0.00     0.00 -1 -3.06e-15      0.00 7.107e-01 2.745e-01 2.655e-03 7.163e-04 6.496e-03 -1.000 1.476e-02 8.308 12.711 11.374 9.953 8.892 7.711 6.540 5.882 5.651
0.01471 0.00000 8.00000 0.5205717683 2.2577008146    0.520 -1.342  3.5596  4.686    0  0.000  0.545     0.00     0.00     0.00     0.00     0.00 -1  -3.6e-15      0.00 7.107e-01 2.745e-01 2.654e-03 7.162e-04 6.495e-03 -1.000 1.476e-02 8.124 12.391 11.047 9.637 8.609 7.501 6.385 5.719 5.497
0.01471 0.00000 8.00000 0.5500000119 2.2836582633    0.550 -1.240  3.5742  4.667    0  0.000  0.545     0.00     0.00     0.00     0.00     0.00 -1 -4.52e-15      0.00 7.107e-01 2.745e-01 2.654e-03 7.160e-04 6.494e-03 -1.000 1.476e-02 7.870 11.969 10.608 9.210 8.223 7.219 6.171 5.495 5.288
0.01471 0.00000 8.00000 0.5516369939 2.2850089519    0.551 -1.233  3.5754  4.666    0  0.000  0.545     0.00     0.00     0.00     0.00     0.00 -1 -4.59e-15      0.00 7.107e-01 2.745e-01 2.654e-03 7.160e-04 6.494e-03 -1.000 1.476e-02 7.854 11.940 10.578 9.181 8.197 7.201 6.158 5.481 5.275
0.01471 0.00000 8.00000 0.6000000238 2.3211213258    0.600 -1.066  3.6059  4.658    0  0.000  0.545     0.00     0.00     0.00     0.00     0.00 -1 -6.55e-15      0.00 7.108e-01 2.745e-01 2.654e-03 7.160e-04 6.493e-03 -1.000 1.476e-02 7.436 11.208 9.806 8.464 7.553 6.746 5.817 5.122 4.962
0.01471 0.00000 8.00000 0.6204252839 2.3344425590    0.620 -1.002  3.6208  4.668    0  0.000  0.545     0.00     0.00     0.00     0.00     0.00 -1 -7.41e-15      0.00 7.108e-01 2.744e-01 2.654e-03 7.159e-04 6.493e-03 -1.000 1.476e-02 7.275 10.886 9.473 8.175 7.299 6.572 5.689 4.999 4.861
0.01471 0.00000 8.00000 0.6424230933 2.3477054159    0.642 -0.961  3.6295  4.677    0  0.000  0.545     0.00     0.00     0.00     0.00     0.00 -1 -7.92e-15      0.00 7.108e-01 2.744e-01 2.653e-03 7.159e-04 6.492e-03 -1.000 1.476e-02 7.174 10.676 9.263 7.998 7.145 6.464 5.608 4.926 4.800
0.01471 0.00000 8.00000 0.6499999762 2.3520353107    0.650 -0.951  3.6313  4.679    0  0.000  0.545     0.00     0.00     0.00     0.00     0.00 -1 -8.06e-15      0.00 7.108e-01 2.744e-01 2.653e-03 7.159e-04 6.492e-03 -1.000 1.475e-02 7.147 10.621 9.212 7.955 7.107 6.436 5.586 4.906 4.782
0.01471 0.00000 8.00000 0.6582319736 2.3566098858    0.658 -0.939  3.6334  4.681    0  0.000  0.545     0.00     0.00     0.00     0.00     0.00 -1 -8.19e-15      0.00 7.108e-01 2.744e-01 2.653e-03 7.158e-04 6.492e-03 -1.000 1.475e-02 7.119 10.561 9.157 7.909 7.068 6.407 5.563 4.885 4.765
0.01471 0.00000 8.00000 0.7000000477 2.3779267258    0.700 -0.842  3.6500  4.677    0  0.000  0.545     0.00     0.00     0.00     0.00     0.00 -1 -9.98e-15      0.00 7.109e-01 2.743e-01 2.653e-03 7.157e-04 6.492e-03 -1.000 1.476e-02 6.875 10.027 8.693 7.521 6.733 6.154 5.364 4.712 4.612
0.01471 0.00000 8.00000 0.7004067302 2.3781199536    0.701 -0.841  3.6502  4.677    0  0.000  0.545     0.00     0.00     0.00     0.00     0.00 -1    -1e-14      0.00 7.109e-01 2.743e-01 2.653e-03 7.157e-04 6.492e-03 -1.000 1.476e-02 6.872 10.020 8.688 7.517 6.730 6.151 5.362 4.711 4.611
0.01471 0.00000 8.00000 0.7500000000 2.3998889087    0.750 -0.697  3.6767  4.669    0  0.000  0.538     0.00     0.00     0.00     0.00     0.00 -1 -1.35e-14      0.00 7.110e-01 2.743e-01 2.618e-03 7.147e-04 6.491e-03 -1.000 1.470e-02 6.514 9.051 7.984 6.947 6.266 5.776 5.083 4.513 4.431
0.01471 0.00000 8.00000 0.8000000119 2.4187244405    0.800 -0.569  3.6961  4.647    0  0.000  0.538     0.00     0.00     0.00     0.00     0.00 -1  -1.8e-14      0.00 7.110e-01 2.743e-01 2.617e-03 7.146e-04 6.491e-03 -1.000 1.476e-02 6.193 8.321 7.453 6.505 5.897 5.452 4.825 4.314 4.242
0.01471 0.00000 8.00000 0.8485322595 2.4345872946    0.848 -0.451  3.7135  4.624    0  0.000  0.538     0.00     0.00     0.00     0.00     0.00 -1 -2.35e-14      0.00 7.111e-01 2.742e-01 2.616e-03 7.145e-04 6.490e-03 -1.000 1.469e-02 5.899 7.685 6.996 6.121 5.573 5.162 4.592 4.133 4.068
0.01471 0.00000 8.00000 0.8500000238 2.4350346840    0.850 -0.448  3.7141  4.624    0  0.000  0.538     0.00     0.00     0.00     0.00     0.00 -1 -2.37e-14      0.00 7.111e-01 2.742e-01 2.616e-03 7.145e-04 6.490e-03 -1.000 1.469e-02 5.890 7.666 6.983 6.109 5.564 5.153 4.586 4.128 4.063
0.01471 0.00000 8.00000 0.8999999762 2.4492786016    0.899 -0.334  3.7310  4.602    0  0.000  0.538     0.00     0.00     0.00     0.00     0.00 -1 -3.07e-14      0.00 7.111e-01 2.742e-01 2.616e-03 7.144e-04 6.488e-03 -1.000 1.476e-02 5.605 7.080 6.564 5.756 5.260 4.878 4.364 3.952 3.893
0.01471 0.00000 8.00000 0.9499999881 2.4618121868    0.950 -0.225  3.7460  4.577    0  0.000  0.538     0.00     0.00     0.00     0.00     0.00 -1 -3.95e-14      0.00 7.112e-01 2.741e-01 2.615e-03 7.142e-04 6.487e-03 -1.000 1.475e-02 5.333 6.552 6.182 5.435 4.983 4.626 4.156 3.781 3.729
0.01471 0.00000 8.00000 1.0236972570 2.4777442273    1.024 -0.067  3.7659  4.531    0  0.000  0.538     0.00     0.00     0.00     0.00     0.00 -1 -5.57e-14      0.00 7.114e-01 2.738e-01 2.614e-03 7.136e-04 6.482e-03 -1.000 1.473e-02 4.938 5.845 5.657 4.993 4.595 4.268 3.852 3.521 3.479
0.01471 0.00000 8.00000 1.0436547995 2.4816159457    1.043 -0.030  3.7705  4.520    0  0.000  0.538     0.00     0.00     0.00     0.00     0.00 -1 -5.92e-14      0.00 7.115e-01 2.738e-01 2.613e-03 7.136e-04 6.482e-03 -1.000 1.472e-02 4.845 5.689 5.536 4.891 4.505 4.185 3.782 3.461 3.421
0.01471 0.00000 8.00000 1.0499999523 2.4828114860    1.050 -0.018  3.7719  4.517    0  0.000  0.538     0.00     0.00     0.00     0.00     0.00 -1 -6.03e-14      0.00 7.115e-01 2.738e-01 2.613e-03 7.136e-04 6.482e-03 -1.000 1.471e-02 4.816 5.640 5.498 4.860 4.477 4.160 3.760 3.442 3.403
0.01471 0.00000 8.00000 1.1000000238 2.4916801480    1.099  0.080  3.7832  4.484    0  0.000  0.538     0.00     0.00     0.00     0.00     0.00 -1 -7.06e-14      0.00 7.117e-01 2.735e-01 2.611e-03 7.131e-04 6.476e-03 -1.000 1.476e-02 4.570 5.255 5.186 4.597 4.242 3.943 3.572 3.277 3.244
0.01471 0.00000 8.00000 1.1141220331 2.4940198146    1.113  0.111  3.7869  4.473    0  0.000  0.538     0.00     0.00     0.00     0.00     0.00 -1 -7.44e-14      0.00 7.119e-01 2.734e-01 2.610e-03 7.128e-04 6.474e-03 -1.000 1.474e-02 4.492 5.138 5.088 4.515 4.168 3.875 3.513 3.225 3.194
0.01471 0.00000 8.00000 1.1499999762 2.4996678137    1.149  0.177  3.7942  4.451    0  0.000  0.537     0.00     0.00     0.00     0.00     0.00 -1 -8.22e-14      0.00 7.121e-01 2.733e-01 2.608e-03 7.123e-04 6.470e-03 -1.000 1.464e-02 4.329 4.902 4.885 4.344 4.013 3.732 3.387 3.114 3.085
0.01471 0.00000 8.00000 1.2000000477 2.5068948796    1.200  0.267  3.8041  4.419    0  0.000  0.538     0.00     0.00     0.00     0.00     0.00 -1 -9.31e-14      0.00 7.121e-01 2.732e-01 2.609e-03 7.123e-04 6.471e-03 -1.000 1.471e-02 4.103 4.591 4.610 4.110 3.801 3.536 3.214 2.960 2.935
0.01471 0.00000 8.00000 1.2500000000 2.5134610955    1.250  0.353  3.8138  4.389    0  0.000  0.538     0.00     0.00     0.00     0.00     0.00 -1 -1.04e-13      0.00 7.122e-01 2.731e-01 2.609e-03 7.123e-04 6.470e-03 -1.000 1.471e-02 3.888 4.308 4.350 3.889 3.601 3.350 3.051 2.815 2.794
0.01471 0.00000 8.00000 1.2999999523 2.5194498592    1.300  0.434  3.8229  4.362    1  0.000  0.538     0.00     0.00     0.00     0.00     0.00 -1 -1.13e-13      0.00 7.122e-01 2.731e-01 2.608e-03 7.122e-04 6.469e-03 -1.000 1.470e-02 3.685 4.059 4.108 3.679 3.409 3.173 2.895 2.678 2.658
0.01471 0.00000 8.00000 1.3499999046 2.5249313472    1.350  0.511  3.8324  4.339    0  0.000  0.538     0.00     0.00     0.00     0.00     0.00 -1 -1.19e-13      0.00 7.122e-01 2.731e-01 2.608e-03 7.122e-04 6.470e-03 -1.000 1.469e-02 3.493 3.826 3.877 3.481 3.228 3.009 2.752 2.554 2.536
0.01471 0.00000 8.00000 1.3999999762 2.5299650300    1.400  0.583  3.8421  4.322    1  0.000  0.537     0.00     0.00     0.00     0.00     0.00 -1  -1.2e-13      0.00 7.123e-01 2.731e-01 2.608e-03 7.122e-04 6.469e-03 -1.000 1.463e-02 3.312 3.613 3.659 3.293 3.060 2.857 2.623 2.444 2.427
0.01471 0.00000 8.00000 1.4500000477 2.5346015836    1.450  0.651  3.8530  4.312    1  0.000  0.538     0.00     0.00     0.00     0.00     0.00 -1 -1.17e-13      0.00 7.123e-01 2.730e-01 2.608e-03 7.121e-04 6.468e-03 -1.000 1.472e-02 3.141 3.413 3.451 3.117 2.905 2.721 2.511 2.353 2.337
0.01471 0.00000 8.00000 1.5000000000 2.5388844597    1.500  0.718  3.8655  4.310    1  0.000  0.537     0.00     0.00     0.00     0.00     0.00 -1 -1.07e-13      0.00 7.124e-01 2.729e-01 2.607e-03 7.120e-04 6.467e-03 -1.000 1.470e-02 2.976 3.221 3.246 2.947 2.759 2.597 2.414 2.279 2.265
0.01471 0.00000 8.00000 1.5499999523 2.5428511323    1.550  0.780  3.8789  4.315    1  0.000  0.538     0.00     0.00     0.00     0.00     0.00 -1 -9.08e-14      0.00 7.124e-01 2.728e-01 2.607e-03 7.118e-04 6.466e-03 -1.000 1.472e-02 2.819 3.043 3.052 2.787 2.626 2.488 2.333 2.221 2.209
0.01471 0.00000 8.00000 1.6000000238 2.5465340628    1.600  0.842  3.8922  4.321    1  0.000  0.538     0.00     0.00     0.00     0.00     0.00 -1 -6.82e-14      0.00 7.125e-01 2.728e-01 2.606e-03 7.117e-04 6.465e-03 -1.000 1.471e-02 2.666 2.873 2.865 2.633 2.499 2.385 2.256 2.167 2.156
0.01471 0.00000 8.00000 1.6406339407 2.5493377196    1.640  0.889  3.9023  4.325    1  0.000  0.538     0.00     0.00     0.00     0.00     0.00 -1 -4.25e-14      0.00 7.125e-01 2.728e-01 2.606e-03 7.116e-04 6.464e-03 -1.000 1.470e-02 2.548 2.745 2.724 2.519 2.404 2.308 2.199 2.125 2.115
0.01471 0.00000 8.00000 1.6500000954 2.5499614852    1.649  0.900  3.9046  4.326    1  0.000  0.538     0.00     0.00     0.00     0.00     0.00 -1 -3.82e-14      0.00 7.125e-01 2.728e-01 2.606e-03 7.116e-04 6.464e-03 -1.000 1.469e-02 2.521 2.716 2.693 2.493 2.383 2.291 2.186 2.116 2.106
0.01471 0.00000 8.00000 1.7000000477 2.5531580802    1.699  0.956  3.9165  4.331    1  0.000  0.537     0.00     0.00     0.00     0.00     0.00 -1    -1e-30      0.00 7.126e-01 2.727e-01 2.605e-03 7.115e-04 6.463e-03 -1.000 1.468e-02 2.381 2.565 2.530 2.362 2.275 2.203 2.119 2.066 2.056
0.01471 0.00000 8.00000 1.7500000000 2.5561455243    1.749  1.009  3.9277  4.334    1  0.000  0.537     0.00     0.00     0.00     0.00     0.00 -1    -1e-30      0.00 7.126e-01 2.727e-01 2.605e-03 7.114e-04 6.462e-03 -1.000 1.473e-02 2.247 2.422 2.379 2.242 2.175 2.120 2.055 2.016 2.007
0.01471 0.00000 8.00000 1.7865247726 2.5582067163    1.785  1.047  3.9354  4.336    1  0.000  0.537     0.00     0.00     0.00     0.00     0.00 -1    -1e-30      0.00 7.127e-01 2.726e-01 2.605e-03 7.113e-04 6.462e-03 -1.000 1.469e-02 2.152 2.321 2.278 2.161 2.107 2.063 2.010 1.978 1.970
0.01471 0.00000 8.00000 1.7999998331 2.5589429021    1.799  1.061  3.9382  4.336    1  0.000  0.538     0.00     0.00     0.00     0.00     0.00 -1    -1e-30      0.00 7.127e-01 2.726e-01 2.605e-03 7.113e-04 6.462e-03 -1.000 1.467e-02 2.117 2.284 2.242 2.133 2.082 2.042 1.993 1.964 1.957
0.01471 0.00000 8.00000 1.8499999046 2.5615671142    1.849  1.111  3.9480  4.338    1  0.000  0.537     0.00     0.00     0.00     0.00     0.00 -1    -1e-30      0.00 7.128e-01 2.726e-01 2.604e-03 7.113e-04 6.460e-03 -1.000 1.466e-02 1.993 2.152 2.120 2.033 1.997 1.968 1.934 1.913 1.907
0.01471 0.00000 8.00000 1.8999999762 2.5640331260    1.899  1.159  3.9571  4.338    1  0.000  0.537     0.00     0.00     0.00     0.00     0.00 -1    -1e-30      0.00 7.127e-01 2.726e-01 2.604e-03 7.112e-04 6.460e-03 -1.000 1.466e-02 1.873 2.026 2.007 1.940 1.914 1.896 1.874 1.861 1.856
0.01471 0.00000 8.00000 1.9500000477 2.5663542714    1.950  1.206  3.9657  4.337    1  0.000  0.538     0.00     0.00     0.00     0.00     0.00 -1    -1e-30      0.00 7.128e-01 2.725e-01 2.604e-03 7.111e-04 6.459e-03 -1.000 1.467e-02 1.756 1.905 1.903 1.853 1.836 1.826 1.816 1.808 1.806
0.01471 0.00000 8.00000 2.0000000000 2.5685424513    2.000  1.251  3.9739  4.336    1  0.000  0.537     0.00     0.00     0.00     0.00     0.00 -1    -1e-30      0.00 7.128e-01 2.725e-01 2.604e-03 7.111e-04 6.459e-03 -1.000 1.469e-02 1.643 1.791 1.807 1.771 1.762 1.759 1.759 1.756 1.755
0.01471 0.00000 8.00000 2.0499999523 2.5706083333    2.050  1.295  3.9817  4.334    1  0.000  0.537     0.00     0.00     0.00     0.00     0.00 -1    -1e-30      0.00 7.128e-01 2.725e-01 2.604e-03 7.110e-04 6.459e-03 -1.000 1.473e-02 1.533 1.682 1.715 1.693 1.690 1.694 1.703 1.704 1.705
0.01471 0.00000 8.00000 2.0999999046 2.5725614918    2.099  1.338  3.9891  4.331    1  0.000  0.537     0.00     0.00     0.00     0.00     0.00 -1    -1e-30      0.00 7.129e-01 2.725e-01 2.603e-03 7.110e-04 6.458e-03 -1.000 1.465e-02 1.426 1.577 1.628 1.618 1.620 1.629 1.647 1.652 1.655
0.01471 0.00000 8.00000 2.1470744610 2.5743050875    2.146  1.377  3.9957  4.328    1  0.000  0.537     0.00     0.00     0.00     0.00     0.00 -1    -1e-30      0.00 7.129e-01 2.724e-01 2.603e-03 7.109e-04 6.458e-03 -1.000 1.466e-02 1.328 1.481 1.551 1.551 1.556 1.570 1.595 1.603 1.608
0.01471 0.00000 8.00000 2.1500000954 2.5744105556    2.149  1.379  3.9961  4.327    1  0.000  0.537     0.00     0.00     0.00     0.00     0.00 -1    -1e-30      0.00 7.129e-01 2.724e-01 2.603e-03 7.109e-04 6.458e-03 -1.000 1.466e-02 1.322 1.475 1.546 1.546 1.552 1.566 1.592 1.600 1.605
0.01471 0.00000 8.00000 2.2000000477 2.5761632879    2.199  1.420  4.0030  4.324    1  0.000  0.538     0.00     0.00     0.00     0.00     0.00 -1    -1e-30      0.00 7.129e-01 2.724e-01 2.603e-03 7.109e-04 6.458e-03 -1.000 1.471e-02 1.220 1.376 1.466 1.476 1.486 1.504 1.538 1.548 1.555
0.01471 0.00000 8.00000 2.2500000000 2.5778267375    2.249  1.460  4.0095  4.320    1  0.000  0.538     0.00     0.00     0.00     0.00     0.00 -1    -1e-30      0.00 7.129e-01 2.724e-01 2.603e-03 7.109e-04 6.457e-03 -1.000 1.468e-02 1.120 1.280 1.388 1.408 1.421 1.442 1.483 1.497 1.505
0.01471 0.00000 8.00000 2.2999999523 2.5794072884    2.299  1.499  4.0158  4.316    1  0.000  0.537     0.00     0.00     0.00     0.00     0.00 -1    -1e-30      0.00 7.129e-01 2.724e-01 2.603e-03 7.108e-04 6.457e-03 -1.000 1.466e-02 1.023 1.186 1.314 1.341 1.357 1.382 1.430 1.446 1.456
0.01471 0.00000 8.00000 2.3050634861 2.5795629606    2.304  1.503  4.0165  4.315    1  0.000  0.537     0.00     0.00     0.00     0.00     0.00 -1    -1e-30      0.00 7.129e-01 2.724e-01 2.603e-03 7.108e-04 6.457e-03 -1.000 1.466e-02 1.013 1.177 1.306 1.334 1.351 1.376 1.425 1.441 1.451
0.01471 0.00000 8.00000 2.4000000954 2.5823423892    2.399  1.575  4.0280  4.307    1  0.000  0.537     0.00     0.00     0.00     0.00     0.00 -1    -1e-30      0.00 7.130e-01 2.724e-01 2.603e-03 7.108e-04 6.457e-03 -1.000 1.467e-02 0.833 1.006 1.171 1.212 1.233 1.264 1.325 1.345 1.359
0.01471 0.00000 8.00000 2.5057764053 2.5851556810    2.505  1.651  4.0400  4.298    1  0.000  0.538     0.00     0.00     0.00     0.00     0.00 -1    -1e-30      0.00 7.119e-01 2.734e-01 2.611e-03 7.130e-04 6.476e-03 -1.000 1.472e-02 0.642 0.825 1.028 1.081 1.106 1.143 1.217 1.240 1.257
0.01471 0.00000 8.00000 2.5999999046 2.5874412955    2.600  1.718  4.0503  4.289    1  0.000  0.538     0.00     0.00     0.00     0.00     0.00 -1    -1e-30      0.00 7.107e-01 2.745e-01 2.620e-03 7.154e-04 6.497e-03 -1.000 1.476e-02 0.476 0.670 0.906 0.968 0.996 1.037 1.122 1.148 1.168
0.01471 0.00000 8.00000 2.7854900360 2.5914256105    2.786  1.842  4.0689  4.268    1  0.000  0.538     0.00     0.00     0.00     0.00     0.00 -1    -1e-30      0.00 7.107e-01 2.745e-01 2.620e-03 7.154e-04 6.497e-03 -1.000 1.476e-02 0.164 0.382 0.678 0.754 0.787 0.835 0.938 0.970 0.995
0.01471 0.00000 8.00000 2.7999999523 2.5917117820    2.800  1.852  4.0703  4.267    1  0.000  0.538     0.00     0.00     0.00     0.00     0.00 -1    -1e-30      0.00 7.107e-01 2.745e-01 2.620e-03 7.154e-04 6.497e-03 -1.000 1.476e-02 0.141 0.360 0.660 0.738 0.771 0.819 0.924 0.956 0.981
0.01471 0.00000 8.00000 2.9223275185 2.5939950504    2.923  1.930  4.0816  4.253    1  0.000  0.538     0.00     0.00     0.00     0.00     0.00 -1    -1e-30      0.00 7.107e-01 2.745e-01 2.620e-03 7.154e-04 6.497e-03 -1.000 1.476e-02 -0.054 0.182 0.519 0.604 0.639 0.691 0.806 0.842 0.869
0.01471 0.00000 8.00000 3.0000000000 2.5953341962    3.000  1.978  4.0885  4.243    1  0.000  0.538     0.00     0.00     0.00     0.00     0.00 -1    -1e-30      0.00 7.107e-01 2.745e-01 2.620e-03 7.154e-04 6.497e-03 -1.000 1.476e-02 -0.175 0.073 0.430 0.520 0.557 0.611 0.733 0.770 0.799
0.01471 0.00000 8.00000 3.0670003891 2.5964269009    3.067  2.019  4.0941  4.235    1  0.000  0.538     0.00     0.00     0.00     0.00     0.00 -1    -1e-30      0.00 7.107e-01 2.745e-01 2.620e-03 7.154e-04 6.497e-03 -1.000 1.476e-02 -0.277 -0.019 0.356 0.449 0.487 0.543 0.670 0.708 0.738
0.01471 0.00000 8.00000 3.2000000477 2.5984409005    3.199  2.099  4.1048  4.216    1  0.000  0.538     0.00     0.00     0.00     0.00     0.00 -1    -1e-30      0.00 7.107e-01 2.745e-01 2.620e-03 7.154e-04 6.497e-03 -1.000 1.476e-02 -0.476 -0.198 0.208 0.307 0.348 0.407 0.543 0.584 0.617
0.01471 0.00000 8.00000 3.2661247253 2.5993723051    3.265  2.137  4.1098  4.206    1  0.000  0.538     0.00     0.00     0.00     0.00     0.00 -1    -1e-30      0.00 7.107e-01 2.745e-01 2.620e-03 7.154e-04 6.497e-03 -1.000 1.476e-02 -0.573 -0.285 0.136 0.238 0.280 0.341 0.481 0.523 0.557
0.01471 0.00000 8.00000 3.3818168640 2.6009015902    3.380  2.204  4.1183  4.188    1  0.000  0.538     0.00     0.00     0.00     0.00     0.00 -1    -1e-30      0.00 7.107e-01 2.745e-01 2.620e-03 7.154e-04 6.497e-03 -1.000 1.476e-02 -0.740 -0.433 0.012 0.119 0.162 0.226 0.373 0.417 0.452
0.01471 0.00000 8.00000 3.4000000954 2.6011310876    3.398  2.215  4.1195  4.185    1  0.000  0.538     0.00     0.00     0.00     0.00     0.00 -1    -1e-30      0.00 7.107e-01 2.745e-01 2.620e-03 7.154e-04 6.497e-03 -1.000 1.476e-02 -0.766 -0.456 -0.008 0.100 0.143 0.208 0.356 0.400 0.436
0.01471 0.00000 8.00000 3.4408161640 2.6016360991    3.439  2.237  4.1224  4.179    1  0.000  0.538     0.00     0.00     0.00     0.00     0.00 -1    -1e-30      0.00 7.107e-01 2.745e-01 2.620e-03 7.154e-04 6.497e-03 -1.000 1.476e-02 -0.824 -0.506 -0.051 0.059 0.103 0.168 0.318 0.363 0.399
0.01471 0.00000 8.00000 3.5434710979 2.6028473008    3.541  2.295  4.1292  4.161    1  0.000  0.538     0.00     0.00     0.00     0.00     0.00 -1    -1e-30      0.00 7.107e-01 2.745e-01 2.620e-03 7.154e-04 6.497e-03 -1.000 1.476e-02 -0.967 -0.632 -0.159 -0.046 -0.000 0.067 0.223 0.269 0.306
0.01471 0.00000 8.00000 3.5999999046 2.6034804580    3.598  2.326  4.1327  4.151    1  0.000  0.538     0.00     0.00     0.00     0.00     0.00 -1    -1e-30      0.00 7.107e-01 2.745e-01 2.620e-03 7.154e-04 6.497e-03 -1.000 1.476e-02 -1.045 -0.702 -0.219 -0.104 -0.058 0.011 0.169 0.216 0.254
0.01471 0.00000 8.00000 3.7141757011 2.6046919661    3.712  2.388  4.1395  4.129    1  0.000  0.538     0.00     0.00     0.00     0.00     0.00 -1    -1e-30      0.00 7.107e-01 2.745e-01 2.620e-03 7.154e-04 6.497e-03 -1.000 1.476e-02 -1.200 -0.841 -0.340 -0.221 -0.173 -0.103 0.061 0.110 0.149
0.01471 0.00000 8.00000 3.7999999523 2.6055477288    3.798  2.435  4.1442  4.112    1  0.000  0.538     0.00     0.00     0.00     0.00     0.00 -1    -1e-30      0.00 7.107e-01 2.745e-01 2.620e-03 7.154e-04 6.497e-03 -1.000 1.476e-02 -1.317 -0.945 -0.432 -0.310 -0.262 -0.190 -0.022 0.027 0.068
0.01471 0.00000 8.00000 3.8424263000 2.6059545648    3.841  2.457  4.1464  4.103    1  0.000  0.538     0.00     0.00     0.00     0.00     0.00 -1    -1e-30      0.00 7.107e-01 2.745e-01 2.620e-03 7.154e-04 6.497e-03 -1.000 1.476e-02 -1.373 -0.996 -0.477 -0.354 -0.305 -0.232 -0.063 -0.013 0.028
0.01471 0.00000 8.00000 3.9661476612 2.6070840132    3.966  2.524  4.1522  4.073    1  0.000  0.538     0.00     0.00     0.00     0.00     0.00 -1    -1e-30      0.00 7.107e-01 2.745e-01 2.620e-03 7.154e-04 6.497e-03 -1.000 1.476e-02 -1.540 -1.148 -0.615 -0.487 -0.437 -0.363 -0.189 -0.138 -0.097
0.01471 0.00000 8.00000 4.0000000000 2.6073790840    4.001  2.542  4.1536  4.064    1  0.000  0.538     0.00     0.00     0.00     0.00     0.00 -1    -1e-30      0.00 7.107e-01 2.745e-01 2.620e-03 7.154e-04 6.497e-03 -1.000 1.476e-02 -1.586 -1.190 -0.653 -0.525 -0.474 -0.400 -0.225 -0.174 -0.132
0.01471 0.00000 8.00000 4.0784993172 2.6080416908    4.078  2.584  4.1566  4.043    1  0.000  0.538     0.00     0.00     0.00     0.00     0.00 -1    -1e-30      0.00 7.107e-01 2.745e-01 2.620e-03 7.154e-04 6.497e-03 -1.000 1.476e-02 -1.690 -1.286 -0.741 -0.611 -0.560 -0.485 -0.308 -0.256 -0.213
0.01471 0.00000 8.00000 4.1807775497 2.6088622304    4.179  2.638  4.1600  4.013    1  0.000  0.538     0.00     0.00     0.00     0.00     0.00 -1    -1e-30      0.00 7.107e-01 2.745e-01 2.620e-03 7.154e-04 6.497e-03 -1.000 1.476e-02 -1.825 -1.413 -0.860 -0.727 -0.676 -0.599 -0.420 -0.367 -0.324
0.01471 0.00000 8.00000 4.1999998093 2.6090113217    4.198  2.648  4.1605  4.007    1  0.000  0.538     0.00     0.00     0.00     0.00     0.00 -1    -1e-30      0.00 7.107e-01 2.745e-01 2.620e-03 7.154e-04 6.497e-03 -1.000 1.476e-02 -1.851 -1.437 -0.883 -0.750 -0.698 -0.622 -0.442 -0.389 -0.346
0.01471 0.00000 8.00000 4.2509932518 2.6093993338    4.249  2.675  4.1619  3.990    1  0.000  0.538     0.00     0.00     0.00     0.00     0.00 -1    -1e-30      0.00 7.107e-01 2.745e-01 2.620e-03 7.154e-04 6.497e-03 -1.000 1.476e-02 -1.918 -1.501 -0.943 -0.809 -0.757 -0.681 -0.500 -0.447 -0.403
0.01471 0.00000 8.00000 4.3314595222 2.6099902891    4.329  2.719  4.1632  3.961    1  0.000  0.538     0.00     0.00     0.00     0.00     0.00 -1    -1e-30      0.00 7.107e-01 2.745e-01 2.620e-03 7.154e-04 6.497e-03 -1.000 1.476e-02 -2.026 -1.607 -1.044 -0.909 -0.857 -0.780 -0.598 -0.545 -0.501
0.01471 0.00000 8.00000 4.4000000954 2.6104741055    4.397  2.756  4.1639  3.933    1  0.000  0.538     0.00     0.00     0.00     0.00     0.00 -1    -1e-30      0.00 7.107e-01 2.745e-01 2.620e-03 7.154e-04 6.497e-03 -1.000 1.476e-02 -2.119 -1.700 -1.135 -0.999 -0.947 -0.869 -0.687 -0.634 -0.589
0.01471 0.00000 8.00000 4.4010009766 2.6104810423    4.398  2.756  4.1639  3.933    1  0.000  0.538     0.00     0.00     0.00     0.00     0.00 -1    -1e-30      0.00 7.107e-01 2.745e-01 2.620e-03 7.154e-04 6.497e-03 -1.000 1.476e-02 -2.120 -1.701 -1.136 -1.000 -0.948 -0.871 -0.688 -0.635 -0.591
0.01471 0.00000 8.00000 4.5065407753 2.6111926637    4.504  2.813  4.1639  3.886    1  0.000  0.538     0.00     0.00     0.00     0.00     0.00 -1    -1e-30      0.00 7.107e-01 2.745e-01 2.620e-03 7.154e-04 6.497e-03 -1.000 1.476e-02 -2.263 -1.847 -1.279 -1.143 -1.091 -1.014 -0.831 -0.778 -0.733
0.01471 0.00000 8.00000 4.5875558853 2.6117134522    4.584  2.858  4.1626  3.844    1  0.000  0.538     0.00     0.00     0.00     0.00     0.00 -1    -1e-30      0.00 7.107e-01 2.745e-01 2.620e-03 7.154e-04 6.497e-03 -1.000 1.476e-02 -2.374 -1.965 -1.398 -1.261 -1.210 -1.133 -0.951 -0.899 -0.854
0.01471 0.00000 8.00000 4.5999999046 2.6117915791    4.597  2.864  4.1622  3.837    1  0.000  0.538     0.00     0.00     0.00     0.00     0.00 -1    -1e-30      0.00 7.107e-01 2.745e-01 2.620e-03 7.154e-04 6.497e-03 -1.000 1.476e-02 -2.391 -1.984 -1.418 -1.281 -1.230 -1.153 -0.972 -0.919 -0.875
0.01471 0.00000 8.00000 4.6612281799 2.6121690096    4.659  2.898  4.1600  3.800    1  0.000  0.538     0.00     0.00     0.00     0.00     0.00 -1    -1e-30      0.00 7.107e-01 2.745e-01 2.620e-03 7.154e-04 6.497e-03 -1.000 1.476e-02 -2.476 -2.078 -1.515 -1.379 -1.328 -1.253 -1.072 -1.020 -0.977
0.01471 0.00000 8.00000 4.7466464043 2.6126768931    4.744  2.946  4.1553  3.742    1  0.000  0.538     0.00     0.00     0.00     0.00     0.00 -1    -1e-30      0.00 7.107e-01 2.745e-01 2.620e-03 7.154e-04 6.497e-03 -1.000 1.476e-02 -2.594 -2.216 -1.660 -1.525 -1.476 -1.402 -1.225 -1.174 -1.131
0.01471 0.00000 8.00000 4.8000001907 2.6129836005    4.798  2.976  4.1508  3.698    1  0.000  0.538     0.00     0.00     0.00     0.00     0.00 -1    -1e-30      0.00 7.107e-01 2.745e-01 2.620e-03 7.154e-04 6.497e-03 -1.000 1.476e-02 -2.671 -2.310 -1.761 -1.628 -1.580 -1.508 -1.334 -1.284 -1.242
0.01471 0.00000 8.00000 4.8195066452 2.6130937869    4.818  2.987  4.1491  3.682    1  0.000  0.538     0.00     0.00     0.00     0.00     0.00 -1    -1e-30      0.00 7.107e-01 2.745e-01 2.620e-03 7.154e-04 6.497e-03 -1.000 1.476e-02 -2.698 -2.344 -1.798 -1.666 -1.618 -1.547 -1.374 -1.324 -1.282
0.01471 0.00000 8.00000 4.8799676895 2.6134288872    4.878  3.023  4.1421  3.624    1  0.000  0.538     0.00     0.00     0.00     0.00     0.00 -1    -1e-30      0.00 7.107e-01 2.745e-01 2.620e-03 7.154e-04 6.497e-03 -1.000 1.476e-02 -2.786 -2.457 -1.925 -1.795 -1.749 -1.680 -1.513 -1.465 -1.424
0.01471 0.00000 8.00000 4.9364042282 2.6137331788    4.935  3.056  4.1343  3.564    1  0.000  0.538     0.00     0.00     0.00     0.00     0.00 -1    -1e-30      0.00 7.107e-01 2.745e-01 2.620e-03 7.154e-04 6.497e-03 -1.000 1.476e-02 -2.870 -2.567 -2.050 -1.923 -1.880 -1.813 -1.652 -1.606 -1.566
0.01471 0.00000 8.00000 4.9836487770 2.6139818244    4.982  3.086  4.1259  3.506    1  0.000  0.538     0.00     0.00     0.00     0.00     0.00 -1    -1e-30      0.00 7.107e-01 2.745e-01 2.620e-03 7.154e-04 6.497e-03 -1.000 1.476e-02 -2.944 -2.668 -2.169 -2.044 -2.004 -1.940 -1.785 -1.741 -1.703
0.01471 0.00000 8.00000 5.0000000000 2.6140666223    4.999  3.097  4.1239  3.487    1  0.000  0.538     0.00     0.00     0.00     0.00     0.00 -1    -1e-30      0.00 7.107e-01 2.745e-01 2.620e-03 7.154e-04 6.497e-03 -1.000 1.476e-02 -2.973 -2.705 -2.209 -2.085 -2.045 -1.983 -1.829 -1.786 -1.747
0.01471 0.00000 8.00000 5.0362086296 2.6142521496    5.035  3.123  4.1194  3.446    1  0.000  0.538     0.00     0.00     0.00     0.00     0.00 -1    -1e-30      0.00 7.107e-01 2.745e-01 2.620e-03 7.154e-04 6.497e-03 -1.000 1.476e-02 -3.038 -2.785 -2.297 -2.176 -2.137 -2.076 -1.925 -1.884 -1.846
0.01471 0.00000 8.00000 5.0380892754 2.6142617019    5.037  3.125  4.1192  3.444    1  0.000  0.538     0.00     0.00     0.00     0.00     0.00 -1    -1e-30      0.00 7.107e-01 2.745e-01 2.620e-03 7.154e-04 6.497e-03 -1.000 1.476e-02 -3.041 -2.789 -2.302 -2.180 -2.141 -2.081 -1.930 -1.888 -1.851
0.01471 0.00000 8.00000 5.0452866554 2.6142981840    5.044  3.134  4.1225  3.449    1  0.000  0.538     0.00     0.00     0.00     0.00     0.00 -1    -1e-30      0.00 7.107e-01 2.745e-01 2.620e-03 7.154e-04 6.497e-03 -1.000 1.476e-02 -3.064 -2.802 -2.307 -2.184 -2.144 -2.082 -1.929 -1.887 -1.848
0.01471 0.00000 8.00000 5.0621008873 2.6143829473    5.061  3.157  4.1327  3.468    1  0.000  0.538     0.00     0.00     0.00     0.00     0.00 -1    -1e-30      0.00 7.107e-01 2.745e-01 2.620e-03 7.154e-04 6.497e-03 -1.000 1.476e-02 -3.122 -2.830 -2.312 -2.184 -2.142 -2.077 -1.916 -1.871 -1.831
0.01471 0.00000 8.00000 5.0667004585 2.6144060218    5.066  3.172  4.1434  3.496    1  0.000  0.538     0.00     0.00     0.00     0.00     0.00 -1    -1e-30      0.00 7.107e-01 2.745e-01 2.620e-03 7.154e-04 6.497e-03 -1.000 1.476e-02 -3.160 -2.835 -2.294 -2.161 -2.116 -2.047 -1.878 -1.830 -1.788
0.01471 0.00000 8.00000 5.0687646866 2.6144163617    5.068  3.187  4.1539  3.524    1  0.000  0.538     0.00     0.00     0.00     0.00     0.00 -1    -1e-30      0.00 7.107e-01 2.745e-01 2.620e-03 7.154e-04 6.497e-03 -1.000 1.476e-02 -3.197 -2.838 -2.274 -2.137 -2.089 -2.017 -1.840 -1.790 -1.746
0.01471 0.00000 8.00000 5.0698776245 2.6144219325    5.069  3.204  4.1646  3.549    1  0.000  0.538     0.00     0.00     0.00     0.00     0.00 -1    -1e-30      0.00 7.107e-01 2.745e-01 2.620e-03 7.154e-04 6.497e-03 -1.000 1.476e-02 -3.240 -2.846 -2.260 -2.118 -2.067 -1.992 -1.807 -1.755 -1.709
0.01471 0.00000 8.00000 5.0704975128 2.6144250341    5.070  3.221  4.1737  3.569    1  0.000  0.538     0.00     0.00     0.00     0.00     0.00 -1    -1e-30      0.00 7.107e-01 2.745e-01 2.620e-03 7.154e-04 6.497e-03 -1.000 1.476e-02 -3.283 -2.858 -2.254 -2.108 -2.055 -1.976 -1.785 -1.730 -1.684
0.01471 0.00000 8.00000 5.0708436966 2.6144267659    5.070  3.231  4.1790  3.580    1  0.000  0.538     0.00     0.00     0.00     0.00     0.00 -1    -1e-30      0.00 7.107e-01 2.745e-01 2.620e-03 7.154e-04 6.497e-03 -1.000 1.476e-02 -3.308 -2.865 -2.250 -2.101 -2.047 -1.966 -1.772 -1.716 -1.668
0.01471 0.00000 8.00000 5.0710239410 2.6144276674    5.070  3.213  4.1744  3.579    2  0.000  0.538     0.00     0.00     0.00     0.00     0.00 -1    -1e-30      0.00 7.107e-01 2.745e-01 2.620e-03 7.154e-04 6.497e-03 -1.000 1.476e-02 -3.264 -2.835 -2.230 -2.084 -2.031 -1.952 -1.760 -1.706 -1.659
0.01471 0.00000 8.00000 5.0711846352 2.6144284711    5.071  3.191  4.1662  3.569    2  0.000  0.538     0.00     0.00     0.00     0.00     0.00 -1    -1e-30      0.00 7.107e-01 2.745e-01 2.620e-03 7.154e-04 6.497e-03 -1.000 1.476e-02 -3.208 -2.807 -2.219 -2.076 -2.025 -1.948 -1.763 -1.710 -1.665
0.01471 0.00000 8.00000 5.0713305473 2.6144292008    5.071  3.177  4.1570  3.546    2  0.000  0.538     0.00     0.00     0.00     0.00     0.00 -1    -1e-30      0.00 7.107e-01 2.745e-01 2.620e-03 7.154e-04 6.497e-03 -1.000 1.476e-02 -3.172 -2.802 -2.233 -2.094 -2.045 -1.972 -1.793 -1.742 -1.698
0.01471 0.00000 8.00000 5.0715098381 2.6144300974    5.071  3.172  4.1452  3.504    2  0.000  0.538     0.00     0.00     0.00     0.00     0.00 -1    -1e-30      0.00 7.107e-01 2.745e-01 2.620e-03 7.154e-04 6.497e-03 -1.000 1.476e-02 -3.159 -2.829 -2.283 -2.150 -2.104 -2.035 -1.864 -1.816 -1.774
0.01471 0.00000 8.00000 5.0716986656 2.6144310416    5.071  3.179  4.1336  3.450    2  0.000  0.538     0.00     0.00     0.00     0.00     0.00 -1    -1e-30      0.00 7.107e-01 2.745e-01 2.620e-03 7.154e-04 6.497e-03 -1.000 1.476e-02 -3.178 -2.885 -2.363 -2.235 -2.193 -2.127 -1.965 -1.920 -1.880
0.01471 0.00000 8.00000 5.0719032288 2.6144320644    5.071  3.192  4.1218  3.391    2  0.000  0.538     0.00     0.00     0.00     0.00     0.00 -1    -1e-30      0.00 7.107e-01 2.745e-01 2.620e-03 7.154e-04 6.497e-03 -1.000 1.476e-02 -3.209 -2.953 -2.456 -2.333 -2.294 -2.233 -2.080 -2.038 -2.000
0.01471 0.00000 8.00000 5.0721187592 2.6144331419    5.071  3.203  4.1100  3.332    2  0.000  0.538     0.00     0.00     0.00     0.00     0.00 -1    -1e-30      0.00 7.107e-01 2.745e-01 2.620e-03 7.154e-04 6.497e-03 -1.000 1.476e-02 -3.237 -3.018 -2.546 -2.428 -2.392 -2.336 -2.192 -2.153 -2.116
0.01471 0.00000 8.00000 5.0723428726 2.6144342622    5.072  3.211  4.0982  3.276    2  0.000  0.538     0.00     0.00     0.00     0.00     0.00 -1    -1e-30      0.00 7.107e-01 2.745e-01 2.620e-03 7.154e-04 6.497e-03 -1.000 1.476e-02 -3.259 -3.072 -2.627 -2.515 -2.482 -2.430 -2.296 -2.260 -2.225
0.01471 0.00000 8.00000 5.0725708008 2.6144354015    5.072  3.217  4.0863  3.223    2  0.000  0.538     0.00     0.00     0.00     0.00     0.00 -1    -1e-30      0.00 7.107e-01 2.745e-01 2.620e-03 7.154e-04 6.497e-03 -1.000 1.476e-02 -3.273 -3.116 -2.701 -2.593 -2.564 -2.516 -2.392 -2.359 -2.327
0.01471 0.00000 8.00000 5.0728001595 2.6144365478    5.072  3.221  4.0744  3.172    2  0.000  0.538     0.00     0.00     0.00     0.00     0.00 -1    -1e-30      0.00 7.107e-01 2.745e-01 2.620e-03 7.154e-04 6.497e-03 -1.000 1.476e-02 -3.282 -3.152 -2.768 -2.666 -2.640 -2.597 -2.483 -2.453 -2.423
0.01471 0.00000 8.00000 5.0730295181 2.6144376940    5.072  3.223  4.0625  3.122    2  0.000  0.538     0.00     0.00     0.00     0.00     0.00 -1    -1e-30      0.00 7.107e-01 2.745e-01 2.620e-03 7.154e-04 6.497e-03 -1.000 1.476e-02 -3.287 -3.181 -2.830 -2.733 -2.710 -2.672 -2.569 -2.543 -2.515
0.01471 0.00000 8.00000 5.0732555389 2.6144388234    5.073  3.223  4.0505  3.074    2  0.000  0.538     0.00     0.00     0.00     0.00     0.00 -1    -1e-30      0.00 7.107e-01 2.745e-01 2.620e-03 7.154e-04 6.497e-03 -1.000 1.476e-02 -3.289 -3.204 -2.887 -2.796 -2.776 -2.742 -2.651 -2.629 -2.603
0.01471 0.00000 8.00000 5.0734772682 2.6144399312    5.073  3.223  4.0385  3.026    2  0.000  0.538     0.00     0.00     0.00     0.00     0.00 -1    -1e-30      0.00 7.107e-01 2.745e-01 2.620e-03 7.154e-04 6.497e-03 -1.000 1.476e-02 -3.288 -3.221 -2.941 -2.855 -2.838 -2.809 -2.731 -2.712 -2.688
0.01471 0.00000 8.00000 5.0736918449 2.6144410032    5.073  3.222  4.0265  2.980    2  0.000  0.538     0.00     0.00     0.00     0.00     0.00 -1    -1e-30      0.00 7.107e-01 2.745e-01 2.620e-03 7.154e-04 6.497e-03 -1.000 1.476e-02 -3.284 -3.233 -2.990 -2.911 -2.897 -2.873 -2.807 -2.792 -2.771
0.01471 0.00000 8.00000 5.0738992691 2.6144420393    5.073  3.220  4.0145  2.934    2  0.000  0.538     0.00     0.00     0.00     0.00     0.00 -1    -1e-30      0.00 7.107e-01 2.745e-01 2.620e-03 7.154e-04 6.497e-03 -1.000 1.476e-02 -3.279 -3.240 -3.034 -2.962 -2.952 -2.934 -2.881 -2.871 -2.853
0.01471 0.00000 8.00000 5.0740981102 2.6144430325    5.073  3.217  4.0025  2.888    2  0.000  0.538     0.00     0.00     0.00     0.00     0.00 -1    -1e-30      0.00 7.107e-01 2.745e-01 2.620e-03 7.154e-04 6.497e-03 -1.000 1.476e-02 -3.272 -3.242 -3.075 -3.011 -3.004 -2.992 -2.953 -2.947 -2.932
0.01471 0.00000 8.00000 5.0742888451 2.6144439851    5.074  3.213  3.9904  2.844    2  0.000  0.538     0.00     0.00     0.00     0.00     0.00 -1    -1e-30      0.00 7.107e-01 2.745e-01 2.620e-03 7.154e-04 6.497e-03 -1.000 1.476e-02 -3.263 -3.240 -3.112 -3.056 -3.053 -3.047 -3.024 -3.022 -3.011
0.01471 0.00000 8.00000 5.0744700432 2.6144448900    5.074  3.209  3.9784  2.800    2  0.000  0.538     0.00     0.00     0.00     0.00     0.00 -1    -1e-30      0.00 7.107e-01 2.745e-01 2.620e-03 7.154e-04 6.497e-03 -1.000 1.476e-02 -3.253 -3.232 -3.144 -3.098 -3.100 -3.100 -3.092 -3.096 -3.088
0.01471 0.00000 8.00000 5.0746431351 2.6144457544    5.074  3.205  3.9663  2.756    2  0.000  0.538     0.00     0.00     0.00     0.00     0.00 -1    -1e-30      0.00 7.107e-01 2.745e-01 2.620e-03 7.154e-04 6.497e-03 -1.000 1.476e-02 -3.241 -3.218 -3.170 -3.136 -3.144 -3.151 -3.160 -3.169 -3.165
0.01471 0.00000 8.00000 5.0748076439 2.6144465758    5.074  3.199  3.9543  2.713    2  0.000  0.538     0.00     0.00     0.00     0.00     0.00 -1    -1e-30      0.00 7.107e-01 2.745e-01 2.620e-03 7.154e-04 6.497e-03 -1.000 1.476e-02 -3.229 -3.198 -3.191 -3.170 -3.184 -3.200 -3.226 -3.241 -3.241
0.01471 0.00000 8.00000 5.0749630928 2.6144473519    5.074  3.194  3.9422  2.670    2  0.000  0.538     0.00     0.00     0.00     0.00     0.00 -1    -1e-30      0.00 7.107e-01 2.745e-01 2.620e-03 7.154e-04 6.497e-03 -1.000 1.476e-02 -3.215 -3.170 -3.204 -3.199 -3.222 -3.247 -3.290 -3.312 -3.316
0.01471 0.00000 8.00000 5.0751113892 2.6144480923    5.075  3.188  3.9301  2.628    2  0.000  0.538     0.00     0.00     0.00     0.00     0.00 -1    -1e-30      0.00 7.107e-01 2.745e-01 2.620e-03 7.154e-04 6.497e-03 -1.000 1.476e-02 -3.200 -3.132 -3.207 -3.222 -3.255 -3.290 -3.353 -3.383 -3.390
0.01471 0.00000 8.00000 5.0752511024 2.6144487898    5.075  3.182  3.9180  2.586    2  0.000  0.538     0.00     0.00     0.00     0.00     0.00 -1    -1e-30      0.00 7.107e-01 2.745e-01 2.620e-03 7.154e-04 6.497e-03 -1.000 1.476e-02 -3.184 -3.082 -3.195 -3.235 -3.282 -3.330 -3.413 -3.453 -3.464
0.01471 0.00000 8.00000 5.0753831863 2.6144494491    5.075  3.175  3.9058  2.544    2  0.000  0.538     0.00     0.00     0.00     0.00     0.00 -1    -1e-30      0.00 7.107e-01 2.745e-01 2.620e-03 7.154e-04 6.497e-03 -1.000 1.476e-02 -3.168 -3.027 -3.173 -3.240 -3.303 -3.367 -3.472 -3.523 -3.537
0.01471 0.00000 8.00000 5.0755081177 2.6144500727    5.075  3.168  3.8937  2.502    2  0.000  0.538     0.00     0.00     0.00     0.00     0.00 -1    -1e-30      0.00 7.107e-01 2.745e-01 2.620e-03 7.154e-04 6.497e-03 -1.000 1.476e-02 -3.150 -2.968 -3.140 -3.239 -3.320 -3.400 -3.528 -3.593 -3.610
0.01471 0.00000 8.00000 5.0756263733 2.6144506630    5.075  3.161  3.8816  2.461    2  0.000  0.538     0.00     0.00     0.00     0.00     0.00 -1    -1e-30      0.00 7.107e-01 2.745e-01 2.620e-03 7.154e-04 6.497e-03 -1.000 1.476e-02 -3.132 -2.906 -3.095 -3.229 -3.333 -3.432 -3.583 -3.664 -3.684
0.01471 0.00000 8.00000 5.0757374763 2.6144512175    5.075  3.154  3.8694  2.419    2  0.000  0.538     0.00     0.00     0.00     0.00     0.00 -1    -1e-30      0.00 7.107e-01 2.745e-01 2.620e-03 7.154e-04 6.497e-03 -1.000 1.476e-02 -3.114 -2.841 -3.037 -3.215 -3.343 -3.462 -3.638 -3.736 -3.758
0.01471 0.00000 8.00000 5.0758428574 2.6144517435    5.075  3.146  3.8573  2.379    2  0.000  0.538     0.00     0.00     0.00     0.00     0.00 -1    -1e-30      0.00 7.107e-01 2.745e-01 2.620e-03 7.154e-04 6.497e-03 -1.000 1.476e-02 -3.095 -2.773 -2.969 -3.196 -3.350 -3.491 -3.691 -3.809 -3.833
0.01471 0.00000 8.00000 5.0759425163 2.6144522408    5.075  3.138  3.8451  2.338    2  0.000  0.538     0.00     0.00     0.00     0.00     0.00 -1    -1e-30      0.00 7.107e-01 2.745e-01 2.620e-03 7.154e-04 6.497e-03 -1.000 1.476e-02 -3.076 -2.700 -2.894 -3.171 -3.353 -3.517 -3.742 -3.881 -3.907
0.01471 0.00000 8.00000 5.0760369301 2.6144527120    5.075  3.130  3.8330  2.297    2  0.000  0.538     0.00     0.00     0.00     0.00     0.00 -1    -1e-30      0.00 7.107e-01 2.745e-01 2.620e-03 7.154e-04 6.497e-03 -1.000 1.476e-02 -3.056 -2.622 -2.816 -3.142 -3.352 -3.539 -3.791 -3.952 -3.981
0.01471 0.00000 8.00000 5.0761265755 2.6144531593    5.076  3.122  3.8208  2.256    2  0.000  0.538     0.00     0.00     0.00     0.00     0.00 -1    -1e-30      0.00 7.107e-01 2.745e-01 2.620e-03 7.154e-04 6.497e-03 -1.000 1.476e-02 -3.035 -2.537 -2.734 -3.109 -3.347 -3.557 -3.837 -4.022 -4.054
0.01471 0.00000 8.00000 5.0762109756 2.6144535805    5.076  3.114  3.8086  2.216    2  0.000  0.538     0.00     0.00     0.00     0.00     0.00 -1    -1e-30      0.00 7.107e-01 2.745e-01 2.620e-03 7.154e-04 6.497e-03 -1.000 1.476e-02 -3.015 -2.438 -2.645 -3.074 -3.341 -3.574 -3.882 -4.092 -4.126
0.01471 0.00000 8.00000 5.0762915611 2.6144539826    5.076  3.105  3.7964  2.176    2  0.000  0.538     0.00     0.00     0.00     0.00     0.00 -1    -1e-30      0.00 7.107e-01 2.745e-01 2.620e-03 7.154e-04 6.497e-03 -1.000 1.476e-02 -2.993 -2.326 -2.548 -3.035 -3.331 -3.587 -3.925 -4.161 -4.199
0.01471 0.00000 8.00000 5.0763678551 2.6144543632    5.076  3.097  3.7843  2.136    2  0.000  0.538     0.00     0.00     0.00     0.00     0.00 -1    -1e-30      0.00 7.107e-01 2.745e-01 2.620e-03 7.154e-04 6.497e-03 -1.000 1.476e-02 -2.972 -2.201 -2.445 -2.992 -3.318 -3.598 -3.966 -4.228 -4.271
0.01471 0.00000 8.00000 5.0764403343 2.6144547249    5.076  3.088  3.7722  2.096    2  0.000  0.538     0.00     0.00     0.00     0.00     0.00 -1    -1e-30      0.00 7.107e-01 2.745e-01 2.620e-03 7.154e-04 6.497e-03 -1.000 1.476e-02 -2.950 -2.053 -2.333 -2.945 -3.302 -3.606 -4.007 -4.298 -4.344
0.01471 0.00000 8.00000 5.0765099525 2.6144550722    5.076  3.079  3.7601  2.057    2  0.000  0.538     0.00     0.00     0.00     0.00     0.00 -1    -1e-30      0.00 7.107e-01 2.745e-01 2.620e-03 7.154e-04 6.497e-03 -1.000 1.476e-02 -2.928 -1.893 -2.217 -2.894 -3.281 -3.610 -4.044 -4.365 -4.415
0.01471 0.00000 8.00000 5.0765762329 2.6144554029    5.076  3.070  3.7483  2.019    2  0.000  0.538     0.00     0.00     0.00     0.00     0.00 -1    -1e-30      0.00 7.107e-01 2.745e-01 2.620e-03 7.154e-04 6.497e-03 -1.000 1.476e-02 -2.905 -1.720 -2.103 -2.839 -3.255 -3.606 -4.074 -4.425 -4.478
0.01471 0.00000 8.00000 5.0766420364 2.6144557312    5.076  3.060  3.7370  1.983    2  0.000  0.538     0.00     0.00     0.00     0.00     0.00 -1    -1e-30      0.00 7.107e-01 2.745e-01 2.620e-03 7.154e-04 6.497e-03 -1.000 1.476e-02 -2.880 -1.536 -1.987 -2.780 -3.224 -3.596 -4.098 -4.479 -4.535
0.01471 0.00000 8.00000 5.0767111778 2.6144560761    5.076  3.049  3.7258  1.950    2  0.000  0.538     0.00     0.00     0.00     0.00     0.00 -1    -1e-30      0.00 7.107e-01 2.745e-01 2.620e-03 7.154e-04 6.497e-03 -1.000 1.476e-02 -2.852 -1.337 -1.863 -2.714 -3.187 -3.578 -4.115 -4.527 -4.585
0.01471 0.00000 8.00000 5.0767879486 2.6144564591    5.076  3.035  3.7153  1.921    2  0.000  0.538     0.00     0.00     0.00     0.00     0.00 -1    -1e-30      0.00 7.107e-01 2.745e-01 2.620e-03 7.154e-04 6.497e-03 -1.000 1.476e-02 -2.819 -1.126 -1.734 -2.641 -3.141 -3.551 -4.123 -4.564 -4.625
0.01471 0.00000 8.00000 5.0768852234 2.6144569444    5.076  3.017  3.7052  1.899    2  0.000  0.538     0.00     0.00     0.00     0.00     0.00 -1    -1e-30      0.00 7.107e-01 2.745e-01 2.620e-03 7.154e-04 6.497e-03 -1.000 1.476e-02 -2.773 -0.900 -1.596 -2.554 -3.080 -3.509 -4.115 -4.585 -4.649
0.01471 0.00000 8.00000 5.0769977570 2.6144575057    5.076  2.995  3.6964  1.886    2  0.000  0.538     0.00     0.00     0.00     0.00     0.00 -1    -1e-30      0.00 7.107e-01 2.745e-01 2.620e-03 7.154e-04 6.497e-03 -1.000 1.476e-02 -2.718 -0.675 -1.456 -2.458 -3.007 -3.452 -4.090 -4.585 -4.653
0.01471 0.00000 8.00000 5.0771231651 2.6144581312    5.077  2.971  3.6877  1.875    2  0.000  0.538     0.00     0.00     0.00     0.00     0.00 -1    -1e-30      0.00 7.107e-01 2.745e-01 2.620e-03 7.154e-04 6.497e-03 -1.000 1.476e-02 -2.657 -0.438 -1.310 -2.355 -2.926 -3.388 -4.059 -4.579 -4.651
0.01471 0.00000 8.00000 5.0772600174 2.6144588138    5.077  2.951  3.6790  1.860    2  0.000  0.538     0.00     0.00     0.00     0.00     0.00 -1    -1e-30      0.00 7.107e-01 2.745e-01 2.620e-03 7.154e-04 6.497e-03 -1.000 1.476e-02 -2.608 -0.250 -1.173 -2.264 -2.857 -3.332 -4.035 -4.573 -4.654
0.01471 0.00000 8.00000 5.0773568153 2.6144592966    5.077  2.945  3.6730  1.842    2  0.000  0.538     0.00     0.00     0.00     0.00     0.00 -1    -1e-30      0.00 7.107e-01 2.745e-01 2.620e-03 7.154e-04 6.497e-03 -1.000 1.476e-02 -2.594 -0.115 -1.094 -2.216 -2.826 -3.312 -4.037 -4.591 -4.677
0.01471 0.00000 8.00000 5.0774550438 2.6144597864    5.077  2.958  3.6670  1.806    3  0.000  0.538     5.41     4.93     3.67     2.64     2.17  4    -1e-30      0.00 7.107e-01 2.745e-01 2.620e-03 7.154e-04 6.497e-03 -1.000 1.476e-02 -2.624 -0.015 -1.055 -2.210 -2.837 -3.336 -4.084 -4.653 -4.744
0.01471 0.00000 8.00000 5.0775876045 2.6144604475    5.077  2.990  3.6587  1.741    3  0.000  0.537     6.22     5.55     4.11     2.97     2.43  4    -1e-30      0.00 7.107e-01 2.745e-01 2.619e-03 7.155e-04 6.497e-03 -1.000 1.476e-02 -2.705 0.086 -1.035 -2.239 -2.890 -3.405 -4.187 -4.775 -4.875
0.01471 0.00000 8.00000 5.0776958466 2.6144609873    5.077  3.030  3.6521  1.674    3  0.000  0.536     7.18     6.27     4.61     3.34     2.74  4    -1e-30      0.00 7.107e-01 2.745e-01 2.613e-03 7.171e-04 6.497e-03 -1.000 1.477e-02 -2.806 0.126 -1.053 -2.297 -2.966 -3.496 -4.305 -4.907 -5.016
0.01471 0.00000 8.00000 5.0777840614 2.6144614272    5.077  3.067  3.6472  1.617    3  0.000  0.531     8.10     6.94     5.08     3.68     3.02  4    -1e-30      0.00 7.106e-01 2.746e-01 2.589e-03 7.274e-04 6.497e-03 -1.000 1.477e-02 -2.898 0.140 -1.082 -2.355 -3.037 -3.579 -4.408 -5.021 -5.136
0.01471 0.00000 8.00000 5.0778727531 2.6144618694    5.077  3.102  3.6430  1.565    3  0.000  0.518     9.05     7.63     5.56     4.04     3.31  4    -1e-30      0.00 7.106e-01 2.746e-01 2.526e-03 7.722e-04 6.497e-03 -1.000 1.477e-02 -2.986 0.142 -1.115 -2.413 -3.106 -3.657 -4.505 -5.126 -5.248
0.01471 0.00000 8.00000 5.0779914856 2.6144624614    5.077  3.142  3.6385  1.508    3  0.000  0.492    10.24     8.46     6.14     4.46     3.67  4    -1e-30      0.00 7.106e-01 2.746e-01 2.395e-03 9.047e-04 6.497e-03 -1.000 1.478e-02 -3.085 0.135 -1.156 -2.481 -3.185 -3.746 -4.613 -5.243 -5.373
0.01471 0.00000 8.00000 5.0780405998 2.6144627063    5.077  3.154  3.6373  1.491    3  0.000  0.482    10.60     8.71     6.32     4.59     3.77  4    -1e-30      0.00 7.106e-01 2.746e-01 2.348e-03 9.606e-04 6.497e-03 -1.000 1.480e-02 -3.114 0.139 -1.167 -2.499 -3.207 -3.772 -4.645 -5.277 -5.409
0.01471 0.00000 8.00000 5.0781493187 2.6144632483    5.078  3.176  3.6349  1.459    3  0.000  0.463    11.36     9.24     6.68     4.86     3.99  4    -1e-30      0.00 7.105e-01 2.747e-01 2.255e-03 1.074e-03 6.497e-03 -1.000 1.480e-02 -3.171 0.158 -1.187 -2.535 -3.251 -3.824 -4.707 -5.347 -5.481
0.01471 0.00000 8.00000 5.0781788826 2.6144633957    5.078  3.181  3.6344  1.453    3  0.000  0.459    11.51     9.34     6.75     4.92     4.04  4    -1e-30      0.00 7.105e-01 2.747e-01 2.238e-03 1.096e-03 6.497e-03 -1.000 1.480e-02 -3.181 0.161 -1.191 -2.541 -3.260 -3.834 -4.719 -5.360 -5.495
0.01471 0.00000 8.00000 5.0785303116 2.6144651476    5.078  3.222  3.6299  1.393    3  0.000  0.428    13.08    10.41     7.49     5.46     4.49  4    -1e-30      0.00 7.104e-01 2.748e-01 2.084e-03 1.285e-03 6.497e-03 -1.000 1.485e-02 -3.286 0.195 -1.229 -2.607 -3.342 -3.930 -4.835 -5.489 -5.629
0.01471 0.00000 8.00000 5.0789632797 2.6144673055    5.078  3.265  3.6255  1.332    3  0.000  0.404    14.88    11.62     8.31     6.07     4.99  4    -1e-30      0.00 7.103e-01 2.748e-01 1.969e-03 1.429e-03 6.494e-03 -1.000 1.486e-02 -3.393 0.226 -1.267 -2.671 -3.424 -4.027 -4.952 -5.619 -5.765
0.01471 0.00000 8.00000 5.0794024467 2.6144694940    5.079  3.306  3.6215  1.275    3  0.000  0.393    16.80    12.87     9.17     6.71     5.51  4    -1e-30      0.00 7.089e-01 2.762e-01 1.889e-03 1.608e-03 6.402e-03 -1.000 1.486e-02 -3.496 0.251 -1.306 -2.736 -3.503 -4.121 -5.064 -5.742 -5.893
0.01471 0.00000 8.00000 5.0798792839 2.6144718696    5.079  3.350  3.6175  1.216    3  0.000  0.389    19.08    14.34    10.16     7.44     6.12  4    -1e-30      0.00 7.049e-01 2.802e-01 1.820e-03 1.842e-03 6.230e-03 -1.000 1.486e-02 -3.605 0.271 -1.349 -2.803 -3.587 -4.221 -5.182 -5.871 -6.028
0.01471 0.00000 8.00000 5.0803551674 2.6144742400    5.080  3.393  3.6138  1.158    3  0.000  0.388    21.59    15.92    11.23     8.24     6.78  4    -1e-30      0.00 6.989e-01 2.862e-01 1.765e-03 2.062e-03 6.057e-03 -1.000 1.484e-02 -3.713 0.287 -1.394 -2.871 -3.670 -4.319 -5.298 -5.998 -6.160
0.01471 0.00000 8.00000 5.0808310509 2.6144766099    5.080  3.436  3.6102  1.101    3  0.000  0.388    24.41    17.66    12.40     9.11     7.50  4    -1e-30      0.00 6.925e-01 2.927e-01 1.722e-03 2.239e-03 5.916e-03 -1.000 1.483e-02 -3.820 0.301 -1.439 -2.940 -3.754 -4.418 -5.414 -6.124 -6.291
0.01471 0.00000 8.00000 5.0812797546 2.6144788440    5.081  3.473  3.6071  1.051    3  0.000  0.388    27.14    19.32    13.52     9.94     8.18  4    -1e-30      0.00 6.872e-01 2.980e-01 1.693e-03 2.359e-03 5.820e-03 -1.000 1.482e-02 -3.914 0.310 -1.476 -2.996 -3.824 -4.502 -5.514 -6.232 -6.404
0.01471 0.00000 8.00000 5.0819520950 2.6144821906    5.081  3.506  3.6044  1.008    3  0.000  0.388    29.77    20.89    14.57    10.73     8.83  4    -1e-30      0.00 6.832e-01 3.020e-01 1.674e-03 2.441e-03 5.754e-03 -1.000 1.481e-02 -3.995 0.319 -1.508 -3.044 -3.884 -4.576 -5.600 -6.327 -6.503
0.01471 0.00000 8.00000 5.0830187798 2.6144874982    5.082  3.524  3.6029  0.983    3  0.000  0.388    31.36    21.84    15.19    11.20     9.22  4    -1e-30      0.00 6.816e-01 3.036e-01 1.666e-03 2.471e-03 5.730e-03 -1.000 1.479e-02 -4.041 0.325 -1.526 -3.072 -3.918 -4.618 -5.650 -6.381 -6.559
0.01471 0.00000 8.00000 5.0852799416 2.6144987406    5.085  3.515  3.6039  0.997    3  0.000  0.388    30.44    21.30    14.83    10.93     8.99  4    -1e-30      0.00 6.816e-01 3.036e-01 1.666e-03 2.471e-03 5.730e-03 -1.000 1.479e-02 -4.017 0.315 -1.521 -3.060 -3.902 -4.596 -5.623 -6.351 -6.528
0.01471 0.00000 8.00000 5.0924592018 2.6145343595    5.092  3.478  3.6076  1.050    4  0.000  0.388     0.00     0.00     0.00     0.00     0.00 -1    -1e-30      0.00 6.816e-01 3.036e-01 1.667e-03 2.471e-03 5.730e-03 -1.000 1.479e-02 -3.924 0.289 -1.494 -3.012 -3.838 -4.514 -5.523 -6.240 -6.411
0.01471 0.00000 8.00000 5.0968842506 2.6145562563    5.096  3.447  3.6106  1.092    4  0.000  0.388     0.00     0.00     0.00     0.00     0.00 -1    -1e-30      0.00 6.816e-01 3.036e-01 1.667e-03 2.470e-03 5.730e-03 -1.000 1.479e-02 -3.848 0.269 -1.471 -2.971 -3.784 -4.446 -5.441 -6.149 -6.316
0.01471 0.00000 8.00000 5.1004743576 2.6145739894    5.100  3.415  3.6136  1.137    4  0.000  0.388     0.00     0.00     0.00     0.00     0.00 -1    -1e-30      0.00 6.817e-01 3.036e-01 1.667e-03 2.470e-03 5.730e-03 -1.000 1.479e-02 -3.768 0.248 -1.443 -2.924 -3.725 -4.374 -5.354 -6.054 -6.216
0.01471 0.00000 8.00000 5.1038928032 2.6145908479    5.103  3.381  3.6169  1.185    4  0.000  0.388     0.00     0.00     0.00     0.00     0.00 -1    -1e-30      0.00 6.817e-01 3.035e-01 1.667e-03 2.470e-03 5.730e-03 -1.000 1.479e-02 -3.682 0.228 -1.412 -2.873 -3.660 -4.296 -5.261 -5.951 -6.109
0.01471 0.00000 8.00000 5.1072735786 2.6146074951    5.107  3.345  3.6203  1.234    4  0.000  0.388     0.00     0.00     0.00     0.00     0.00 -1    -1e-30      0.00 6.817e-01 3.035e-01 1.667e-03 2.470e-03 5.730e-03 -1.000 1.479e-02 -3.593 0.207 -1.379 -2.821 -3.594 -4.216 -5.165 -5.845 -5.998
0.01471 0.00000 8.00000 5.1106262207 2.6146239788    5.110  3.310  3.6237  1.283    4  0.000  0.388     0.00     0.00     0.00     0.00     0.00 -1    -1e-30      0.00 6.817e-01 3.035e-01 1.667e-03 2.470e-03 5.730e-03 -1.000 1.479e-02 -3.505 0.185 -1.346 -2.765 -3.525 -4.135 -5.069 -5.739 -5.888
0.01471 0.00000 8.00000 5.1146073341 2.6146435202    5.114  3.271  3.6276  1.339    4  0.000  0.388     0.00     0.00     0.00     0.00     0.00 -1    -1e-30      0.00 6.817e-01 3.035e-01 1.667e-03 2.470e-03 5.730e-03 -1.000 1.479e-02 -3.406 0.158 -1.310 -2.705 -3.449 -4.045 -4.961 -5.620 -5.764
0.01471 0.00000 8.00000 5.1202464104 2.6146711399    5.120  3.223  3.6327  1.407    4  0.000  0.388     0.00     0.00     0.00     0.00     0.00 -1    -1e-30      0.00 6.817e-01 3.035e-01 1.667e-03 2.470e-03 5.730e-03 -1.000 1.479e-02 -3.287 0.119 -1.269 -2.632 -3.358 -3.937 -4.830 -5.474 -5.612
0.01471 0.00000 8.00000 5.1263375282 2.6147008952    5.126  3.184  3.6375  1.466    4  0.000  0.388     0.00     0.00     0.00     0.00     0.00 -1    -1e-30      0.00 6.817e-01 3.035e-01 1.667e-03 2.470e-03 5.730e-03 -1.000 1.479e-02 -3.190 0.072 -1.242 -2.577 -3.285 -3.849 -4.721 -5.352 -5.484
0.01471 0.00000 8.00000 5.1370611191 2.6147530831    5.137  3.143  3.6445  1.535    4  0.000  0.388     0.00     0.00     0.00     0.00     0.00 -1    -1e-30      0.00 6.818e-01 3.035e-01 1.667e-03 2.469e-03 5.730e-03 -1.000 1.479e-02 -3.088 -0.002 -1.234 -2.529 -3.215 -3.761 -4.603 -5.216 -5.338
0.01471 0.00000 8.00000 5.1460413933 2.6147965945    5.146  3.130  3.6496  1.570    4  0.000  0.388     0.00     0.00     0.00     0.00     0.00 -1    -1e-30      0.00 6.818e-01 3.034e-01 1.667e-03 2.469e-03 5.730e-03 -1.000 1.479e-02 -3.055 -0.085 -1.267 -2.535 -3.206 -3.739 -4.559 -5.159 -5.275
0.01471 0.00000 8.00000 5.1537475586 2.6148337936    5.153  3.149  3.6558  1.577    4  0.000  0.388     0.00     0.00     0.00     0.00     0.00 -1    -1e-30      0.00 6.818e-01 3.034e-01 1.667e-03 2.469e-03 5.731e-03 -1.000 1.479e-02 -3.101 -0.274 -1.389 -2.626 -3.279 -3.797 -4.591 -5.171 -5.282
0.01471 0.00000 8.00000 5.1596932411 2.6148624071    5.159  3.174  3.6624  1.579    5  0.000  0.388     0.00     0.00     0.00     0.00     0.00 -1    -1e-30      0.00 6.818e-01 3.034e-01 1.668e-03 2.469e-03 5.731e-03 -1.000 1.479e-02 -3.164 -0.486 -1.529 -2.735 -3.368 -3.870 -4.637 -5.198 -5.302
0.01471 0.00000 8.00000 5.1629800797 2.6148781925    5.163  3.203  3.6698  1.579    5  0.000  0.388     0.00     0.00     0.00     0.00     0.00 -1    -1e-30      0.00 6.818e-01 3.034e-01 1.668e-03 2.469e-03 5.731e-03 -1.000 1.479e-02 -3.237 -0.657 -1.678 -2.848 -3.467 -3.957 -4.695 -5.242 -5.336
0.01471 0.00000 8.00000 5.1648340225 2.6148870861    5.165  3.225  3.6766  1.584    5  0.000  0.388     0.00     0.00     0.00     0.00     0.00 -1    -1e-30      0.00 6.818e-01 3.034e-01 1.668e-03 2.468e-03 5.731e-03 -1.000 1.479e-02 -3.292 -0.802 -1.799 -2.936 -3.541 -4.021 -4.733 -5.268 -5.353
0.01471 0.00000 8.00000 5.1665148735 2.6148951430    5.166  3.245  3.6848  1.597    5  0.000  0.388     0.00     0.00     0.00     0.00     0.00 -1    -1e-30      0.00 6.818e-01 3.034e-01 1.668e-03 2.468e-03 5.731e-03 -1.000 1.479e-02 -3.343 -0.967 -1.929 -3.025 -3.612 -4.081 -4.762 -5.282 -5.356
0.01471 0.00000 8.00000 5.1677165031 2.6149008991    5.167  3.259  3.6938  1.620    5  0.000  0.388     0.00     0.00     0.00     0.00     0.00 -1    -1e-30      0.00 6.818e-01 3.034e-01 1.668e-03 2.468e-03 5.731e-03 -1.000 1.479e-02 -3.377 -1.189 -2.057 -3.105 -3.667 -4.119 -4.766 -5.261 -5.330
0.01471 0.00000 8.00000 5.1686825752 2.6149055246    5.168  3.269  3.7030  1.647    5  0.000  0.388     0.00     0.00     0.00     0.00     0.00 -1    -1e-30      0.00 6.818e-01 3.034e-01 1.668e-03 2.468e-03 5.731e-03 -1.000 1.479e-02 -3.401 -1.401 -2.174 -3.173 -3.711 -4.145 -4.758 -5.227 -5.293
0.01471 0.00000 8.00000 5.1695795059 2.6149098173    5.169  3.277  3.7127  1.678    5  0.000  0.388     0.00     0.00     0.00     0.00     0.00 -1    -1e-30      0.00 6.818e-01 3.034e-01 1.668e-03 2.468e-03 5.731e-03 -1.000 1.479e-02 -3.421 -1.605 -2.288 -3.234 -3.747 -4.164 -4.743 -5.184 -5.247
0.01471 0.00000 8.00000 5.1704621315 2.6149140398    5.170  3.283  3.7224  1.710    5  0.000  0.388     0.00     0.00     0.00     0.00     0.00 -1    -1e-30      0.00 6.818e-01 3.034e-01 1.668e-03 2.468e-03 5.731e-03 -1.000 1.479e-02 -3.439 -1.795 -2.398 -3.290 -3.777 -4.176 -4.722 -5.137 -5.197
0.01471 0.00000 8.00000 5.1714186668 2.6149186141    5.171  3.290  3.7324  1.743    5  0.000  0.388     0.00     0.00     0.00     0.00     0.00 -1    -1e-30      0.00 6.818e-01 3.034e-01 1.668e-03 2.468e-03 5.731e-03 -1.000 1.479e-02 -3.455 -1.976 -2.505 -3.343 -3.803 -4.184 -4.698 -5.085 -5.144
0.01471 0.00000 8.00000 5.1725349426 2.6149239498    5.172  3.296  3.7427  1.778    5  0.000  0.388     0.00     0.00     0.00     0.00     0.00 -1    -1e-30      0.00 6.819e-01 3.034e-01 1.668e-03 2.468e-03 5.731e-03 -1.000 1.479e-02 -3.471 -2.148 -2.611 -3.393 -3.827 -4.187 -4.670 -5.030 -5.087
0.01471 0.00000 8.00000 5.1738266945 2.6149301209    5.174  3.302  3.7522  1.811    5  0.000  0.388     0.00     0.00     0.00     0.00     0.00 -1    -1e-30      0.00 6.819e-01 3.034e-01 1.668e-03 2.468e-03 5.731e-03 -1.000 1.479e-02 -3.485 -2.301 -2.705 -3.435 -3.844 -4.187 -4.642 -4.978 -5.031
0.01471 0.00000 8.00000 5.1758060455 2.6149395701    5.176  3.308  3.7618  1.843    5  0.000  0.388     0.00     0.00     0.00     0.00     0.00 -1    -1e-30      0.00 6.819e-01 3.033e-01 1.668e-03 2.468e-03 5.731e-03 -1.000 1.479e-02 -3.501 -2.444 -2.799 -3.475 -3.860 -4.185 -4.613 -4.925 -4.976
0.01471 0.00000 8.00000 5.1793313026 2.6149563787    5.179  3.315  3.7707  1.872    5  0.000  0.388     0.00     0.00     0.00     0.00     0.00 -1    -1e-30      0.00 6.819e-01 3.033e-01 1.668e-03 2.468e-03 5.731e-03 -1.000 1.479e-02 -3.517 -2.571 -2.888 -3.514 -3.875 -4.181 -4.585 -4.876 -4.923
0.01471 0.00000 8.00000 5.1847777367 2.6149822959    5.185  3.317  3.7661  1.852    6  0.000  0.388     0.00     0.00     0.00     0.00     0.00 -1    -1e-30      0.00 6.819e-01 3.033e-01 1.668e-03 2.468e-03 5.731e-03 -1.000 1.479e-02 -3.523 -2.519 -2.856 -3.509 -3.882 -4.198 -4.615 -4.916 -4.966
0.01471 0.00000 8.00000 5.1961293221 2.6150361123    5.196  3.325  3.7588  1.815    6  0.000  0.388     0.00     0.00     0.00     0.00     0.00 -1    -1e-30      0.00 6.819e-01 3.033e-01 1.668e-03 2.468e-03 5.731e-03 -1.000 1.479e-02 -3.544 -2.443 -2.816 -3.511 -3.904 -4.234 -4.671 -4.990 -5.042
0.01471 0.00000 8.00000 5.1999998093 2.6150544000    5.200  3.329  3.7580  1.809    6  0.000  0.388     0.00     0.00     0.00     0.00     0.00 -1    -1e-30      0.00 6.819e-01 3.033e-01 1.668e-03 2.468e-03 5.731e-03 -1.000 1.479e-02 -3.552 -2.441 -2.818 -3.518 -3.913 -4.245 -4.684 -5.005 -5.057
0.01471 0.00000 8.00000 5.2236580849 2.6151655062    5.224  3.350  3.7530  1.770    6  0.000  0.388     0.00     0.00     0.00     0.00     0.00 -1    -1e-30      0.00 6.820e-01 3.032e-01 1.668e-03 2.467e-03 5.731e-03 -1.000 1.479e-02 -3.606 -2.420 -2.830 -3.558 -3.966 -4.307 -4.760 -5.093 -5.147
0.01471 0.00000 8.00000 5.2349429131 2.6152180964    5.235  3.358  3.7466  1.737    6  0.000  0.388     0.00     0.00     0.00     0.00     0.00 -1    -1e-30      0.00 6.820e-01 3.032e-01 1.668e-03 2.467e-03 5.731e-03 -1.000 1.479e-02 -3.625 -2.347 -2.796 -3.560 -3.985 -4.338 -4.809 -5.157 -5.213
0.01471 0.00000 8.00000 5.2416710854 2.6152493276    5.242  3.361  3.7391  1.705    6  0.000  0.388     0.00     0.00     0.00     0.00     0.00 -1    -1e-30      0.00 6.820e-01 3.032e-01 1.669e-03 2.467e-03 5.731e-03 -1.000 1.479e-02 -3.633 -2.238 -2.738 -3.544 -3.989 -4.357 -4.850 -5.217 -5.275
0.01471 0.00000 8.00000 5.2496199608 2.6152861064    5.250  3.363  3.7273  1.657    6  0.000  0.388     0.00     0.00     0.00     0.00     0.00 -1    -1e-30      0.00 6.820e-01 3.032e-01 1.669e-03 2.467e-03 5.731e-03 -1.000 1.479e-02 -3.637 -2.056 -2.636 -3.508 -3.984 -4.373 -4.903 -5.302 -5.362
0.01471 0.00000 8.00000 5.2545824051 2.6153090024    5.255  3.362  3.7177  1.619    6  0.000  0.388     0.00     0.00     0.00     0.00     0.00 -1    -1e-30      0.00 6.821e-01 3.032e-01 1.669e-03 2.467e-03 5.731e-03 -1.000 1.479e-02 -3.636 -1.885 -2.543 -3.469 -3.971 -4.379 -4.940 -5.366 -5.427
0.01471 0.00000 8.00000 5.2589650154 2.6153291818    5.259  3.360  3.7075  1.581    6  0.000  0.388     0.00     0.00     0.00     0.00     0.00 -1    -1e-30      0.00 6.821e-01 3.031e-01 1.669e-03 2.467e-03 5.731e-03 -1.000 1.479e-02 -3.630 -1.689 -2.437 -3.421 -3.950 -4.377 -4.973 -5.428 -5.492
0.01471 0.00000 8.00000 5.2625269890 2.6153455542    5.263  3.357  3.6983  1.548    6  0.000  0.388     0.00     0.00     0.00     0.00     0.00 -1    -1e-30      0.00 6.821e-01 3.031e-01 1.669e-03 2.467e-03 5.731e-03 -1.000 1.479e-02 -3.622 -1.498 -2.338 -3.372 -3.925 -4.369 -4.998 -5.478 -5.545
0.01471 0.00000 8.00000 5.2658767700 2.6153609280    5.266  3.352  3.6891  1.516    6  0.000  0.388     0.00     0.00     0.00     0.00     0.00 -1    -1e-30      0.00 6.821e-01 3.031e-01 1.669e-03 2.467e-03 5.731e-03 -1.000 1.479e-02 -3.609 -1.288 -2.228 -3.314 -3.892 -4.353 -5.017 -5.523 -5.595
0.01471 0.00000 8.00000 5.2685489655 2.6153731759    5.269  3.346  3.6817  1.492    6  0.000  0.388     0.00     0.00     0.00     0.00     0.00 -1    -1e-30      0.00 6.821e-01 3.031e-01 1.669e-03 2.467e-03 5.731e-03 -1.000 1.479e-02 -3.596 -1.141 -2.141 -3.265 -3.861 -4.334 -5.026 -5.549 -5.628
0.01471 0.00000 8.00000 5.2722444534 2.6153900905    5.272  3.337  3.6737  1.470    6  0.000  0.388     0.00     0.00     0.00     0.00     0.00 -1    -1e-30      0.00 6.821e-01 3.031e-01 1.669e-03 2.467e-03 5.731e-03 -1.000 1.479e-02 -3.573 -1.003 -2.039 -3.204 -3.817 -4.301 -5.024 -5.561 -5.650
0.01471 0.00000 8.00000 5.2759890556 2.6154072022    5.276  3.323  3.6658  1.452    6  0.000  0.388     0.00     0.00     0.00     0.00     0.00 -1    -1e-30      0.00 6.821e-01 3.031e-01 1.669e-03 2.467e-03 5.731e-03 -1.000 1.479e-02 -3.538 -0.858 -1.924 -3.128 -3.757 -4.253 -5.008 -5.559 -5.659
0.01471 0.00000 8.00000 5.2794051170 2.6154227881    5.280  3.307  3.6583  1.438    6  0.000  0.388     0.00     0.00     0.00     0.00     0.00 -1    -1e-30      0.00 6.821e-01 3.031e-01 1.669e-03 2.466e-03 5.731e-03 -1.000 1.479e-02 -3.499 -0.716 -1.806 -3.047 -3.690 -4.199 -4.984 -5.548 -5.660
0.01471 0.00000 8.00000 5.2831130028 2.6154396793    5.283  3.293  3.6517  1.427    6  0.000  0.388     0.00     0.00     0.00     0.00     0.00 -1    -1e-30      0.00 6.821e-01 3.031e-01 1.669e-03 2.466e-03 5.731e-03 -1.000 1.479e-02 -3.463 -0.522 -1.689 -2.964 -3.626 -4.152 -4.964 -5.547 -5.666
0.01471 0.00000 8.00000 5.2902960777 2.6154723241    5.291  3.284  3.6420  1.398    6  0.000  0.388     0.00     0.00     0.00     0.00     0.00 -1    -1e-30      0.00 6.821e-01 3.031e-01 1.669e-03 2.466e-03 5.731e-03 -1.000 1.479e-02 -3.439 -0.251 -1.540 -2.864 -3.558 -4.109 -4.963 -5.576 -5.705
0.01471 0.00000 8.00000 5.2957978249 2.6154972590    5.296  3.308  3.6330  1.338    6  0.000  0.388     0.00     0.00     0.00     0.00     0.00 -1    -1e-30      0.00 6.821e-01 3.031e-01 1.669e-03 2.466e-03 5.731e-03 -1.000 1.479e-02 -3.501 -0.065 -1.476 -2.848 -3.573 -4.152 -5.045 -5.686 -5.824
0.01471 0.00000 8.00000 5.2970890999 2.6155031027    5.297  3.351  3.6264  1.269    6  0.000  0.388     0.00     0.00     0.00     0.00     0.00 -1    -1e-30      0.00 6.821e-01 3.031e-01 1.669e-03 2.466e-03 5.731e-03 -1.000 1.479e-02 -3.607 0.025 -1.483 -2.894 -3.644 -4.245 -5.167 -5.828 -5.974
0.01471 0.00000 8.00000 5.2972221375 2.6155037046    5.297  3.364  3.6247  1.249    6  0.000  0.388     0.00     0.00     0.00     0.00     0.00 -1    -1e-30      0.00 6.821e-01 3.031e-01 1.669e-03 2.466e-03 5.731e-03 -1.000 1.479e-02 -3.640 0.042 -1.491 -2.911 -3.667 -4.274 -5.203 -5.869 -6.017
0.01471 0.00000 8.00000 5.2973508835 2.6155042870    5.298  3.389  3.6220  1.213    7  0.000  0.388    19.25    14.56    10.33     7.55     6.21  4    -1e-30      0.00 6.821e-01 3.031e-01 1.669e-03 2.466e-03 5.731e-03 -1.000 1.479e-02 -3.702 0.068 -1.509 -2.946 -3.713 -4.329 -5.271 -5.945 -6.097
0.01471 0.00000 8.00000 5.2977910042 2.6155062778    5.298  3.402  3.6209  1.196    7  0.000  0.388    19.98    15.02    10.64     7.79     6.40  4    -1e-30      0.00 6.821e-01 3.031e-01 1.669e-03 2.466e-03 5.731e-03 -1.000 1.479e-02 -3.735 0.071 -1.524 -2.968 -3.740 -4.360 -5.306 -5.983 -6.136
0.01471 0.00000 8.00000 5.2986378670 2.6155101073    5.299  3.408  3.6197  1.185    7  0.000  0.388    20.45    15.32    10.84     7.94     6.53  4    -1e-30      0.00 6.822e-01 3.031e-01 1.669e-03 2.466e-03 5.731e-03 -1.000 1.479e-02 -3.750 0.091 -1.522 -2.972 -3.748 -4.372 -5.325 -6.005 -6.160
0.01471 0.00000 8.00000 5.2990345955 2.6155119008    5.299  3.446  3.6157  1.131    7  0.000  0.388    22.98    16.90    11.91     8.73     7.18  4    -1e-30      0.00 6.822e-01 3.031e-01 1.669e-03 2.466e-03 5.731e-03 -1.000 1.479e-02 -3.846 0.124 -1.550 -3.024 -3.817 -4.457 -5.428 -6.120 -6.281
0.01471 0.00000 8.00000 5.2994098663 2.6155135971    5.300  3.485  3.6119  1.077    7  0.000  0.388    25.79    18.63    13.07     9.59     7.89  4    -1e-30      0.00 6.822e-01 3.031e-01 1.669e-03 2.466e-03 5.731e-03 -1.000 1.479e-02 -3.942 0.153 -1.581 -3.079 -3.888 -4.544 -5.533 -6.236 -6.402
0.01471 0.00000 8.00000 5.2998709679 2.6155156809    5.300  3.523  3.6081  1.023    7  0.000  0.388    28.94    20.53    14.33    10.54     8.67  4    -1e-30      0.00 6.822e-01 3.031e-01 1.669e-03 2.466e-03 5.731e-03 -1.000 1.479e-02 -4.038 0.179 -1.612 -3.133 -3.957 -4.631 -5.637 -6.351 -6.523
0.01471 0.00000 8.00000 5.3004312515 2.6155182124    5.301  3.562  3.6045  0.970    7  0.000  0.388    32.45    22.60    15.72    11.57     9.53  4    -1e-30      0.00 6.822e-01 3.031e-01 1.669e-03 2.466e-03 5.731e-03 -1.000 1.479e-02 -4.135 0.204 -1.642 -3.185 -4.025 -4.717 -5.742 -6.466 -6.643
0.01471 0.00000 8.00000 5.3010935783 2.6155212041    5.301  3.601  3.6006  0.916    7  0.000  0.388    36.46    24.94    17.26    12.73    10.48  4 -4.27e-23      0.00 6.822e-01 3.030e-01 1.669e-03 2.466e-03 5.731e-03 -1.000 1.482e-02 -4.232 0.238 -1.667 -3.233 -4.092 -4.804 -5.848 -6.583 -6.766
0.01471 0.00000 8.00000 5.3018569946 2.6155246514    5.302  3.640  3.5967  0.861    7  0.000  0.388    40.97    27.51    18.96    14.00    11.53  4 -9.28e-18      0.00 6.822e-01 3.030e-01 1.668e-03 2.467e-03 5.731e-03 -1.000 1.484e-02 -4.329 0.264 -1.690 -3.277 -4.154 -4.890 -5.954 -6.699 -6.888
0.01471 0.00000 8.00000 5.3027153015 2.6155285258    5.303  3.679  3.5928  0.806    7  0.000  0.387    46.11    30.39    20.85    15.42    12.70  4 -4.99e-12      0.00 6.822e-01 3.030e-01 1.664e-03 2.471e-03 5.731e-03 -1.000 1.487e-02 -4.428 0.290 -1.712 -3.320 -4.216 -4.977 -6.061 -6.817 -7.013
0.01471 0.00000 8.00000 5.3036217690 2.6155326161    5.303  3.720  3.5890  0.750    7  0.000  0.385    52.02    33.64    22.97    17.01    14.02  4 -1.08e-09      0.00 6.822e-01 3.030e-01 1.656e-03 2.480e-03 5.731e-03 -1.000 1.488e-02 -4.530 0.311 -1.737 -3.365 -4.280 -5.067 -6.172 -6.938 -7.140
0.01471 0.00000 8.00000 5.3044805527 2.6155364897    5.304  3.762  3.5850  0.692    7  0.000  0.383    58.92    37.36    25.40    18.83    15.53  4 -7.97e-09      0.00 6.822e-01 3.030e-01 1.647e-03 2.490e-03 5.731e-03 -1.000 1.488e-02 -4.636 0.326 -1.758 -3.403 -4.338 -5.159 -6.287 -7.063 -7.271
0.01471 0.00000 8.00000 5.3052315712 2.6155398760    5.305  3.804  3.5809  0.634    7  0.000  0.382    66.77    41.51    28.08    20.86    17.20  4 -1.15e-08      0.00 6.822e-01 3.030e-01 1.640e-03 2.499e-03 5.731e-03 -1.000 1.487e-02 -4.741 0.343 -1.777 -3.440 -4.396 -5.251 -6.402 -7.189 -7.403
0.01471 0.00000 8.00000 5.3058910370 2.6155428486    5.305  3.846  3.5768  0.576    7  0.000  0.380    75.62    46.09    31.04    23.09    19.04  4 -1.74e-08      0.00 6.822e-01 3.030e-01 1.635e-03 2.506e-03 5.730e-03 -1.000 1.486e-02 -4.845 0.354 -1.787 -3.462 -4.441 -5.339 -6.515 -7.313 -7.534
0.01471 0.00000 8.00000 5.3064923286 2.6155455583    5.305  3.887  3.5727  0.518    7  0.000  0.379    85.62    51.17    34.30    25.55    21.08  4 -2.65e-08      0.00 6.822e-01 3.030e-01 1.630e-03 2.513e-03 5.729e-03 -1.000 1.488e-02 -4.948 0.363 -1.793 -3.478 -4.482 -5.426 -6.629 -7.436 -7.664
0.01471 0.00000 8.00000 5.3070511818 2.6155480761    5.305  3.928  3.5685  0.460    7  0.000  0.379    96.99    56.84    37.91    28.29    23.35  3 -4.05e-08      0.00 6.821e-01 3.030e-01 1.626e-03 2.521e-03 5.726e-03 -1.000 1.489e-02 -5.051 0.373 -1.789 -3.482 -4.515 -5.512 -6.744 -7.561 -7.795
0.01471 0.00000 8.00000 5.3075728416 2.6155504257    5.304  3.970  3.5642  0.402    7  0.000  0.378   109.91    63.15    41.92    31.33    25.86  3 -6.25e-08      0.00 6.820e-01 3.031e-01 1.623e-03 2.530e-03 5.719e-03 -1.000 1.490e-02 -5.154 0.380 -1.774 -3.469 -4.534 -5.594 -6.859 -7.685 -7.927
0.01471 0.00000 8.00000 5.3080611229 2.6155526246    5.303  4.009  3.5600  0.345    7  0.000  0.378   124.22    70.01    46.26    34.63    28.59  3 -9.36e-08      0.00 6.817e-01 3.034e-01 1.618e-03 2.546e-03 5.707e-03 -1.000 1.489e-02 -5.254 0.387 -1.756 -3.455 -4.553 -5.674 -6.971 -7.806 -8.055
0.01471 0.00000 8.00000 5.3085799217 2.6155549603    5.301  4.051  3.5555  0.286    7  0.000  0.378   141.04    77.91    51.23    38.41    31.72  3 -1.43e-07      0.00 6.793e-01 3.059e-01 1.610e-03 2.580e-03 5.679e-03 -1.000 1.489e-02 -5.357 0.393 -1.716 -3.406 -4.548 -5.746 -7.089 -7.931 -8.188
0.01471 0.00000 8.00000 5.3090128899 2.6155569093    5.298  4.090  3.5507  0.226    7  0.000  0.378   160.14    86.70    56.74    42.61    35.20  3 -2.16e-07      0.00 6.589e-01 3.263e-01 1.564e-03 2.785e-03 5.512e-03 -1.000 1.487e-02 -5.456 0.408 -1.662 -3.342 -4.531 -5.813 -7.203 -8.055 -8.320
0.01471 0.00000 8.00000 5.3092851639 2.6155581347    5.295  4.131  3.5451  0.163    7  0.000  0.378   183.33    97.17    63.27    47.59    39.32  3  -3.3e-07      0.00 6.362e-01 3.490e-01 1.513e-03 3.011e-03 5.328e-03 -1.000 1.486e-02 -5.557 0.433 -1.556 -3.213 -4.473 -5.861 -7.321 -8.184 -8.458
0.01471 0.00000 8.00000 5.3095006943 2.6155591046    5.291  4.171  3.5398  0.101    7  0.000  0.379   209.29   108.64    70.38    53.03    43.83  3 -5.05e-07      0.00 6.255e-01 3.597e-01 1.490e-03 3.115e-03 5.243e-03 -1.000 1.486e-02 -5.658 0.459 -1.452 -3.087 -4.417 -5.908 -7.436 -8.310 -8.594
0.01471 0.00000 8.00000 5.3096919060 2.6155599650    5.286  4.211  3.5346  0.040    7  0.000  0.379   238.55   121.31    78.20    59.01    48.79  3 -7.62e-07      0.01 6.207e-01 3.645e-01 1.479e-03 3.163e-03 5.204e-03 -1.000 1.486e-02 -5.758 0.491 -1.318 -2.925 -4.342 -5.932 -7.551 -8.434 -8.730
0.01471 0.00000 8.00000 5.3098721504 2.6155607760    5.279  4.251  3.5294 -0.021    7  0.000  0.379   271.98   135.49    86.90    65.70    54.33  2 -1.16e-06      0.02 6.179e-01 3.672e-01 1.473e-03 3.190e-03 5.181e-03 -1.000 1.485e-02 -5.858 0.548 -1.156 -2.738 -4.251 -5.945 -7.663 -8.556 -8.866
0.01471 0.00000 8.00000 5.3100423813 2.6155615419    5.268  4.289  3.5243 -0.080    7  0.000  0.379   308.57   150.73    96.21    72.85    60.26  2 -1.74e-06      0.03 6.161e-01 3.691e-01 1.469e-03 3.208e-03 5.167e-03 -1.000 1.485e-02 -5.953 0.652 -0.929 -2.490 -4.125 -5.911 -7.765 -8.668 -8.998
0.01471 0.00000 8.00000 5.3102059364 2.6155622776    5.253  4.325  3.5194 -0.137    7  0.000  0.379   347.82   166.80   105.97    80.37    66.50  2 -2.54e-06      0.06 6.148e-01 3.703e-01 1.466e-03 3.220e-03 5.157e-03 -1.000 1.482e-02 -6.041 0.795 -0.671 -2.215 -3.978 -5.857 -7.854 -8.771 -9.122
0.01471 0.00000 8.00000 5.3103799820 2.6155630606    5.228  4.360  3.5142 -0.194    7  0.000  0.379   383.89   184.82   116.87    88.79    73.47  2 -3.71e-06      0.10 6.141e-01 3.710e-01 1.464e-03 3.228e-03 5.151e-03 -1.000 1.484e-02 -6.129 1.026 -0.312 -1.832 -3.763 -5.734 -7.931 -8.866 -9.246
0.01471 0.00000 8.00000 5.3106279373 2.6155641759    5.175  4.382  3.5103 -0.236    7  0.000  0.379   407.29   198.90   125.33    95.35    78.92  2 -4.84e-06      0.15 6.137e-01 3.714e-01 1.464e-03 3.231e-03 5.148e-03 -1.000 1.486e-02 -6.184 1.332 0.056 -1.464 -3.546 -5.596 -7.963 -8.919 -9.330
0.01471 0.00000 8.00000 5.3107614517 2.6155647764    5.145  4.357  3.5131 -0.203    7  0.000  0.379   387.69   187.17   118.25    89.90    74.39  2 -3.83e-06      0.10 6.136e-01 3.715e-01 1.463e-03 3.233e-03 5.147e-03 -1.000 1.486e-02 -6.123 1.089 -0.217 -1.729 -3.695 -5.685 -7.924 -8.863 -9.248
0.01471 0.00000 8.00000 5.3107843399 2.6155648793    5.140  4.335  3.5161 -0.169    7  0.000  0.379   368.71   175.91   111.44    84.65    70.04  2 -3.03e-06      0.08 6.136e-01 3.715e-01 1.463e-03 3.233e-03 5.147e-03 -1.000 1.486e-02 -6.067 0.937 -0.438 -1.961 -3.824 -5.758 -7.876 -8.803 -9.170
0.01471 0.00000 8.00000 5.3107976913 2.6155649393    5.138  4.306  3.5199 -0.125    7  0.000  0.379   336.15   162.49   103.31    78.38    64.84  2 -2.24e-06      0.05 6.136e-01 3.715e-01 1.463e-03 3.233e-03 5.147e-03 -1.000 1.486e-02 -5.995 0.773 -0.694 -2.234 -3.974 -5.841 -7.812 -8.725 -9.070
0.01471 0.00000 8.00000 5.3108077049 2.6155649844    5.137  4.283  3.5229 -0.091    7  0.000  0.379   312.09   152.60    97.29    73.75    61.00  2 -1.77e-06      0.03 6.136e-01 3.715e-01 1.463e-03 3.233e-03 5.147e-03 -1.000 1.486e-02 -5.938 0.700 -0.837 -2.388 -4.053 -5.864 -7.753 -8.659 -8.992
0.01471 0.00000 8.00000 5.3108253479 2.6155650637    5.136  4.268  3.5248 -0.069    7  0.000  0.379   297.69   146.63    93.66    70.96    58.68  2 -1.53e-06      0.03 6.136e-01 3.715e-01 1.463e-03 3.233e-03 5.147e-03 -1.000 1.486e-02 -5.901 0.655 -0.927 -2.483 -4.102 -5.878 -7.715 -8.616 -8.941
0.01471 0.00000 8.00000 5.3108429909 2.6155651431    5.135  4.269  3.5247 -0.069    7  0.000  0.379   298.02   146.77    93.74    71.02    58.73  2 -1.54e-06      0.03 6.136e-01 3.715e-01 1.463e-03 3.233e-03 5.147e-03 -1.000 1.486e-02 -5.902 0.657 -0.925 -2.481 -4.101 -5.877 -7.716 -8.617 -8.942
0.01471 0.00000 8.00000 5.3108963966 2.6155653833    5.129  4.305  3.5198 -0.126    7  0.000  0.379   336.30   162.58   103.36    78.43    64.87  2 -2.26e-06      0.05 6.136e-01 3.715e-01 1.463e-03 3.233e-03 5.147e-03 -1.000 1.486e-02 -5.993 0.778 -0.687 -2.226 -3.968 -5.836 -7.810 -8.724 -9.069
0.01471 0.00000 8.00000 5.3109426498 2.6155655913    5.124  4.330  3.5165 -0.164    7  0.000  0.379   364.59   174.10   110.34    83.81    69.34  2 -2.93e-06      0.07 6.136e-01 3.715e-01 1.463e-03 3.233e-03 5.147e-03 -1.000 1.486e-02 -6.054 0.921 -0.463 -1.987 -3.836 -5.763 -7.865 -8.790 -9.154
0.01471 0.00000 8.00000 5.3109688759 2.6155657092    5.120  4.323  3.5174 -0.154    7  0.000  0.379   357.03   171.05   108.49    82.39    68.16  2 -2.73e-06      0.06 6.136e-01 3.715e-01 1.463e-03 3.233e-03 5.147e-03 -1.000 1.486e-02 -6.038 0.881 -0.523 -2.050 -3.870 -5.782 -7.851 -8.773 -9.132
0.01471 0.00000 8.00000 5.3109745979 2.6155657349    5.120  4.318  3.5180 -0.147    7  0.000  0.379   351.48   168.80   107.13    81.34    67.29  2 -2.59e-06      0.06 6.136e-01 3.715e-01 1.463e-03 3.233e-03 5.147e-03 -1.000 1.486e-02 -6.026 0.850 -0.567 -2.097 -3.896 -5.797 -7.840 -8.760 -9.115
0.01471 0.00000 8.00000 5.3109846115 2.6155657800    5.119  4.335  3.5157 -0.173    7  0.891  0.379   370.58   177.03   112.11    85.18    70.47  2 -3.09e-06      0.08 6.136e-01 3.715e-01 1.463e-03 3.233e-03 5.147e-03 -1.000 1.486e-02 -6.068 0.956 -0.406 -1.925 -3.801 -5.743 -7.878 -8.806 -9.174
0.01471 0.00000 8.00000 5.3110084534 2.6155658872    5.115  4.360  3.5123 -0.212    7  0.900  0.379   392.28   189.95   119.91    91.21    75.47  2 -4.02e-06      0.11 6.136e-01 3.715e-01 1.463e-03 3.233e-03 5.147e-03 -1.000 1.486e-02 -6.131 1.154 -0.136 -1.647 -3.644 -5.652 -7.927 -8.871 -9.262
0.01471 0.00000 8.00000 5.3110303879 2.6155659858    5.114  4.360  3.5123 -0.212    8  0.900  0.401   392.29   189.96   119.91    91.21    75.47  2 -4.04e-06      0.11 6.136e-01 3.716e-01 1.553e-03 3.234e-03 5.161e-03 -1.000 1.482e-02 -6.131 1.150 -0.138 -1.649 -3.646 -5.653 -7.928 -8.871 -9.262
0.01471 0.00000 8.00000 5.3110961914 2.6155662817    5.097  4.403  3.5063 -0.280    8  0.901  0.401   432.81   214.56   134.69   102.65    84.96  0 -6.36e-06      0.21 6.136e-01 3.716e-01 1.552e-03 3.237e-03 5.160e-03 -1.000 1.482e-02 -6.237 1.674 0.443 -1.089 -3.320 -5.438 -7.987 -8.968 -9.411
0.01471 0.00000 8.00000 5.3111667633 2.6155665991    5.073  4.433  3.5014 -0.332    8  0.902  0.398   466.14   235.26   147.06   112.24    92.92  0 -8.87e-06      0.25 6.136e-01 3.716e-01 1.540e-03 3.256e-03 5.157e-03 -1.000 1.482e-02 -6.312 1.899 0.782 -0.735 -3.116 -5.302 -8.051 -9.048 -9.515
0.01471 0.00000 8.00000 5.3112411499 2.6155669336    5.037  4.465  3.4963 -0.387    8  0.903  0.387   504.34   259.47   161.46   123.44   102.21  0 -1.27e-05      0.37 6.136e-01 3.716e-01 1.495e-03 3.318e-03 5.153e-03 -1.000 1.483e-02 -6.392 2.584 1.405 -0.200 -2.788 -5.051 -8.057 -9.100 -9.624
0.01471 0.00000 8.00000 5.3113217354 2.6155672959    4.986  4.492  3.4916 -0.438    8  0.904  0.361   541.54   283.59   175.72   134.58   111.44  0 -1.74e-05      0.51 6.135e-01 3.716e-01 1.395e-03 3.443e-03 5.149e-03 -1.000 1.486e-02 -6.460 3.310 2.026 0.320 -2.458 -4.789 -8.039 -9.134 -9.717
0.01471 0.00000 8.00000 5.3114066124 2.6155676776    4.916  4.513  3.4873 -0.482    8  0.905  0.320   575.76   306.32   189.09   145.05   120.13  0 -2.29e-05      0.73 6.135e-01 3.716e-01 1.235e-03 3.638e-03 5.146e-03 -1.000 1.489e-02 -6.512 4.455 2.857 0.951 -2.036 -4.445 -7.946 -9.116 -9.784
0.01471 0.00000 8.00000 5.3114962578 2.6155680806    4.827  4.527  3.4838 -0.518    8  0.906  0.268   603.30   325.12   200.07   153.71   127.30  0 -2.81e-05      0.91 6.134e-01 3.717e-01 1.033e-03 3.879e-03 5.142e-03 -1.000 1.493e-02 -6.547 5.398 3.524 1.437 -1.705 -4.172 -7.862 -9.092 -9.828
0.01471 0.00000 8.00000 5.3115897179 2.6155685008    4.719  4.535  3.4809 -0.547    8  0.908  0.212   625.57   340.79   209.16   160.94   133.29  0  -3.3e-05      1.17 6.133e-01 3.717e-01 8.185e-04 4.136e-03 5.137e-03 -1.000 1.496e-02 -6.567 6.766 4.432 2.109 -1.243 -3.787 -7.700 -9.014 -9.836
0.01471 0.00000 8.00000 5.3116869926 2.6155689381    4.595  4.537  3.4784 -0.571    8  0.909  0.161   643.00   353.55   216.51   166.85   138.16  0 -3.72e-05      1.39 6.132e-01 3.718e-01 6.209e-04 4.375e-03 5.130e-03 -1.000 1.500e-02 -6.573 7.886 5.172 2.655 -0.864 -3.472 -7.559 -8.941 -9.832
0.01471 0.00000 8.00000 5.3117861748 2.6155693840    4.457  4.536  3.4760 -0.593    8  0.911  0.121   658.01   364.99   223.04   172.16   142.53  0 -4.09e-05      1.56 6.131e-01 3.718e-01 4.641e-04 4.571e-03 5.121e-03 -1.000 1.503e-02 -6.571 8.842 5.807 3.122 -0.537 -3.200 -7.433 -8.873 -9.822
0.01471 0.00000 8.00000 5.3118877411 2.6155698406    4.305  4.532  3.4735 -0.614    8  0.912  0.092   671.35   375.65   229.08   177.12   146.61  0 -4.43e-05      1.72 6.130e-01 3.719e-01 3.531e-04 4.718e-03 5.111e-03 -1.000 1.506e-02 -6.560 9.682 6.373 3.537 -0.241 -2.953 -7.318 -8.807 -9.806
0.01471 0.00000 8.00000 5.3119893074 2.6155702971    4.144  4.526  3.4708 -0.635    8  0.913  0.074   684.47   386.55   235.22   182.20   150.79  0 -4.75e-05      1.96 6.129e-01 3.720e-01 2.846e-04 4.819e-03 5.101e-03 -1.000 1.508e-02 -6.545 10.956 7.200 4.140 0.193 -2.586 -7.134 -8.696 -9.765
0.01471 0.00000 8.00000 5.3120927811 2.6155707623    3.969  4.518  3.4680 -0.657    8  0.915  0.065   697.33   397.82   241.53   187.46   155.10  0  -5.1e-05      2.22 6.128e-01 3.721e-01 2.474e-04 4.889e-03 5.091e-03 -1.000 1.511e-02 -6.525 12.306 8.068 4.773 0.649 -2.202 -6.934 -8.574 -9.715
0.01471 0.00000 8.00000 5.3121957779 2.6155712252    3.776  4.509  3.4649 -0.682    8  0.916  0.061   711.70   410.95   248.86   193.60   160.13  0 -5.52e-05      2.51 6.127e-01 3.722e-01 2.338e-04 4.934e-03 5.083e-03 -1.000 1.513e-02 -6.503 13.830 9.044 5.481 1.160 -1.773 -6.709 -8.436 -9.657
0.01471 0.00000 8.00000 5.3122997284 2.6155716924    3.567  4.498  3.4614 -0.710    8  0.918  0.063   727.27   426.03   257.25   200.65   165.90  0 -6.02e-05      2.82 6.126e-01 3.723e-01 2.390e-04 4.959e-03 5.079e-03 -1.000 1.516e-02 -6.475 15.518 10.124 6.259 1.724 -1.300 -6.459 -8.282 -9.592
0.01471 0.00000 8.00000 5.3124022484 2.6155721532    3.341  4.486  3.4572 -0.744    8  0.920  0.068   710.90    -1.00    -1.00    -1.00    -1.00  0 -6.69e-05      3.21 6.125e-01 3.723e-01 2.603e-04 4.969e-03 5.076e-03 -1.000 1.519e-02 -6.446 17.548 11.415 7.205 2.397 -0.734 -6.157 -8.099 -9.514
0.01471 0.00000 8.00000 5.3125042915 2.6155726118    3.080  4.475  3.4517 -0.789    8  0.921  0.077   682.49    -1.00    -1.00    -1.00    -1.00  0 -7.88e-05      4.15 6.124e-01 3.724e-01 2.916e-04 4.970e-03 5.076e-03 -1.000 1.523e-02 -6.417 22.232 14.292 9.196 3.854 0.510 -5.467 -7.679 -9.313
0.01471 0.00000 8.00000 5.3126068115 2.6155730725    2.736  4.465  3.4431 -0.866    8  0.922  0.086   643.05    -1.00    -1.00    -1.00    -1.00  0 -0.000108      5.91 6.122e-01 3.725e-01 3.279e-04 4.969e-03 5.075e-03 -1.000 1.526e-02 -6.393 30.933 19.568 12.814 6.501 2.768 -4.199 -6.918 -8.950
0.01471 0.00000 8.00000 5.3127079010 2.6155735268    2.206  4.457  3.4293 -1.007    8  0.924  0.096   577.23    -1.00    -1.00    -1.00    -1.00  0 -0.000207     12.49 6.121e-01 3.726e-01 3.671e-04 4.968e-03 5.075e-03 -1.000 1.531e-02 -6.373 53.926 34.361 22.755 14.245 9.609 -0.143 -4.416 -7.586
0.01471 0.00000 8.00000 5.3127832413 2.6155738653    0.924 -9.999  4.0000  0.958    9  0.925  0.000     0.00     0.00     0.00     0.00     0.00 -1    -1e-30      0.00 6.120e-01 3.727e-01 4.099e-04 4.967e-03 5.075e-03 -1.000 1.535e-02 29.767 29.721 29.984 30.033 30.021 30.018 30.067 30.065 30.083
# Zini     MH   logAge Mini        int_IMF         Mass   logL    logTe  logg  label   McoreTP C_O  period0  period1  period2  period3  period4  pmode  Mloss  tau1m   X   Y   Xc  Xn  Xo  Cexcess  Z 	 mbolmag  Umag    Bmag    Vmag    Rmag    Imag    Jmag    Hmag    Kmag
0.01471 0.00000 9.00000 0.0900000036 1.0816895926    0.090 -3.382  3.3668  5.193    0  0.000  0.545     0.00     0.00     0.00     0.00     0.00 -1 -4.45e-17      0.00 7.106e-01 2.746e-01 2.655e-03 7.163e-04 6.496e-03 -1.000 1.476e-02 13.224 22.480 19.865 18.030 15.879 13.630 11.134 10.520 10.230
0.01471 0.00000 9.00000 0.1000000015 1.1711064122    0.100 -3.221  3.3905  5.173    0  0.000  0.545     0.00     0.00     0.00     0.00     0.00 -1 -6.24e-17      0.00 7.106e-01 2.747e-01 2.655e-03 7.163e-04 6.496e-03 -1.000 1.476e-02 12.823 22.040 19.447 17.618 15.474 13.229 10.734 10.120 9.827
0.01471 0.00000 9.00000 0.1200000048 1.3193154741    0.120 -2.971  3.4245  5.138    0  0.000  0.545     0.00     0.00     0.00     0.00     0.00 -1 -1.05e-16      0.00 7.105e-01 2.747e-01 2.655e-03 7.163e-04 6.496e-03 -1.000 1.476e-02 12.197 20.944 18.515 16.721 14.679 12.502 10.126 9.512 9.215
0.01471 0.00000 9.00000 0.1220560521 1.3327170758    0.122 -2.952  3.4266  5.135    0  0.000  0.545     0.00     0.00     0.00     0.00     0.00 -1 -1.09e-16      0.00 7.105e-01 2.747e-01 2.655e-03 7.163e-04 6.496e-03 -1.000 1.476e-02 12.150 20.771 18.382 16.597 14.583 12.425 10.085 9.471 9.172
0.01471 0.00000 9.00000 0.1400000006 1.4384526719    0.140 -2.790  3.4443  5.103    0  0.000  0.545     0.00     0.00     0.00     0.00     0.00 -1 -1.53e-16      0.00 7.104e-01 2.748e-01 2.655e-03 7.163e-04 6.496e-03 -1.000 1.476e-02 11.746 19.442 17.329 15.621 13.810 11.799 9.722 9.105 8.806
0.01471 0.00000 9.00000 0.1481855512 1.4809975641    0.148 -2.731  3.4500  5.091    0  0.000  0.545     0.00     0.00     0.00     0.00     0.00 -1 -1.73e-16      0.00 7.104e-01 2.748e-01 2.655e-03 7.163e-04 6.496e-03 -1.000 1.476e-02 11.597 19.012 16.979 15.296 13.547 11.584 9.586 8.968 8.671
0.01471 0.00000 9.00000 0.1599999964 1.5372931554    0.160 -2.650  3.4578  5.075    0  0.000  0.545     0.00     0.00     0.00     0.00     0.00 -1 -2.04e-16      0.00 7.103e-01 2.749e-01 2.655e-03 7.163e-04 6.496e-03 -1.000 1.476e-02 11.394 18.440 16.514 14.852 13.188 11.299 9.403 8.785 8.489
0.01471 0.00000 9.00000 0.2000000030 1.6938790862    0.200 -2.434  3.4765  5.031    0  0.000  0.545     0.00     0.00     0.00     0.00     0.00 -1 -3.16e-16      0.00 7.102e-01 2.750e-01 2.655e-03 7.163e-04 6.496e-03 -1.000 1.476e-02 10.856 17.116 15.403 13.799 12.316 10.594 8.910 8.289 8.002
0.01471 0.00000 9.00000 0.2500000000 1.8403257998    0.250 -2.232  3.4929  4.992    0  0.000  0.545     0.00     0.00     0.00     0.00     0.00 -1 -4.71e-16      0.00 7.102e-01 2.751e-01 2.655e-03 7.163e-04 6.496e-03 -1.000 1.476e-02 10.351 16.026 14.458 12.888 11.538 9.971 8.447 7.824 7.547
0.01471 0.00000 9.00000 0.3139314055 1.9800002304    0.314 -2.030  3.5062  4.942    0  0.000  0.545     0.00     0.00     0.00     0.00     0.00 -1 -7.09e-16      0.00 7.104e-01 2.748e-01 2.655e-03 7.163e-04 6.496e-03 -1.000 1.476e-02 9.845 15.120 13.647 12.119 10.857 9.394 7.972 7.345 7.079
0.01471 0.00000 9.00000 0.3198592663 1.9910559255    0.320 -2.011  3.5074  4.936    0  0.000  0.545     0.00     0.00     0.00     0.00     0.00 -1 -7.38e-16      0.00 7.105e-01 2.748e-01 2.655e-03 7.163e-04 6.496e-03 -1.000 1.476e-02 9.798 15.040 13.575 12.050 10.796 9.341 7.927 7.300 7.036
0.01471 0.00000 9.00000 0.3476004303 2.0394670303    0.348 -1.932  3.5131  4.915    0  0.000  0.545     0.00     0.00     0.00     0.00     0.00 -1  -8.7e-16      0.00 7.106e-01 2.746e-01 2.655e-03 7.163e-04 6.496e-03 -1.000 1.476e-02 9.600 14.694 13.260 11.751 10.530 9.117 7.743 7.113 6.854
0.01471 0.00000 9.00000 0.3500000238 2.0434175133    0.350 -1.926  3.5136  4.914    0  0.000  0.545     0.00     0.00     0.00     0.00     0.00 -1 -8.82e-16      0.00 7.107e-01 2.746e-01 2.655e-03 7.163e-04 6.496e-03 -1.000 1.476e-02 9.584 14.666 13.235 11.727 10.508 9.099 7.728 7.098 6.839
0.01471 0.00000 9.00000 0.4000000358 2.1185024810    0.400 -1.777  3.5244  4.867    0  0.000  0.545     0.00     0.00     0.00     0.00     0.00 -1 -1.22e-15      0.00 7.107e-01 2.745e-01 2.655e-03 7.163e-04 6.496e-03 -1.000 1.476e-02 9.213 14.045 12.660 11.181 10.018 8.685 7.383 6.747 6.497
0.01471 0.00000 9.00000 0.4500000179 2.1822809362    0.450 -1.627  3.5364  4.815    0  0.000  0.545     0.00     0.00     0.00     0.00     0.00 -1 -1.73e-15      0.00 7.107e-01 2.745e-01 2.655e-03 7.163e-04 6.496e-03 -1.000 1.476e-02 8.837 13.440 12.086 10.635 9.525 8.270 7.037 6.393 6.151
0.01471 0.00000 9.00000 0.5000000000 2.2374541529    0.500 -1.471  3.5511  4.764    0  0.000  0.545     0.00     0.00     0.00     0.00     0.00 -1  -2.5e-15      0.00 7.107e-01 2.745e-01 2.655e-03 7.163e-04 6.496e-03 -1.000 1.476e-02 8.447 12.825 11.482 10.058 9.002 7.841 6.685 6.030 5.800
0.01471 0.00000 9.00000 0.5091509223 2.2466928275    0.509 -1.440  3.5547  4.756    0  0.000  0.545     0.00     0.00     0.00     0.00     0.00 -1 -2.68e-15      0.00 7.110e-01 2.743e-01 2.652e-03 7.156e-04 6.490e-03 -1.000 1.475e-02 8.370 12.700 11.356 9.936 8.892 7.756 6.618 5.960 5.733
0.01471 0.00000 9.00000 0.5500000119 2.2836582633    0.550 -1.310  3.5698  4.719    0  0.000  0.545     0.00     0.00     0.00     0.00     0.00 -1 -3.63e-15      0.00 7.130e-01 2.723e-01 2.634e-03 7.107e-04 6.446e-03 -1.000 1.467e-02 8.044 12.188 10.834 9.429 8.430 7.398 6.333 5.665 5.452
0.01471 0.00000 9.00000 0.5601863861 2.2919158665    0.560 -1.276  3.5747  4.712    0  0.000  0.545     0.00     0.00     0.00     0.00     0.00 -1 -3.92e-15      0.00 7.131e-01 2.722e-01 2.633e-03 7.105e-04 6.444e-03 -1.000 1.466e-02 7.959 12.048 10.689 9.289 8.303 7.305 6.261 5.590 5.382
0.01471 0.00000 9.00000 0.6000000238 2.3211213258    0.600 -1.148  3.5930  4.688    0  0.000  0.545     0.00     0.00     0.00     0.00     0.00 -1 -5.23e-15      0.00 7.134e-01 2.720e-01 2.631e-03 7.099e-04 6.439e-03 -1.000 1.461e-02 7.640 11.534 10.155 8.782 7.840 6.961 5.990 5.305 5.123
0.01471 0.00000 9.00000 0.6152634025 2.3311719739    0.615 -1.098  3.6010  4.681    0  0.000  0.545     0.00     0.00     0.00     0.00     0.00 -1 -5.84e-15      0.00 7.135e-01 2.718e-01 2.630e-03 7.096e-04 6.436e-03 -1.000 1.463e-02 7.514 11.329 9.939 8.584 7.660 6.828 5.884 5.193 5.024
0.01471 0.00000 9.00000 0.6377906799 2.3449998166    0.638 -1.025  3.6126  4.671    0  0.000  0.545     0.00     0.00     0.00     0.00     0.00 -1 -6.85e-15      0.00 7.137e-01 2.716e-01 2.629e-03 7.092e-04 6.433e-03 -1.000 1.465e-02 7.334 11.033 9.626 8.303 7.407 6.637 5.730 5.037 4.887
0.01471 0.00000 9.00000 0.6499999762 2.3520353107    0.650 -0.987  3.6190  4.666    0  0.000  0.545     0.00     0.00     0.00     0.00     0.00 -1 -7.45e-15      0.00 7.138e-01 2.716e-01 2.628e-03 7.091e-04 6.432e-03 -1.000 1.465e-02 7.238 10.869 9.457 8.154 7.273 6.537 5.648 4.957 4.816
0.01471 0.00000 9.00000 0.7000000477 2.3779267258    0.700 -0.833  3.6471  4.656    0  0.000  0.545     0.00     0.00     0.00     0.00     0.00 -1 -1.04e-14      0.00 7.141e-01 2.713e-01 2.626e-03 7.084e-04 6.426e-03 -1.000 1.464e-02 6.852 10.059 8.707 7.523 6.726 6.134 5.333 4.674 4.572
0.01471 0.00000 9.00000 0.7026700377 2.3791906255    0.703 -0.825  3.6486  4.656    0  0.000  0.544     0.00     0.00     0.00     0.00     0.00 -1 -1.05e-14      0.00 7.141e-01 2.713e-01 2.623e-03 7.083e-04 6.425e-03 -1.000 1.464e-02 6.832 10.008 8.666 7.489 6.697 6.112 5.317 4.662 4.561
0.01471 0.00000 9.00000 0.7500000000 2.3998889087    0.750 -0.686  3.6754  4.653    1  0.000  0.538     0.00     0.00     0.00     0.00     0.00 -1 -1.41e-14      0.00 7.144e-01 2.710e-01 2.588e-03 7.068e-04 6.420e-03 -1.000 1.461e-02 6.485 9.050 7.970 6.928 6.242 5.749 5.050 4.476 4.393
0.01471 0.00000 9.00000 0.7510547638 2.4003161194    0.751 -0.683  3.6759  4.652    1  0.000  0.538     0.00     0.00     0.00     0.00     0.00 -1 -1.42e-14      0.00 7.144e-01 2.710e-01 2.588e-03 7.068e-04 6.420e-03 -1.000 1.461e-02 6.478 9.032 7.957 6.917 6.233 5.741 5.045 4.471 4.389
0.01471 0.00000 9.00000 0.8000000119 2.4187244405    0.800 -0.554  3.6957  4.630    1  0.000  0.537     0.00     0.00     0.00     0.00     0.00 -1  -1.9e-14      0.00 7.150e-01 2.705e-01 2.584e-03 7.057e-04 6.411e-03 -1.000 1.459e-02 6.155 8.287 7.417 6.468 5.860 5.415 4.786 4.274 4.202
0.01471 0.00000 9.00000 0.8010122180 2.4190779167    0.801 -0.551  3.6961  4.630    1  0.000  0.537     0.00     0.00     0.00     0.00     0.00 -1 -1.91e-14      0.00 7.150e-01 2.704e-01 2.584e-03 7.057e-04 6.410e-03 -1.000 1.458e-02 6.149 8.272 7.407 6.459 5.853 5.408 4.781 4.270 4.198
0.01471 0.00000 9.00000 0.8500000238 2.4350346840    0.850 -0.428  3.7149  4.607    1  0.000  0.537     0.00     0.00     0.00     0.00     0.00 -1 -2.52e-14      0.00 7.156e-01 2.700e-01 2.580e-03 7.045e-04 6.400e-03 -1.000 1.449e-02 5.841 7.599 6.926 6.056 5.514 5.105 4.539 4.083 4.019
0.01471 0.00000 9.00000 0.8999999762 2.4492786016    0.899 -0.309  3.7324  4.582    1  0.000  0.537     0.00     0.00     0.00     0.00     0.00 -1 -3.32e-14      0.00 7.162e-01 2.692e-01 2.574e-03 7.029e-04 6.385e-03 -1.000 1.452e-02 5.542 6.993 6.490 5.688 5.197 4.817 4.306 3.898 3.840
0.01471 0.00000 9.00000 0.9066366553 2.4510339126    0.906 -0.293  3.7345  4.578    1  0.000  0.537     0.00     0.00     0.00     0.00     0.00 -1 -3.45e-14      0.00 7.164e-01 2.691e-01 2.573e-03 7.026e-04 6.383e-03 -1.000 1.452e-02 5.503 6.919 6.435 5.642 5.156 4.780 4.276 3.873 3.816
0.01471 0.00000 9.00000 0.9499999881 2.4618121868    0.950 -0.194  3.7480  4.554    1  0.000  0.537     0.00     0.00     0.00     0.00     0.00 -1 -4.35e-14      0.00 7.172e-01 2.683e-01 2.566e-03 7.008e-04 6.367e-03 -1.000 1.451e-02 5.256 6.436 6.089 5.351 4.906 4.552 4.088 3.717 3.667
0.01471 0.00000 9.00000 0.9986042380 2.4726228043    0.999 -0.087  3.7618  4.524    1  0.000  0.537     0.00     0.00     0.00     0.00     0.00 -1 -5.63e-14      0.00 7.185e-01 2.671e-01 2.556e-03 6.981e-04 6.342e-03 -1.000 1.442e-02 4.988 5.953 5.732 5.051 4.642 4.309 3.882 3.542 3.498
0.01471 0.00000 9.00000 1.0000000000 2.4729154477    1.000 -0.084  3.7621  4.523    1  0.000  0.537     0.00     0.00     0.00     0.00     0.00 -1 -5.67e-14      0.00 7.185e-01 2.671e-01 2.556e-03 6.980e-04 6.341e-03 -1.000 1.441e-02 4.980 5.940 5.722 5.042 4.635 4.302 3.876 3.537 3.493
0.01471 0.00000 9.00000 1.0180330276 2.4766135269    1.018 -0.045  3.7667  4.510    1  0.000  0.537     0.00     0.00     0.00     0.00     0.00 -1 -6.06e-14      0.00 7.192e-01 2.664e-01 2.550e-03 6.966e-04 6.328e-03 -1.000 1.437e-02 4.883 5.777 5.596 4.936 4.540 4.215 3.802 3.472 3.431
0.01471 0.00000 9.00000 1.0499999523 2.4828114860    1.049  0.022  3.7747  4.488    1  0.000  0.537     0.00     0.00     0.00     0.00     0.00 -1 -6.83e-14      0.00 7.205e-01 2.652e-01 2.540e-03 6.938e-04 6.304e-03 -1.000 1.430e-02 4.714 5.501 5.378 4.753 4.378 4.065 3.673 3.360 3.323
0.01471 0.00000 9.00000 1.1000000238 2.4916801480    1.099  0.125  3.7861  4.450    1  0.000  0.537     0.00     0.00     0.00     0.00     0.00 -1 -8.15e-14      0.00 7.237e-01 2.621e-01 2.514e-03 6.870e-04 6.242e-03 -1.000 1.416e-02 4.457 5.111 5.056 4.480 4.132 3.838 3.473 3.184 3.152
0.01471 0.00000 9.00000 1.1217247248 2.4952513751    1.121  0.169  3.7906  4.433    1  0.000  0.537     0.00     0.00     0.00     0.00     0.00 -1 -8.75e-14      0.00 7.253e-01 2.606e-01 2.503e-03 6.839e-04 6.215e-03 -1.000 1.411e-02 4.348 4.955 4.922 4.366 4.028 3.741 3.388 3.108 3.078
0.01471 0.00000 9.00000 1.1499999762 2.4996678137    1.149  0.224  3.7964  4.412    1  0.000  0.537     0.00     0.00     0.00     0.00     0.00 -1 -9.59e-14      0.00 7.274e-01 2.586e-01 2.488e-03 6.798e-04 6.179e-03 -1.000 1.405e-02 4.209 4.763 4.753 4.222 3.897 3.619 3.279 3.011 2.983
0.01471 0.00000 9.00000 1.2000000477 2.5068948796    1.199  0.320  3.8062  4.373    1  0.000  0.537     0.00     0.00     0.00     0.00     0.00 -1 -1.11e-13      0.00 7.272e-01 2.587e-01 2.496e-03 6.823e-04 6.202e-03 -1.000 1.408e-02 3.969 4.443 4.464 3.974 3.670 3.408 3.091 2.842 2.817
0.01471 0.00000 9.00000 1.2500000000 2.5134610955    1.250  0.411  3.8153  4.337    1  0.000  0.536     0.00     0.00     0.00     0.00     0.00 -1 -1.26e-13      0.00 7.275e-01 2.584e-01 2.495e-03 6.821e-04 6.201e-03 -1.000 1.410e-02 3.742 4.156 4.194 3.741 3.456 3.209 2.913 2.681 2.660
0.01471 0.00000 9.00000 1.2523998022 2.5137611183    1.252  0.415  3.8157  4.335    1  0.000  0.536     0.00     0.00     0.00     0.00     0.00 -1 -1.27e-13      0.00 7.276e-01 2.583e-01 2.495e-03 6.821e-04 6.201e-03 -1.000 1.410e-02 3.732 4.143 4.182 3.730 3.446 3.199 2.904 2.674 2.652
0.01471 0.00000 9.00000 1.2999999523 2.5194498592    1.300  0.497  3.8240  4.303    1  0.000  0.536     0.00     0.00     0.00     0.00     0.00 -1  -1.4e-13      0.00 7.278e-01 2.581e-01 2.493e-03 6.815e-04 6.196e-03 -1.000 1.411e-02 3.527 3.898 3.941 3.518 3.250 3.017 2.742 2.528 2.508
0.01471 0.00000 9.00000 1.3100297451 2.5205880479    1.310  0.514  3.8258  4.296    1  0.000  0.536     0.00     0.00     0.00     0.00     0.00 -1 -1.42e-13      0.00 7.277e-01 2.582e-01 2.494e-03 6.818e-04 6.198e-03 -1.000 1.411e-02 3.485 3.848 3.891 3.475 3.211 2.981 2.710 2.499 2.480
0.01471 0.00000 9.00000 1.3499999046 2.5249313472    1.350  0.580  3.8327  4.272    1  0.000  0.537     0.00     0.00     0.00     0.00     0.00 -1  -1.5e-13      0.00 7.271e-01 2.588e-01 2.498e-03 6.829e-04 6.207e-03 -1.000 1.410e-02 3.321 3.656 3.699 3.306 3.055 2.837 2.582 2.386 2.367
0.01471 0.00000 9.00000 1.3999999762 2.5299650300    1.400  0.658  3.8417  4.245    1  0.000  0.537     0.00     0.00     0.00     0.00     0.00 -1 -1.56e-13      0.00 7.273e-01 2.586e-01 2.496e-03 6.822e-04 6.202e-03 -1.000 1.412e-02 3.125 3.432 3.468 3.104 2.871 2.668 2.433 2.254 2.237
0.01471 0.00000 9.00000 1.4399902821 2.5337029813    1.440  0.719  3.8495  4.228    1  0.000  0.537     0.00     0.00     0.00     0.00     0.00 -1 -1.56e-13      0.00 7.276e-01 2.583e-01 2.494e-03 6.817e-04 6.198e-03 -1.000 1.413e-02 2.973 3.259 3.288 2.948 2.730 2.542 2.324 2.161 2.144
0.01471 0.00000 9.00000 1.4500000477 2.5346015836    1.450  0.734  3.8514  4.223    1  0.000  0.536     0.00     0.00     0.00     0.00     0.00 -1 -1.56e-13      0.00 7.276e-01 2.582e-01 2.493e-03 6.816e-04 6.197e-03 -1.000 1.414e-02 2.936 3.217 3.244 2.909 2.696 2.510 2.297 2.137 2.121
0.01471 0.00000 9.00000 1.4882066250 2.5379040649    1.488  0.789  3.8591  4.210    1  0.000  0.536     0.00     0.00     0.00     0.00     0.00 -1  -1.5e-13      0.00 7.279e-01 2.580e-01 2.491e-03 6.811e-04 6.192e-03 -1.000 1.411e-02 2.797 3.060 3.078 2.765 2.567 2.396 2.199 2.054 2.039
0.01471 0.00000 9.00000 1.5000000000 2.5388844597    1.500  0.806  3.8613  4.205    1  0.000  0.536     0.00     0.00     0.00     0.00     0.00 -1 -1.48e-13      0.00 7.280e-01 2.579e-01 2.491e-03 6.810e-04 6.191e-03 -1.000 1.410e-02 2.754 3.013 3.028 2.722 2.529 2.361 2.169 2.029 2.014
0.01471 0.00000 9.00000 1.5499999523 2.5428511323    1.550  0.876  3.8703  4.186    1  0.000  0.536     0.00     0.00     0.00     0.00     0.00 -1 -1.31e-13      0.00 7.283e-01 2.577e-01 2.489e-03 6.802e-04 6.187e-03 -1.000 1.402e-02 2.581 2.825 2.826 2.544 2.369 2.218 2.045 1.922 1.907
0.01471 0.00000 9.00000 1.5916202068 2.5459353600    1.591  0.932  3.8768  4.167    1  0.000  0.536     0.00     0.00     0.00     0.00     0.00 -1 -1.07e-13      0.00 7.284e-01 2.576e-01 2.488e-03 6.800e-04 6.185e-03 -1.000 1.408e-02 2.440 2.675 2.666 2.402 2.240 2.102 1.942 1.831 1.817
0.01471 0.00000 9.00000 1.6000000238 2.5465340628    1.600  0.943  3.8780  4.163    1  0.000  0.536     0.00     0.00     0.00     0.00     0.00 -1 -1.03e-13      0.00 7.284e-01 2.576e-01 2.488e-03 6.802e-04 6.184e-03 -1.000 1.407e-02 2.412 2.645 2.634 2.373 2.214 2.078 1.921 1.811 1.798
0.01471 0.00000 9.00000 1.6272027493 2.5484288036    1.627  0.979  3.8815  4.148    1  0.000  0.536     0.00     0.00     0.00     0.00     0.00 -1 -7.72e-14      0.00 7.284e-01 2.575e-01 2.488e-03 6.801e-04 6.183e-03 -1.000 1.404e-02 2.323 2.551 2.533 2.282 2.131 2.002 1.852 1.748 1.735
0.01471 0.00000 9.00000 1.6500000954 2.5499614852    1.649  1.009  3.8841  4.135    1  0.000  0.536     0.00     0.00     0.00     0.00     0.00 -1  -6.1e-14      0.00 7.284e-01 2.575e-01 2.487e-03 6.801e-04 6.183e-03 -1.000 1.407e-02 2.248 2.473 2.450 2.207 2.061 1.937 1.792 1.693 1.680
0.01471 0.00000 9.00000 1.6637744904 2.5508641738    1.663  1.027  3.8856  4.127    1  0.000  0.536     0.00     0.00     0.00     0.00     0.00 -1 -1.31e-18      0.00 7.284e-01 2.575e-01 2.488e-03 6.801e-04 6.183e-03 -1.000 1.408e-02 2.203 2.427 2.400 2.161 2.019 1.898 1.756 1.660 1.647
0.01471 0.00000 9.00000 1.7000000477 2.5531580802    1.699  1.074  3.8890  4.103    1  0.000  0.537     0.00     0.00     0.00     0.00     0.00 -1    -1e-30      0.00 7.284e-01 2.576e-01 2.488e-03 6.804e-04 6.183e-03 -1.000 1.407e-02 2.085 2.305 2.271 2.042 1.907 1.793 1.658 1.568 1.555
0.01471 0.00000 9.00000 1.7298630476 2.5549662417    1.729  1.112  3.8916  4.082    1  0.000  0.537     0.00     0.00     0.00     0.00     0.00 -1    -1e-30      0.00 7.284e-01 2.576e-01 2.488e-03 6.805e-04 6.182e-03 -1.000 1.405e-02 1.989 2.206 2.166 1.945 1.816 1.707 1.577 1.492 1.479
0.01471 0.00000 9.00000 1.7500000000 2.5561455243    1.749  1.138  3.8929  4.066    1  0.000  0.537     0.00     0.00     0.00     0.00     0.00 -1    -1e-30      0.00 7.283e-01 2.576e-01 2.489e-03 6.805e-04 6.183e-03 -1.000 1.403e-02 1.924 2.140 2.096 1.880 1.754 1.648 1.520 1.438 1.425
0.01471 0.00000 9.00000 1.7665035725 2.5570890058    1.765  1.159  3.8940  4.053    1  0.000  0.537     0.00     0.00     0.00     0.00     0.00 -1    -1e-30      0.00 7.283e-01 2.577e-01 2.489e-03 6.806e-04 6.183e-03 -1.000 1.406e-02 1.872 2.087 2.039 1.827 1.703 1.599 1.474 1.393 1.380
0.01471 0.00000 9.00000 1.7961140871 2.5587319145    1.795  1.197  3.8952  4.027    1  0.000  0.537     0.00     0.00     0.00     0.00     0.00 -1    -1e-30      0.00 7.282e-01 2.577e-01 2.489e-03 6.808e-04 6.185e-03 -1.000 1.408e-02 1.777 1.991 1.938 1.731 1.611 1.510 1.386 1.308 1.294
0.01471 0.00000 9.00000 1.7999998331 2.5589429021    1.799  1.202  3.8952  4.024    1  0.000  0.537     0.00     0.00     0.00     0.00     0.00 -1    -1e-30      0.00 7.282e-01 2.577e-01 2.489e-03 6.809e-04 6.186e-03 -1.000 1.408e-02 1.764 1.979 1.925 1.718 1.598 1.497 1.374 1.296 1.282
0.01471 0.00000 9.00000 1.8225686550 2.5601479123    1.821  1.231  3.8956  4.001    1  0.000  0.537     0.00     0.00     0.00     0.00     0.00 -1    -1e-30      0.00 7.281e-01 2.578e-01 2.490e-03 6.812e-04 6.186e-03 -1.000 1.405e-02 1.692 1.907 1.850 1.645 1.526 1.427 1.304 1.226 1.213
0.01471 0.00000 9.00000 1.8499999046 2.5615671142    1.849  1.266  3.8954  3.972    1  0.000  0.537     0.00     0.00     0.00     0.00     0.00 -1    -1e-30      0.00 7.280e-01 2.580e-01 2.491e-03 6.817e-04 6.187e-03 -1.000 1.408e-02 1.604 1.820 1.759 1.556 1.438 1.339 1.215 1.138 1.124
0.01471 0.00000 9.00000 1.8551179171 2.5618265659    1.854  1.273  3.8953  3.966    1  0.000  0.537     0.00     0.00     0.00     0.00     0.00 -1    -1e-30      0.00 7.279e-01 2.580e-01 2.491e-03 6.817e-04 6.188e-03 -1.000 1.409e-02 1.588 1.804 1.743 1.540 1.422 1.322 1.199 1.121 1.108
0.01471 0.00000 9.00000 1.8823246956 2.5631785872    1.881  1.307  3.8942  3.934    1  0.000  0.537     0.00     0.00     0.00     0.00     0.00 -1    -1e-30      0.00 7.278e-01 2.581e-01 2.492e-03 6.818e-04 6.191e-03 -1.000 1.411e-02 1.502 1.720 1.656 1.452 1.333 1.232 1.106 1.028 1.014
0.01471 0.00000 9.00000 1.8999999762 2.5640331260    1.899  1.329  3.8927  3.910    1  0.000  0.537     0.00     0.00     0.00     0.00     0.00 -1    -1e-30      0.00 7.277e-01 2.582e-01 2.493e-03 6.819e-04 6.193e-03 -1.000 1.411e-02 1.447 1.667 1.602 1.396 1.274 1.171 1.042 0.962 0.948
0.01471 0.00000 9.00000 1.9149891138 2.5647436018    1.914  1.348  3.8914  3.890    1  0.000  0.537     0.00     0.00     0.00     0.00     0.00 -1    -1e-30      0.00 7.276e-01 2.582e-01 2.493e-03 6.820e-04 6.195e-03 -1.000 1.412e-02 1.400 1.622 1.556 1.348 1.224 1.119 0.988 0.906 0.892
0.01471 0.00000 9.00000 1.9452922344 2.5661415669    1.945  1.386  3.8872  3.842    1  0.000  0.537     0.00     0.00     0.00     0.00     0.00 -1    -1e-30      0.00 7.275e-01 2.584e-01 2.495e-03 6.823e-04 6.198e-03 -1.000 1.407e-02 1.306 1.536 1.469 1.251 1.120 1.009 0.869 0.781 0.766
0.01471 0.00000 9.00000 1.9500000477 2.5663542714    1.950  1.391  3.8863  3.834    1  0.000  0.537     0.00     0.00     0.00     0.00     0.00 -1    -1e-30      0.00 7.275e-01 2.585e-01 2.495e-03 6.823e-04 6.199e-03 -1.000 1.406e-02 1.292 1.523 1.457 1.237 1.104 0.991 0.850 0.761 0.746
0.01471 0.00000 9.00000 1.9707070589 2.5672759794    1.971  1.416  3.8823  3.797    1  0.000  0.537     0.00     0.00     0.00     0.00     0.00 -1    -1e-30      0.00 7.273e-01 2.586e-01 2.496e-03 6.826e-04 6.201e-03 -1.000 1.406e-02 1.229 1.468 1.402 1.173 1.033 0.913 0.764 0.668 0.653
0.01471 0.00000 9.00000 1.9972145557 2.5684238604    1.997  1.448  3.8752  3.744    1  0.000  0.537     0.00     0.00     0.00     0.00     0.00 -1    -1e-30      0.00 7.271e-01 2.588e-01 2.498e-03 6.830e-04 6.205e-03 -1.000 1.409e-02 1.151 1.405 1.341 1.093 0.940 0.809 0.645 0.539 0.522
0.01471 0.00000 9.00000 2.0000000000 2.5685424513    2.000  1.451  3.8743  3.737    1  0.000  0.537     0.00     0.00     0.00     0.00     0.00 -1    -1e-30      0.00 7.271e-01 2.588e-01 2.498e-03 6.830e-04 6.205e-03 -1.000 1.410e-02 1.143 1.399 1.335 1.085 0.930 0.797 0.632 0.523 0.507
0.01471 0.00000 9.00000 2.0167863369 2.5692491644    2.017  1.470  3.8685  3.698    1  0.000  0.537     0.00     0.00     0.00     0.00     0.00 -1    -1e-30      0.00 7.270e-01 2.589e-01 2.499e-03 6.833e-04 6.208e-03 -1.000 1.414e-02 1.094 1.363 1.301 1.036 0.870 0.727 0.550 0.432 0.415
0.01471 0.00000 9.00000 2.0373423100 2.5700963657    2.037  1.494  3.8603  3.646    1  0.000  0.537     0.00     0.00     0.00     0.00     0.00 -1    -1e-30      0.00 7.268e-01 2.591e-01 2.500e-03 6.837e-04 6.211e-03 -1.000 1.413e-02 1.036 1.325 1.266 0.979 0.797 0.639 0.445 0.313 0.294
0.01471 0.00000 9.00000 2.0499999523 2.5706083333    2.050  1.508  3.8545  3.612    1  0.000  0.537     0.00     0.00     0.00     0.00     0.00 -1    -1e-30      0.00 7.267e-01 2.592e-01 2.501e-03 6.840e-04 6.214e-03 -1.000 1.412e-02 1.000 1.306 1.249 0.945 0.752 0.584 0.378 0.236 0.216
0.01471 0.00000 9.00000 2.0582773685 2.5709392193    2.058  1.517  3.8506  3.589    1  0.000  0.537     0.00     0.00     0.00     0.00     0.00 -1    -1e-30      0.00 7.266e-01 2.593e-01 2.502e-03 6.841e-04 6.215e-03 -1.000 1.412e-02 0.977 1.295 1.239 0.924 0.723 0.548 0.333 0.184 0.164
0.01471 0.00000 9.00000 2.0722017288 2.5714889870    2.071  1.533  3.8430  3.546    1  0.000  0.537     0.00     0.00     0.00     0.00     0.00 -1    -1e-30      0.00 7.265e-01 2.594e-01 2.503e-03 6.842e-04 6.218e-03 -1.000 1.414e-02 0.938 1.281 1.226 0.889 0.673 0.484 0.253 0.090 0.068
0.01471 0.00000 9.00000 2.0884652138 2.5721204471    2.087  1.555  3.8357  3.498    1  0.000  0.537     0.00     0.00     0.00     0.00     0.00 -1    -1e-30      0.00 7.263e-01 2.595e-01 2.504e-03 6.845e-04 6.221e-03 -1.000 1.415e-02 0.883 1.252 1.197 0.838 0.607 0.406 0.158 -0.019 -0.042
0.01471 0.00000 9.00000 2.0959124565 2.5724058412    2.095  1.567  3.8332  3.477    1  0.000  0.537     0.00     0.00     0.00     0.00     0.00 -1    -1e-30      0.00 7.262e-01 2.596e-01 2.505e-03 6.846e-04 6.223e-03 -1.000 1.414e-02 0.854 1.233 1.177 0.810 0.575 0.369 0.116 -0.066 -0.089
0.01471 0.00000 9.00000 2.0999999046 2.5725614918    2.099  1.581  3.8373  3.480    1  0.000  0.537     0.00     0.00     0.00     0.00     0.00 -1    -1e-30      0.00 7.262e-01 2.597e-01 2.505e-03 6.847e-04 6.224e-03 -1.000 1.413e-02 0.816 1.181 1.123 0.769 0.543 0.345 0.100 -0.073 -0.096
0.01471 0.00000 9.00000 2.1018009186 2.5726298537    2.101  1.588  3.8392  3.481    1  0.000  0.537     0.00     0.00     0.00     0.00     0.00 -1    -1e-30      0.00 7.262e-01 2.597e-01 2.505e-03 6.847e-04 6.224e-03 -1.000 1.412e-02 0.800 1.158 1.098 0.751 0.528 0.334 0.094 -0.076 -0.098
0.01471 0.00000 9.00000 2.1052856445 2.5727617433    2.104  1.610  3.8485  3.497    1  0.000  0.537     0.00     0.00     0.00     0.00     0.00 -1    -1e-30      0.00 7.262e-01 2.597e-01 2.505e-03 6.848e-04 6.225e-03 -1.000 1.412e-02 0.746 1.074 1.008 0.690 0.487 0.309 0.090 -0.062 -0.083
0.01471 0.00000 9.00000 2.1066296101 2.5728124755    2.106  1.629  3.8584  3.518    1  0.000  0.537     0.00     0.00     0.00     0.00     0.00 -1    -1e-30      0.00 7.261e-01 2.597e-01 2.505e-03 6.849e-04 6.225e-03 -1.000 1.413e-02 0.698 0.998 0.924 0.637 0.454 0.295 0.097 -0.036 -0.056
0.01471 0.00000 9.00000 2.1073169708 2.5728383933    2.106  1.648  3.8683  3.539    1  0.000  0.537     0.00     0.00     0.00     0.00     0.00 -1    -1e-30      0.00 7.261e-01 2.597e-01 2.505e-03 6.849e-04 6.225e-03 -1.000 1.413e-02 0.650 0.926 0.844 0.585 0.423 0.283 0.105 -0.010 -0.028
0.01471 0.00000 9.00000 2.1077179909 2.5728535054    2.107  1.668  3.8782  3.558    1  0.000  0.537     0.00     0.00     0.00     0.00     0.00 -1    -1e-30      0.00 7.261e-01 2.598e-01 2.505e-03 6.849e-04 6.225e-03 -1.000 1.413e-02 0.599 0.852 0.761 0.532 0.391 0.269 0.111 0.013 -0.005
0.01471 0.00000 9.00000 2.1079645157 2.5728627921    2.107  1.691  3.8878  3.574    1  0.000  0.537     0.00     0.00     0.00     0.00     0.00 -1    -1e-30      0.00 7.261e-01 2.598e-01 2.505e-03 6.849e-04 6.226e-03 -1.000 1.413e-02 0.542 0.776 0.675 0.477 0.355 0.251 0.112 0.029 0.013
0.01471 0.00000 9.00000 2.1081302166 2.5728690327    2.107  1.714  3.8969  3.587    1  0.000  0.537     0.00     0.00     0.00     0.00     0.00 -1    -1e-30      0.00 7.261e-01 2.598e-01 2.505e-03 6.849e-04 6.226e-03 -1.000 1.413e-02 0.484 0.700 0.591 0.423 0.320 0.231 0.109 0.038 0.023
0.01471 0.00000 9.00000 2.1082367897 2.5728730459    2.107  1.725  3.9018  3.596    1  0.000  0.537     0.00     0.00     0.00     0.00     0.00 -1    -1e-30      0.00 7.261e-01 2.598e-01 2.505e-03 6.849e-04 6.226e-03 -1.000 1.413e-02 0.457 0.664 0.553 0.401 0.307 0.225 0.112 0.049 0.034
0.01471 0.00000 9.00000 2.1082985401 2.5728753710    2.107  1.701  3.8969  3.601    2  0.000  0.537     0.00     0.00     0.00     0.00     0.00 -1    -1e-30      0.00 7.261e-01 2.598e-01 2.505e-03 6.849e-04 6.226e-03 -1.000 1.413e-02 0.518 0.734 0.627 0.458 0.354 0.265 0.143 0.073 0.058
0.01471 0.00000 9.00000 2.1083567142 2.5728775613    2.107  1.674  3.8894  3.597    2  0.000  0.537     0.00     0.00     0.00     0.00     0.00 -1    -1e-30      0.00 7.261e-01 2.598e-01 2.505e-03 6.849e-04 6.226e-03 -1.000 1.413e-02 0.585 0.815 0.715 0.521 0.401 0.299 0.164 0.083 0.067
0.01471 0.00000 9.00000 2.1084120274 2.5728796437    2.107  1.657  3.8804  3.578    2  0.000  0.537     0.00     0.00     0.00     0.00     0.00 -1    -1e-30      0.00 7.261e-01 2.598e-01 2.505e-03 6.849e-04 6.226e-03 -1.000 1.413e-02 0.628 0.876 0.785 0.562 0.424 0.306 0.153 0.058 0.041
0.01471 0.00000 9.00000 2.1084871292 2.5728824710    2.107  1.651  3.8688  3.538    2  0.000  0.537     0.00     0.00     0.00     0.00     0.00 -1    -1e-30      0.00 7.261e-01 2.598e-01 2.505e-03 6.849e-04 6.226e-03 -1.000 1.413e-02 0.643 0.917 0.834 0.577 0.416 0.277 0.101 -0.013 -0.032
0.01471 0.00000 9.00000 2.1085760593 2.5728858185    2.108  1.657  3.8572  3.485    2  0.000  0.537     0.00     0.00     0.00     0.00     0.00 -1    -1e-30      0.00 7.261e-01 2.598e-01 2.505e-03 6.849e-04 6.226e-03 -1.000 1.413e-02 0.626 0.931 0.854 0.564 0.380 0.219 0.019 -0.115 -0.136
0.01471 0.00000 9.00000 2.1086804867 2.5728897490    2.108  1.666  3.8456  3.430    2  0.000  0.537     0.00     0.00     0.00     0.00     0.00 -1    -1e-30      0.00 7.261e-01 2.598e-01 2.505e-03 6.849e-04 6.226e-03 -1.000 1.413e-02 0.606 0.946 0.875 0.550 0.342 0.160 -0.066 -0.221 -0.243
0.01471 0.00000 9.00000 2.1087987423 2.5728941994    2.108  1.670  3.8339  3.379    2  0.000  0.537     0.00     0.00     0.00     0.00     0.00 -1    -1e-30      0.00 7.261e-01 2.598e-01 2.505e-03 6.849e-04 6.226e-03 -1.000 1.413e-02 0.594 0.976 0.908 0.546 0.314 0.112 -0.140 -0.318 -0.342
0.01471 0.00000 9.00000 2.1089298725 2.5728991336    2.108  1.671  3.8226  3.333    2  0.000  0.537     0.00     0.00     0.00     0.00     0.00 -1    -1e-30      0.00 7.261e-01 2.598e-01 2.505e-03 6.849e-04 6.226e-03 -1.000 1.413e-02 0.591 1.023 0.953 0.553 0.298 0.076 -0.203 -0.403 -0.429
0.01471 0.00000 9.00000 2.1090741158 2.5729045605    2.108  1.670  3.8118  3.291    2  0.000  0.537     0.00     0.00     0.00     0.00     0.00 -1    -1e-30      0.00 7.261e-01 2.598e-01 2.506e-03 6.849e-04 6.226e-03 -1.000 1.413e-02 0.595 1.083 1.007 0.567 0.291 0.049 -0.254 -0.477 -0.505
0.01471 0.00000 9.00000 2.1092367172 2.5729106770    2.108  1.666  3.8018  3.255    2  0.000  0.537     0.00     0.00     0.00     0.00     0.00 -1    -1e-30      0.00 7.261e-01 2.598e-01 2.506e-03 6.849e-04 6.226e-03 -1.000 1.413e-02 0.605 1.162 1.070 0.588 0.289 0.030 -0.298 -0.540 -0.572
0.01471 0.00000 9.00000 2.1094300747 2.5729179491    2.108  1.659  3.7922  3.224    2  0.000  0.537     0.00     0.00     0.00     0.00     0.00 -1    -1e-30      0.00 7.261e-01 2.598e-01 2.506e-03 6.849e-04 6.226e-03 -1.000 1.413e-02 0.623 1.255 1.142 0.618 0.298 0.022 -0.329 -0.592 -0.627
0.01471 0.00000 9.00000 2.1096796989 2.5729273350    2.109  1.647  3.7824  3.197    2  0.000  0.537     0.00     0.00     0.00     0.00     0.00 -1    -1e-30      0.00 7.261e-01 2.598e-01 2.506e-03 6.850e-04 6.226e-03 -1.000 1.413e-02 0.653 1.370 1.230 0.662 0.320 0.027 -0.348 -0.632 -0.670
0.01471 0.00000 9.00000 2.1099984646 2.5729393170    2.109  1.627  3.7719  3.175    2  0.000  0.537     0.00     0.00     0.00     0.00     0.00 -1    -1e-30      0.00 7.261e-01 2.598e-01 2.506e-03 6.850e-04 6.226e-03 -1.000 1.413e-02 0.703 1.526 1.349 0.732 0.365 0.053 -0.351 -0.660 -0.702
0.01471 0.00000 9.00000 2.1102750301 2.5729497093    2.109  1.605  3.7636  3.164    2  0.000  0.537     0.00     0.00     0.00     0.00     0.00 -1    -1e-30      0.00 7.257e-01 2.601e-01 2.508e-03 6.856e-04 6.232e-03 -1.000 1.416e-02 0.758 1.670 1.459 0.805 0.419 0.092 -0.334 -0.664 -0.708
0.01471 0.00000 9.00000 2.1105723381 2.5729608776    2.110  1.575  3.7551  3.159    2  0.000  0.537     0.00     0.00     0.00     0.00     0.00 -1    -1e-30      0.00 7.234e-01 2.624e-01 2.525e-03 6.902e-04 6.272e-03 -1.000 1.426e-02 0.832 1.840 1.589 0.899 0.494 0.152 -0.298 -0.649 -0.696
0.01471 0.00000 9.00000 2.1108386517 2.5729708785    2.110  1.544  3.7477  3.161    2  0.000  0.537     0.00     0.00     0.00     0.00     0.00 -1    -1e-30      0.00 7.196e-01 2.661e-01 2.554e-03 6.978e-04 6.341e-03 -1.000 1.439e-02 0.911 2.008 1.718 0.997 0.575 0.220 -0.251 -0.621 -0.671
0.01471 0.00000 9.00000 2.1110694408 2.5729795430    2.110  1.514  3.7416  3.166    2  0.000  0.537     0.00     0.00     0.00     0.00     0.00 -1    -1e-30      0.00 7.173e-01 2.682e-01 2.571e-03 7.024e-04 6.382e-03 -1.000 1.451e-02 0.985 2.163 1.833 1.089 0.652 0.286 -0.204 -0.591 -0.642
0.01471 0.00000 9.00000 2.1113617420 2.5729905137    2.110  1.479  3.7339  3.171    2  0.000  0.537     0.00     0.00     0.00     0.00     0.00 -1    -1e-30      0.00 7.154e-01 2.701e-01 2.585e-03 7.062e-04 6.416e-03 -1.000 1.456e-02 1.073 2.357 1.977 1.201 0.746 0.368 -0.146 -0.553 -0.607
0.01471 0.00000 9.00000 2.1115806103 2.5729987260    2.111  1.456  3.7283  3.171    2  0.000  0.537     0.00     0.00     0.00     0.00     0.00 -1    -1e-30      0.00 7.144e-01 2.711e-01 2.593e-03 7.082e-04 6.433e-03 -1.000 1.458e-02 1.129 2.494 2.074 1.275 0.807 0.419 -0.112 -0.534 -0.590
0.01471 0.00000 9.00000 2.1119546890 2.5730127576    2.111  1.450  3.7198  3.144    3  0.000  0.537     0.00     0.00     0.00     0.00     0.00 -1    -1e-30      0.00 7.133e-01 2.720e-01 2.599e-03 7.100e-04 6.449e-03 -1.000 1.465e-02 1.145 2.640 2.154 1.320 0.831 0.429 -0.129 -0.575 -0.633
0.01471 0.00000 9.00000 2.1124029160 2.5730295630    2.111  1.472  3.7110  3.087    3  0.000  0.535     0.00     0.00     0.00     0.00     0.00 -1    -1e-30      0.00 7.122e-01 2.731e-01 2.593e-03 7.146e-04 6.462e-03 -1.000 1.469e-02 1.090 2.732 2.171 1.299 0.788 0.371 -0.217 -0.687 -0.748
0.01471 0.00000 9.00000 2.1127762794 2.5730435552    2.112  1.510  3.7052  3.026    3  0.000  0.515     0.00     0.00     0.00     0.00     0.00 -1    -1e-30      0.00 7.112e-01 2.741e-01 2.499e-03 7.944e-04 6.469e-03 -1.000 1.472e-02 0.996 2.740 2.127 1.229 0.703 0.275 -0.332 -0.818 -0.882
0.01471 0.00000 9.00000 2.1130743027 2.5730547199    2.112  1.546  3.7013  2.974    3  0.000  0.480     0.00     0.00     0.00     0.00     0.00 -1    -1e-30      0.00 7.103e-01 2.749e-01 2.331e-03 9.754e-04 6.472e-03 -1.000 1.474e-02 0.905 2.718 2.070 1.154 0.619 0.184 -0.437 -0.934 -1.000
0.01471 0.00000 9.00000 2.1133723259 2.5730658809    2.112  1.585  3.6978  2.922    3  0.000  0.440     0.00     0.00     0.00     0.00     0.00 -1    -1e-30      0.00 7.093e-01 2.759e-01 2.139e-03 1.205e-03 6.475e-03 -1.000 1.477e-02 0.809 2.686 2.005 1.074 0.529 0.088 -0.545 -1.052 -1.119
0.01471 0.00000 9.00000 2.1136672497 2.5730769224    2.113  1.624  3.6947  2.870    3  0.000  0.411     0.00     0.00     0.00     0.00     0.00 -1    -1e-30      0.00 7.083e-01 2.769e-01 1.999e-03 1.379e-03 6.477e-03 -1.000 1.480e-02 0.710 2.646 1.935 0.990 0.437 -0.010 -0.655 -1.170 -1.239
0.01471 0.00000 9.00000 2.1139543056 2.5730876658    2.113  1.663  3.6917  2.818    3  0.000  0.392     0.00     0.00     0.00     0.00     0.00 -1    -1e-30      0.00 7.073e-01 2.779e-01 1.907e-03 1.493e-03 6.480e-03 -1.000 1.485e-02 0.612 2.602 1.864 0.905 0.345 -0.108 -0.763 -1.287 -1.358
0.01471 0.00000 9.00000 2.1142323017 2.5730980670    2.113  1.702  3.6889  2.768    3  0.000  0.380     0.00     0.00     0.00     0.00     0.00 -1    -1e-30      0.00 7.063e-01 2.788e-01 1.847e-03 1.574e-03 6.483e-03 -1.000 1.488e-02 0.514 2.558 1.793 0.821 0.254 -0.205 -0.870 -1.402 -1.474
0.01471 0.00000 9.00000 2.1145050526 2.5731082689    2.113  1.741  3.6862  2.718    3  0.000  0.372     0.00     0.00     0.00     0.00     0.00 -1    -1e-30      0.00 7.048e-01 2.804e-01 1.804e-03 1.654e-03 6.462e-03 -1.000 1.489e-02 0.417 2.515 1.722 0.739 0.163 -0.301 -0.976 -1.516 -1.590
0.01471 0.00000 9.00000 2.1147761345 2.5731184053    2.114  1.780  3.6835  2.670    3  0.000  0.369     0.00     0.00     0.00     0.00     0.00 -1    -1e-30      0.00 7.023e-01 2.829e-01 1.771e-03 1.754e-03 6.395e-03 -1.000 1.487e-02 0.321 2.471 1.652 0.657 0.074 -0.395 -1.080 -1.628 -1.703
0.01471 0.00000 9.00000 2.1149792671 2.5731259990    2.114  1.808  3.6816  2.634    3  0.000  0.368     0.00     0.00     0.00     0.00     0.00 -1    -1e-30      0.00 6.999e-01 2.852e-01 1.749e-03 1.831e-03 6.337e-03 -1.000 1.488e-02 0.250 2.436 1.600 0.595 0.008 -0.466 -1.158 -1.711 -1.787
0.01471 0.00000 9.00000 2.1150491238 2.5731286101    2.114  1.818  3.6810  2.621    3  0.000  0.368     0.00     0.00     0.00     0.00     0.00 -1    -1e-30      0.00 6.991e-01 2.860e-01 1.743e-03 1.856e-03 6.318e-03 -1.000 1.489e-02 0.225 2.424 1.581 0.574 -0.015 -0.490 -1.184 -1.739 -1.816
0.01471 0.00000 9.00000 2.1153280735 2.5731390345    2.114  1.857  3.6784  2.571    3  0.000  0.367     0.00     0.00     0.00     0.00     0.00 -1    -1e-30      0.00 6.956e-01 2.894e-01 1.720e-03 1.945e-03 6.248e-03 -1.000 1.494e-02 0.126 2.378 1.508 0.489 -0.107 -0.587 -1.291 -1.854 -1.932
0.01471 0.00000 9.00000 2.1153976917 2.5731416357    2.114  1.867  3.6778  2.559    3  0.000  0.367     0.00     0.00     0.00     0.00     0.00 -1    -1e-30      0.00 6.949e-01 2.902e-01 1.716e-03 1.964e-03 6.232e-03 -1.000 1.488e-02 0.101 2.366 1.490 0.468 -0.130 -0.611 -1.318 -1.883 -1.961
0.01471 0.00000 9.00000 2.1154661179 2.5731441921    2.114  1.877  3.6771  2.546    3  0.000  0.367     0.00     0.00     0.00     0.00     0.00 -1    -1e-30      0.00 6.942e-01 2.910e-01 1.711e-03 1.980e-03 6.219e-03 -1.000 1.489e-02 0.077 2.354 1.472 0.447 -0.153 -0.636 -1.345 -1.911 -1.990
0.01471 0.00000 9.00000 2.1157362461 2.5731542824    2.115  1.917  3.6745  2.497    3  0.000  0.366     0.00     0.00     0.00     0.00     0.00 -1    -1e-30      0.00 6.913e-01 2.937e-01 1.696e-03 2.041e-03 6.170e-03 -1.000 1.492e-02 -0.022 2.311 1.401 0.364 -0.244 -0.732 -1.451 -2.025 -2.106
0.01471 0.00000 9.00000 2.1160020828 2.5731642094    2.115  1.956  3.6720  2.447    3  0.000  0.366     0.00     0.00     0.00     0.00     0.00 -1    -1e-30      0.00 6.889e-01 2.963e-01 1.684e-03 2.092e-03 6.129e-03 -1.000 1.489e-02 -0.119 2.281 1.335 0.281 -0.335 -0.829 -1.557 -2.139 -2.221
0.01471 0.00000 9.00000 2.1162624359 2.5731739289    2.115  1.995  3.6693  2.398    3  0.000  0.366     0.00     0.00     0.00     0.00     0.00 -1    -1e-30      0.00 6.868e-01 2.983e-01 1.675e-03 2.131e-03 6.098e-03 -1.000 1.489e-02 -0.217 2.254 1.269 0.199 -0.426 -0.925 -1.664 -2.253 -2.337
0.01471 0.00000 9.00000 2.1165177822 2.5731834589    2.115  2.034  3.6666  2.348    3  0.000  0.366     0.00     0.00     0.00     0.00     0.00 -1    -1e-30      0.00 6.851e-01 3.000e-01 1.667e-03 2.162e-03 6.073e-03 -1.000 1.490e-02 -0.315 2.231 1.207 0.119 -0.515 -1.021 -1.770 -2.367 -2.452
0.01471 0.00000 9.00000 2.1167678833 2.5731927905    2.116  2.073  3.6639  2.298    3  0.000  0.366     0.00     0.00     0.00     0.00     0.00 -1    -1e-30      0.00 6.838e-01 3.013e-01 1.662e-03 2.186e-03 6.053e-03 -1.000 1.486e-02 -0.412 2.208 1.144 0.039 -0.604 -1.116 -1.876 -2.480 -2.567
0.01471 0.00000 9.00000 2.1170086861 2.5732017727    2.116  2.111  3.6611  2.249    3  0.000  0.366     0.00     0.00     0.00     0.00     0.00 -1    -1e-30      0.00 6.827e-01 3.024e-01 1.657e-03 2.205e-03 6.038e-03 -1.000 1.488e-02 -0.507 2.188 1.084 -0.038 -0.691 -1.209 -1.979 -2.591 -2.680
0.01471 0.00000 9.00000 2.1173217297 2.5732134462    2.116  2.161  3.6575  2.184    3  0.000  0.366     0.00     0.00     0.00     0.00     0.00 -1    -1e-30      0.00 6.816e-01 3.035e-01 1.653e-03 2.223e-03 6.023e-03 -1.000 1.486e-02 -0.633 2.166 1.007 -0.138 -0.804 -1.331 -2.116 -2.739 -2.830
0.01471 0.00000 9.00000 2.1175866127 2.5732233206    2.116  2.204  3.6543  2.128    3  0.000  0.366     0.00     0.00     0.00     0.00     0.00 -1    -1e-30      0.00 6.810e-01 3.041e-01 1.650e-03 2.234e-03 6.015e-03 -1.000 1.486e-02 -0.741 2.150 0.943 -0.223 -0.901 -1.436 -2.233 -2.866 -2.959
0.01471 0.00000 9.00000 2.1178145409 2.5732318151    2.117  2.242  3.6514  2.079    3  0.000  0.366     0.00     0.00     0.00     0.00     0.00 -1    -1e-30      0.00 6.807e-01 3.045e-01 1.649e-03 2.239e-03 6.011e-03 -1.000 1.486e-02 -0.836 2.139 0.887 -0.297 -0.986 -1.527 -2.336 -2.978 -3.073
0.01471 0.00000 9.00000 2.1180753708 2.5732415332    2.117  2.287  3.6481  2.021    3  0.000  0.366     0.00     0.00     0.00     0.00     0.00 -1    -1e-30      0.00 6.804e-01 3.047e-01 1.648e-03 2.243e-03 6.008e-03 -1.000 1.486e-02 -0.947 2.128 0.824 -0.382 -1.084 -1.634 -2.456 -3.108 -3.205
0.01471 0.00000 9.00000 2.1183302402 2.5732510267    2.117  2.330  3.6448  1.965    3  0.000  0.366     0.00     0.00     0.00     0.00     0.00 -1    -1e-30      0.00 6.804e-01 3.048e-01 1.648e-03 2.244e-03 6.007e-03 -1.000 1.486e-02 -1.056 2.103 0.764 -0.467 -1.179 -1.738 -2.574 -3.232 -3.334
0.01471 0.00000 9.00000 2.1186125278 2.5732615383    2.117  2.378  3.6411  1.902    3  0.000  0.366     0.00     0.00     0.00     0.00     0.00 -1    -1e-30      0.00 6.803e-01 3.048e-01 1.648e-03 2.244e-03 6.007e-03 -1.000 1.486e-02 -1.175 2.068 0.699 -0.559 -1.282 -1.849 -2.701 -3.365 -3.472
0.01471 0.00000 9.00000 2.1188910007 2.5732719047    2.118  2.423  3.6376  1.843    3  0.000  0.366     0.00     0.00     0.00     0.00     0.00 -1    -1e-30      0.00 6.803e-01 3.048e-01 1.648e-03 2.244e-03 6.007e-03 -1.000 1.486e-02 -1.288 2.033 0.639 -0.646 -1.378 -1.954 -2.820 -3.490 -3.603
0.01471 0.00000 9.00000 2.1191809177 2.5732826938    2.118  2.464  3.6345  1.790    3  0.000  0.366     0.00     0.00     0.00     0.00     0.00 -1    -1e-30      0.00 6.803e-01 3.048e-01 1.648e-03 2.244e-03 6.007e-03 -1.000 1.486e-02 -1.390 1.998 0.582 -0.725 -1.465 -2.050 -2.929 -3.604 -3.722
0.01471 0.00000 9.00000 2.1193754673 2.5732899319    2.118  2.485  3.6328  1.762    3  0.000  0.366     0.00     0.00     0.00     0.00     0.00 -1    -1e-30      0.00 6.803e-01 3.048e-01 1.648e-03 2.245e-03 6.006e-03 -1.000 1.486e-02 -1.444 1.980 0.554 -0.765 -1.510 -2.099 -2.986 -3.663 -3.784
0.01471 0.00000 9.00000 2.1194310188 2.5732919984    2.118  2.465  3.6344  1.789    4  0.000  0.366     0.00     0.00     0.00     0.00     0.00 -1    -1e-30      0.00 6.803e-01 3.048e-01 1.648e-03 2.245e-03 6.006e-03 -1.000 1.486e-02 -1.392 1.997 0.581 -0.726 -1.467 -2.051 -2.931 -3.606 -3.724
0.01471 0.00000 9.00000 2.1194615364 2.5732931336    2.118  2.423  3.6377  1.844    4  0.000  0.366     0.00     0.00     0.00     0.00     0.00 -1    -1e-30      0.00 6.803e-01 3.048e-01 1.648e-03 2.245e-03 6.006e-03 -1.000 1.486e-02 -1.287 2.030 0.637 -0.647 -1.378 -1.954 -2.820 -3.489 -3.602
0.01471 0.00000 9.00000 2.1194865704 2.5732940648    2.118  2.381  3.6411  1.900    4  0.000  0.366     0.00     0.00     0.00     0.00     0.00 -1    -1e-30      0.00 6.803e-01 3.048e-01 1.648e-03 2.245e-03 6.006e-03 -1.000 1.486e-02 -1.182 2.061 0.693 -0.566 -1.289 -1.856 -2.707 -3.371 -3.478
0.01471 0.00000 9.00000 2.1195166111 2.5732951822    2.118  2.331  3.6450  1.965    4  0.000  0.366     0.00     0.00     0.00     0.00     0.00 -1    -1e-30      0.00 6.803e-01 3.048e-01 1.648e-03 2.245e-03 6.006e-03 -1.000 1.486e-02 -1.058 2.098 0.760 -0.469 -1.182 -1.740 -2.575 -3.233 -3.334
0.01471 0.00000 9.00000 2.1195538044 2.5732965656    2.118  2.280  3.6488  2.031    4  0.000  0.366     0.00     0.00     0.00     0.00     0.00 -1    -1e-30      0.00 6.803e-01 3.048e-01 1.648e-03 2.245e-03 6.006e-03 -1.000 1.486e-02 -0.931 2.121 0.829 -0.372 -1.071 -1.619 -2.439 -3.088 -3.185
0.01471 0.00000 9.00000 2.1196029186 2.5732983923    2.118  2.231  3.6526  2.096    4  0.000  0.366     0.00     0.00     0.00     0.00     0.00 -1    -1e-30      0.00 6.803e-01 3.048e-01 1.648e-03 2.245e-03 6.006e-03 -1.000 1.486e-02 -0.807 2.134 0.900 -0.277 -0.962 -1.500 -2.304 -2.942 -3.036
0.01471 0.00000 9.00000 2.1196665764 2.5733007597    2.119  2.182  3.6564  2.160    4  0.000  0.366     0.00     0.00     0.00     0.00     0.00 -1    -1e-30      0.00 6.803e-01 3.048e-01 1.648e-03 2.245e-03 6.006e-03 -1.000 1.486e-02 -0.685 2.147 0.971 -0.182 -0.852 -1.381 -2.171 -2.797 -2.889
0.01471 0.00000 9.00000 2.1197459698 2.5733037121    2.119  2.133  3.6600  2.223    4  0.000  0.366     0.00     0.00     0.00     0.00     0.00 -1    -1e-30      0.00 6.803e-01 3.048e-01 1.648e-03 2.245e-03 6.006e-03 -1.000 1.486e-02 -0.563 2.164 1.043 -0.086 -0.743 -1.263 -2.038 -2.654 -2.743
0.01471 0.00000 9.00000 2.1198403835 2.5733072228    2.119  2.085  3.6636  2.285    4  0.000  0.366     0.00     0.00     0.00     0.00     0.00 -1    -1e-30      0.00 6.803e-01 3.048e-01 1.648e-03 2.245e-03 6.006e-03 -1.000 1.486e-02 -0.443 2.186 1.117 0.010 -0.634 -1.147 -1.907 -2.512 -2.600
0.01471 0.00000 9.00000 2.1199514866 2.5733113536    2.119  2.039  3.6670  2.345    4  0.000  0.366     0.00     0.00     0.00     0.00     0.00 -1    -1e-30      0.00 6.803e-01 3.048e-01 1.648e-03 2.245e-03 6.006e-03 -1.000 1.486e-02 -0.329 2.208 1.188 0.103 -0.530 -1.035 -1.783 -2.378 -2.463
0.01471 0.00000 9.00000 2.1200847626 2.5733163081    2.119  1.996  3.6701  2.400    4  0.000  0.366     0.00     0.00     0.00     0.00     0.00 -1    -1e-30      0.00 6.803e-01 3.048e-01 1.648e-03 2.245e-03 6.006e-03 -1.000 1.486e-02 -0.221 2.230 1.256 0.190 -0.432 -0.930 -1.665 -2.252 -2.335
0.01471 0.00000 9.00000 2.1202588081 2.5733227771    2.119  1.956  3.6731  2.453    4  0.000  0.366     0.00     0.00     0.00     0.00     0.00 -1    -1e-30      0.00 6.803e-01 3.048e-01 1.648e-03 2.245e-03 6.006e-03 -1.000 1.486e-02 -0.120 2.255 1.322 0.274 -0.338 -0.829 -1.554 -2.132 -2.214
0.01471 0.00000 9.00000 2.1205155849 2.5733323189    2.119  1.915  3.6761  2.505    4  0.000  0.366     0.00     0.00     0.00     0.00     0.00 -1    -1e-30      0.00 6.803e-01 3.048e-01 1.648e-03 2.245e-03 6.006e-03 -1.000 1.486e-02 -0.019 2.280 1.388 0.357 -0.245 -0.730 -1.443 -2.013 -2.093
0.01471 0.00000 9.00000 2.1208903790 2.5733462415    2.120  1.870  3.6793  2.564    4  0.000  0.366     0.00     0.00     0.00     0.00     0.00 -1    -1e-30      0.00 6.803e-01 3.048e-01 1.648e-03 2.245e-03 6.006e-03 -1.000 1.486e-02 0.095 2.326 1.467 0.452 -0.141 -0.619 -1.320 -1.880 -1.957
0.01471 0.00000 9.00000 2.1211884022 2.5733573082    2.120  1.831  3.6822  2.615    4  0.000  0.366     0.00     0.00     0.00     0.00     0.00 -1    -1e-30      0.00 6.803e-01 3.048e-01 1.648e-03 2.245e-03 6.006e-03 -1.000 1.486e-02 0.194 2.368 1.538 0.536 -0.050 -0.522 -1.212 -1.763 -1.840
0.01471 0.00000 9.00000 2.1214699745 2.5733677607    2.120  1.795  3.6847  2.660    4  0.000  0.366     0.00     0.00     0.00     0.00     0.00 -1    -1e-30      0.00 6.803e-01 3.048e-01 1.648e-03 2.245e-03 6.006e-03 -1.000 1.486e-02 0.282 2.406 1.601 0.610 0.032 -0.435 -1.116 -1.660 -1.734
0.01471 0.00000 9.00000 2.1219596863 2.5733859322    2.121  1.745  3.6884  2.725    4  0.000  0.366     0.00     0.00     0.00     0.00     0.00 -1    -1e-30      0.00 6.803e-01 3.048e-01 1.648e-03 2.246e-03 6.006e-03 -1.000 1.486e-02 0.408 2.460 1.691 0.717 0.149 -0.311 -0.978 -1.511 -1.584
0.01471 0.00000 9.00000 2.1225290298 2.5734070464    2.121  1.702  3.6916  2.780    4  0.000  0.366     0.00     0.00     0.00     0.00     0.00 -1    -1e-30      0.00 6.803e-01 3.048e-01 1.648e-03 2.246e-03 6.005e-03 -1.000 1.486e-02 0.514 2.506 1.768 0.808 0.248 -0.206 -0.861 -1.385 -1.456
0.01471 0.00000 9.00000 2.1233203411 2.5734363707    2.122  1.661  3.6948  2.835    4  0.000  0.366     0.00     0.00     0.00     0.00     0.00 -1    -1e-30      0.00 6.803e-01 3.048e-01 1.647e-03 2.246e-03 6.005e-03 -1.000 1.486e-02 0.618 2.550 1.842 0.897 0.345 -0.102 -0.746 -1.261 -1.330
0.01471 0.00000 9.00000 2.1246862411 2.5734869289    2.123  1.620  3.6983  2.890    4  0.000  0.366     0.00     0.00     0.00     0.00     0.00 -1    -1e-30      0.00 6.803e-01 3.048e-01 1.647e-03 2.247e-03 6.005e-03 -1.000 1.486e-02 0.719 2.587 1.911 0.982 0.439 -0.002 -0.634 -1.138 -1.206
0.01471 0.00000 9.00000 2.1254551411 2.5735153565    2.124  1.607  3.6995  2.909    4  0.000  0.366     0.00     0.00     0.00     0.00     0.00 -1    -1e-30      0.00 6.803e-01 3.049e-01 1.647e-03 2.247e-03 6.005e-03 -1.000 1.486e-02 0.753 2.597 1.934 1.010 0.471 0.032 -0.595 -1.096 -1.163
0.01471 0.00000 9.00000 2.1280369759 2.5736106389    2.127  1.612  3.6994  2.903    4  0.000  0.366     0.00     0.00     0.00     0.00     0.00 -1    -1e-30      0.00 6.803e-01 3.049e-01 1.647e-03 2.248e-03 6.004e-03 -1.000 1.486e-02 0.740 2.587 1.922 0.997 0.458 0.019 -0.609 -1.111 -1.177
0.01471 0.00000 9.00000 2.1500000954 2.5744105556    2.149  1.640  3.6999  2.882    4  0.000  0.366     0.00     0.00     0.00     0.00     0.00 -1    -1e-30      0.00 6.801e-01 3.051e-01 1.646e-03 2.257e-03 5.997e-03 -1.000 1.486e-02 0.671 2.507 1.848 0.925 0.388 -0.050 -0.676 -1.176 -1.242
0.01471 0.00000 9.00000 2.1698529720 2.5751176138    2.168  1.668  3.7002  2.859    5  0.000  0.366     0.00     0.00     0.00     0.00     0.00 -1    -1e-30      0.00 6.798e-01 3.053e-01 1.644e-03 2.267e-03 5.987e-03 -1.000 1.486e-02 0.600 2.429 1.774 0.852 0.316 -0.122 -0.747 -1.246 -1.312
0.01471 0.00000 9.00000 2.1984860897 2.5761115612    2.197  1.714  3.7003  2.819    5  0.000  0.366     0.00     0.00     0.00     0.00     0.00 -1    -1e-30      0.00 6.795e-01 3.057e-01 1.642e-03 2.282e-03 5.973e-03 -1.000 1.486e-02 0.486 2.311 1.659 0.737 0.202 -0.235 -0.860 -1.358 -1.424
0.01471 0.00000 9.00000 2.2000000477 2.5761632879    2.199  1.716  3.7003  2.817    5  0.000  0.366     0.00     0.00     0.00     0.00     0.00 -1    -1e-30      0.00 6.795e-01 3.057e-01 1.641e-03 2.283e-03 5.972e-03 -1.000 1.486e-02 0.479 2.305 1.653 0.731 0.195 -0.242 -0.867 -1.365 -1.431
0.01471 0.00000 9.00000 2.2103335857 2.5765141743    2.209  1.734  3.7002  2.801    5  0.000  0.366     0.00     0.00     0.00     0.00     0.00 -1    -1e-30      0.00 6.794e-01 3.058e-01 1.641e-03 2.288e-03 5.968e-03 -1.000 1.486e-02 0.434 2.261 1.609 0.686 0.151 -0.287 -0.912 -1.410 -1.476
0.01471 0.00000 9.00000 2.2309827805 2.5772041547    2.229  1.772  3.6996  2.764    5  0.000  0.367     0.00     0.00     0.00     0.00     0.00 -1    -1e-30      0.00 6.792e-01 3.059e-01 1.640e-03 2.297e-03 5.960e-03 -1.000 1.486e-02 0.339 2.176 1.518 0.593 0.056 -0.382 -1.009 -1.509 -1.576
0.01471 0.00000 9.00000 2.2500000000 2.5778267375    2.249  1.810  3.6984  2.726    5  0.000  0.367     0.00     0.00     0.00     0.00     0.00 -1    -1e-30      0.00 6.790e-01 3.061e-01 1.639e-03 2.305e-03 5.952e-03 -1.000 1.486e-02 0.245 2.104 1.436 0.505 -0.035 -0.476 -1.107 -1.610 -1.677
0.01471 0.00000 9.00000 2.2563753128 2.5780327523    2.255  1.823  3.6979  2.712    5  0.000  0.367     0.00     0.00     0.00     0.00     0.00 -1    -1e-30      0.00 6.790e-01 3.062e-01 1.638e-03 2.308e-03 5.949e-03 -1.000 1.487e-02 0.213 2.080 1.408 0.474 -0.066 -0.508 -1.141 -1.646 -1.713
0.01471 0.00000 9.00000 2.2618837357 2.5782096790    2.260  1.836  3.6972  2.697    6  0.000  0.367     0.00     0.00     0.00     0.00     0.00 -1    -1e-30      0.00 6.789e-01 3.062e-01 1.638e-03 2.310e-03 5.947e-03 -1.000 1.487e-02 0.181 2.062 1.383 0.446 -0.096 -0.540 -1.176 -1.682 -1.750
0.01471 0.00000 9.00000 2.2787504196 2.5787453128    2.277  1.884  3.6933  2.637    6  0.000  0.367     0.00     0.00     0.00     0.00     0.00 -1    -1e-30      0.00 6.787e-01 3.064e-01 1.637e-03 2.318e-03 5.939e-03 -1.000 1.488e-02 0.060 2.014 1.298 0.344 -0.209 -0.660 -1.310 -1.827 -1.897
0.01471 0.00000 9.00000 2.2880713940 2.5790374252    2.287  1.905  3.6923  2.614    6  0.000  0.367     0.00     0.00     0.00     0.00     0.00 -1    -1e-30      0.00 6.786e-01 3.066e-01 1.636e-03 2.323e-03 5.935e-03 -1.000 1.488e-02 0.008 1.980 1.255 0.296 -0.259 -0.711 -1.365 -1.886 -1.956
0.01471 0.00000 9.00000 2.2923910618 2.5791718744    2.291  1.947  3.6875  2.553    6  0.000  0.368     0.00     0.00     0.00     0.00     0.00 -1    -1e-30      0.00 6.785e-01 3.066e-01 1.636e-03 2.325e-03 5.933e-03 -1.000 1.489e-02 -0.098 1.966 1.194 0.214 -0.354 -0.815 -1.487 -2.021 -2.094
0.01471 0.00000 9.00000 2.2937772274 2.5792148952    2.292  1.993  3.6829  2.489    6  0.000  0.368     0.00     0.00     0.00     0.00     0.00 -1    -1e-30      0.00 6.785e-01 3.066e-01 1.636e-03 2.325e-03 5.933e-03 -1.000 1.489e-02 -0.212 1.945 1.125 0.123 -0.457 -0.928 -1.616 -2.164 -2.240
0.01471 0.00000 9.00000 2.2943251133 2.5792318829    2.293  2.038  3.6787  2.428    6  0.000  0.368     0.00     0.00     0.00     0.00     0.00 -1    -1e-30      0.00 6.785e-01 3.066e-01 1.636e-03 2.326e-03 5.932e-03 -1.000 1.489e-02 -0.324 1.933 1.060 0.034 -0.559 -1.039 -1.742 -2.302 -2.380
0.01471 0.00000 9.00000 2.2945570946 2.5792390728    2.293  2.082  3.6749  2.368    6  0.000  0.368     0.00     0.00     0.00     0.00     0.00 -1    -1e-30      0.00 6.785e-01 3.066e-01 1.636e-03 2.326e-03 5.932e-03 -1.000 1.489e-02 -0.434 1.922 0.996 -0.053 -0.659 -1.147 -1.865 -2.435 -2.516
0.01471 0.00000 9.00000 2.2946662903 2.5792424566    2.293  2.126  3.6711  2.309    6  0.000  0.368     0.00     0.00     0.00     0.00     0.00 -1    -1e-30      0.00 6.785e-01 3.066e-01 1.636e-03 2.326e-03 5.932e-03 -1.000 1.489e-02 -0.544 1.908 0.931 -0.141 -0.759 -1.254 -1.987 -2.568 -2.650
0.01471 0.00000 9.00000 2.2947187424 2.5792440819    2.293  2.159  3.6682  2.264    6  0.000  0.368     0.00     0.00     0.00     0.00     0.00 -1    -1e-30      0.00 6.785e-01 3.066e-01 1.636e-03 2.326e-03 5.932e-03 -1.000 1.489e-02 -0.629 1.899 0.882 -0.208 -0.836 -1.337 -2.081 -2.670 -2.754
0.01471 0.00000 9.00000 2.2947235107 2.5792442296    2.293  2.163  3.6679  2.259    6  0.000  0.368     0.00     0.00     0.00     0.00     0.00 -1    -1e-30      0.00 6.785e-01 3.066e-01 1.636e-03 2.326e-03 5.932e-03 -1.000 1.489e-02 -0.638 1.898 0.876 -0.215 -0.844 -1.346 -2.091 -2.681 -2.766
0.01471 0.00000 9.00000 2.2947781086 2.5792459213    2.293  2.180  3.6666  2.237    6  0.000  0.368     0.00     0.00     0.00     0.00     0.00 -1    -1e-30      0.00 6.785e-01 3.066e-01 1.636e-03 2.326e-03 5.932e-03 -1.000 1.489e-02 -0.681 1.892 0.850 -0.249 -0.883 -1.388 -2.138 -2.732 -2.817
0.01471 0.00000 9.00000 2.2948682308 2.5792487134    2.293  2.174  3.6672  2.245    7  0.000  0.368     0.00     0.00     0.00     0.00     0.00 -1 -1.05e-30      0.00 6.785e-01 3.066e-01 1.636e-03 2.326e-03 5.932e-03 -1.000 1.489e-02 -0.666 1.891 0.858 -0.238 -0.870 -1.374 -2.122 -2.714 -2.799
0.01471 0.00000 9.00000 2.2952420712 2.5792602930    2.294  2.149  3.6693  2.279    7  0.000  0.368     0.00     0.00     0.00     0.00     0.00 -1 -2.99e-28      0.00 6.785e-01 3.066e-01 1.636e-03 2.326e-03 5.932e-03 -1.000 1.491e-02 -0.603 1.897 0.894 -0.189 -0.813 -1.313 -2.052 -2.638 -2.722
0.01471 0.00000 9.00000 2.2968802452 2.5793109837    2.295  2.173  3.6673  2.247    7  0.000  0.368     0.00     0.00     0.00     0.00     0.00 -1 -1.43e-17      0.00 6.785e-01 3.065e-01 1.636e-03 2.327e-03 5.931e-03 -1.000 1.502e-02 -0.663 1.890 0.859 -0.236 -0.867 -1.371 -2.118 -2.710 -2.795
0.01471 0.00000 9.00000 2.2979774475 2.5793448883    2.296  2.196  3.6655  2.218    7  0.000  0.368     0.00     0.00     0.00     0.00     0.00 -1 -8.38e-12      0.00 6.784e-01 3.065e-01 1.636e-03 2.327e-03 5.931e-03 -1.000 1.508e-02 -0.719 1.883 0.826 -0.280 -0.918 -1.425 -2.179 -2.776 -2.863
0.01471 0.00000 9.00000 2.2989318371 2.5793743497    2.297  2.234  3.6624  2.167    7  0.000  0.368     0.00     0.00     0.00     0.00     0.00 -1 -6.93e-11      0.00 6.784e-01 3.065e-01 1.635e-03 2.328e-03 5.930e-03 -1.000 1.509e-02 -0.815 1.873 0.770 -0.355 -1.004 -1.518 -2.285 -2.891 -2.979
0.01471 0.00000 9.00000 2.2997555733 2.5793997553    2.298  2.278  3.6588  2.109    7  0.000  0.368     0.00     0.00     0.00     0.00     0.00 -1 -1.03e-10      0.00 6.784e-01 3.065e-01 1.635e-03 2.328e-03 5.930e-03 -1.000 1.509e-02 -0.925 1.861 0.706 -0.442 -1.102 -1.625 -2.406 -3.022 -3.113
0.01471 0.00000 9.00000 2.2999999523 2.5794072884    2.298  2.294  3.6575  2.088    7  0.000  0.368     0.00     0.00     0.00     0.00     0.00 -1 -1.11e-10      0.00 6.784e-01 3.065e-01 1.635e-03 2.328e-03 5.930e-03 -1.000 1.509e-02 -0.965 1.858 0.683 -0.472 -1.138 -1.664 -2.450 -3.070 -3.161
0.01471 0.00000 9.00000 2.3001887798 2.5794131078    2.299  2.307  3.6565  2.070    7  0.000  0.368     0.00     0.00     0.00     0.00     0.00 -1 -1.19e-10      0.00 6.784e-01 3.065e-01 1.635e-03 2.328e-03 5.930e-03 -1.000 1.509e-02 -0.998 1.855 0.665 -0.497 -1.167 -1.696 -2.485 -3.109 -3.201
0.01471 0.00000 9.00000 2.3006613255 2.5794276662    2.299  2.347  3.6532  2.017    7  0.000  0.368     0.00     0.00     0.00     0.00     0.00 -1 -1.44e-10      0.00 6.784e-01 3.065e-01 1.635e-03 2.328e-03 5.930e-03 -1.000 1.509e-02 -1.098 1.850 0.609 -0.574 -1.256 -1.792 -2.595 -3.229 -3.323
0.01471 0.00000 9.00000 2.3010659218 2.5794401258    2.299  2.390  3.6497  1.961    7  0.000  0.368     0.00     0.00     0.00     0.00     0.00 -1 -1.77e-10      0.00 6.784e-01 3.065e-01 1.635e-03 2.329e-03 5.929e-03 -1.000 1.509e-02 -1.205 1.829 0.552 -0.657 -1.350 -1.894 -2.711 -3.351 -3.450
0.01471 0.00000 9.00000 2.3014183044 2.5794509733    2.300  2.449  3.6448  1.882    7  0.000  0.368     0.00     0.00     0.00     0.00     0.00 -1 -2.33e-10      0.00 6.784e-01 3.065e-01 1.635e-03 2.329e-03 5.929e-03 -1.000 1.509e-02 -1.352 1.794 0.476 -0.769 -1.477 -2.033 -2.869 -3.518 -3.623
0.01471 0.00000 9.00000 2.3017311096 2.5794605993    2.300  2.503  3.6403  1.810    7  0.000  0.368     5.56     4.00     2.95     2.18     1.78  4 -3.05e-10      0.00 6.784e-01 3.065e-01 1.635e-03 2.329e-03 5.929e-03 -1.000 1.509e-02 -1.487 1.757 0.405 -0.873 -1.592 -2.159 -3.014 -3.671 -3.782
0.01471 0.00000 9.00000 2.3020122051 2.5794692469    2.300  2.546  3.6369  1.753    7  0.000  0.368     6.22     4.43     3.25     2.41     1.96  4 -3.74e-10      0.00 6.784e-01 3.065e-01 1.635e-03 2.329e-03 5.929e-03 -1.000 1.509e-02 -1.595 1.722 0.346 -0.955 -1.683 -2.258 -3.129 -3.791 -3.908
0.01471 0.00000 9.00000 2.3022718430 2.5794772323    2.300  2.587  3.6306  1.687    7  0.000  0.367     7.10     5.00     3.65     2.71     2.21  4  -4.6e-10      0.00 6.784e-01 3.065e-01 1.635e-03 2.329e-03 5.929e-03 -1.000 1.509e-02 -1.698 1.761 0.331 -1.008 -1.754 -2.347 -3.244 -3.921 -4.048
0.01471 0.00000 9.00000 2.3025074005 2.5794844752    2.300  2.626  3.6275  1.636    7  0.000  0.367     7.85     5.48     3.98     2.96     2.41  4 -5.51e-10      0.00 6.784e-01 3.065e-01 1.635e-03 2.329e-03 5.929e-03 -1.000 1.509e-02 -1.795 1.723 0.278 -1.081 -1.834 -2.436 -3.347 -4.028 -4.161
0.01471 0.00000 9.00000 2.3027291298 2.5794912914    2.300  2.664  3.6241  1.585    7  0.000  0.367     8.68     6.01     4.35     3.24     2.64  4 -6.57e-10      0.00 6.784e-01 3.065e-01 1.634e-03 2.329e-03 5.929e-03 -1.000 1.509e-02 -1.889 1.697 0.232 -1.146 -1.907 -2.520 -3.446 -4.134 -4.273
0.01471 0.00000 9.00000 2.3029398918 2.5794977691    2.300  2.700  3.6207  1.535    7  0.000  0.367     9.58     6.58     4.74     3.54     2.88  4 -7.88e-10      0.00 6.784e-01 3.065e-01 1.633e-03 2.331e-03 5.929e-03 -1.000 1.509e-02 -1.980 1.673 0.189 -1.209 -1.978 -2.600 -3.542 -4.237 -4.382
0.01471 0.00000 9.00000 2.3031427860 2.5795040037    2.300  2.736  3.6176  1.487    7  0.000  0.367    10.53     7.17     5.15     3.85     3.14  4 -9.31e-10      0.00 6.784e-01 3.065e-01 1.632e-03 2.332e-03 5.929e-03 -1.000 1.509e-02 -2.069 1.651 0.144 -1.271 -2.049 -2.681 -3.637 -4.339 -4.490
0.01471 0.00000 9.00000 2.3033413887 2.5795101051    2.300  2.771  3.6147  1.439    7  0.000  0.367    11.55     7.81     5.59     4.18     3.41  4  -1.1e-09      0.00 6.784e-01 3.065e-01 1.631e-03 2.334e-03 5.929e-03 -1.000 1.509e-02 -2.158 1.656 0.104 -1.328 -2.118 -2.763 -3.733 -4.442 -4.597
0.01471 0.00000 9.00000 2.3035397530 2.5795161980    2.300  2.808  3.6117  1.390    7  0.000  0.366    12.72     8.53     6.08     4.55     3.72  4 -1.31e-09      0.00 6.784e-01 3.065e-01 1.629e-03 2.335e-03 5.929e-03 -1.000 1.509e-02 -2.250 1.663 0.063 -1.387 -2.190 -2.848 -3.832 -4.550 -4.709
0.01471 0.00000 9.00000 2.3037390709 2.5795223190    2.300  2.853  3.6080  1.331    7  0.000  0.366    14.30     9.50     6.74     5.05     4.13  4 -1.62e-09      0.00 6.784e-01 3.065e-01 1.628e-03 2.337e-03 5.929e-03 -1.000 1.509e-02 -2.361 1.671 0.016 -1.456 -2.274 -2.950 -3.951 -4.680 -4.845
0.01471 0.00000 9.00000 2.3039219379 2.5795279338    2.300  2.920  3.6022  1.241    7  0.000  0.366    17.08    11.18     7.88     5.92     4.83  4  -2.2e-09      0.00 6.784e-01 3.065e-01 1.626e-03 2.340e-03 5.929e-03 -1.000 1.509e-02 -2.529 1.687 -0.050 -1.555 -2.397 -3.102 -4.132 -4.876 -5.050
0.01471 0.00000 9.00000 2.3040256500 2.5795311177    2.299  2.981  3.5969  1.158    7  0.000  0.365    20.10    12.99     9.09     6.84     5.59  4 -2.92e-09      0.00 6.784e-01 3.065e-01 1.624e-03 2.342e-03 5.929e-03 -1.000 1.509e-02 -2.682 1.700 -0.105 -1.637 -2.503 -3.240 -4.297 -5.057 -5.238
0.01471 0.00000 9.00000 2.3040902615 2.5795331011    2.299  3.025  3.5930  1.099    7  0.000  0.365    22.59    14.46    10.07     7.59     6.20  4 -3.57e-09      0.00 6.784e-01 3.065e-01 1.623e-03 2.343e-03 5.929e-03 -1.000 1.509e-02 -2.791 1.709 -0.141 -1.692 -2.575 -3.338 -4.415 -5.185 -5.373
0.01471 0.00000 9.00000 2.3041431904 2.5795347257    2.299  3.061  3.5897  1.049    7  0.000  0.365    24.90    15.81    10.96     8.28     6.77  4 -4.23e-09      0.00 6.784e-01 3.065e-01 1.623e-03 2.343e-03 5.929e-03 -1.000 1.509e-02 -2.882 1.718 -0.170 -1.736 -2.635 -3.418 -4.513 -5.292 -5.485
0.01471 0.00000 9.00000 2.3041915894 2.5795362113    2.299  3.093  3.5867  1.005    7  0.000  0.365    27.19    17.14    11.84     8.95     7.32  4  -4.9e-09      0.00 6.784e-01 3.065e-01 1.623e-03 2.343e-03 5.928e-03 -1.000 1.509e-02 -2.964 1.722 -0.191 -1.768 -2.682 -3.490 -4.601 -5.389 -5.586
0.01471 0.00000 9.00000 2.3042385578 2.5795376528    2.298  3.124  3.5838  0.963    7  0.000  0.365    29.54    18.49    12.73     9.64     7.88  4 -5.58e-09      0.00 6.784e-01 3.065e-01 1.623e-03 2.343e-03 5.928e-03 -1.000 1.509e-02 -3.040 1.731 -0.208 -1.797 -2.725 -3.557 -4.685 -5.480 -5.681
0.01471 0.00000 9.00000 2.3042879105 2.5795391675    2.298  3.154  3.5810  0.921    7  0.000  0.365    32.04    19.92    13.67    10.36     8.47  4 -6.44e-09      0.00 6.784e-01 3.065e-01 1.623e-03 2.343e-03 5.928e-03 -1.000 1.509e-02 -3.115 1.740 -0.224 -1.825 -2.767 -3.623 -4.767 -5.569 -5.774
0.01471 0.00000 9.00000 2.3043391705 2.5795407406    2.298  3.182  3.5783  0.882    7  0.000  0.365    34.63    21.40    14.64    11.10     9.08  4 -7.31e-09      0.00 6.784e-01 3.065e-01 1.623e-03 2.343e-03 5.928e-03 -1.000 1.509e-02 -3.186 1.747 -0.233 -1.841 -2.798 -3.684 -4.845 -5.653 -5.864
0.01471 0.00000 9.00000 2.3043949604 2.5795424527    2.297  3.212  3.5753  0.841    7  0.000  0.365    37.57    23.06    15.72    11.93     9.77  4 -8.31e-09      0.00 6.784e-01 3.065e-01 1.623e-03 2.343e-03 5.928e-03 -1.000 1.509e-02 -3.260 1.753 -0.237 -1.852 -2.826 -3.746 -4.926 -5.742 -5.957
0.01471 0.00000 9.00000 2.3044548035 2.5795442890    2.296  3.240  3.5724  0.801    7  0.000  0.365    40.63    24.77    16.83    12.80    10.47  3 -9.43e-09      0.00 6.784e-01 3.065e-01 1.623e-03 2.343e-03 5.928e-03 -1.000 1.509e-02 -3.330 1.760 -0.241 -1.862 -2.853 -3.806 -5.005 -5.827 -6.046
0.01471 0.00000 9.00000 2.3044965267 2.5795455692    2.296  3.251  3.5714  0.786    7  0.000  0.365    41.83    25.45    17.27    13.13    10.75  3 -9.96e-09      0.00 6.784e-01 3.065e-01 1.623e-03 2.344e-03 5.928e-03 -1.000 1.509e-02 -3.357 1.762 -0.243 -1.866 -2.864 -3.828 -5.034 -5.858 -6.079
0.01471 0.00000 9.00000 2.3045105934 2.5795460008    2.296  3.258  3.5707  0.776    7  0.000  0.365    42.66    25.91    17.57    13.36    10.94  3 -1.02e-08      0.00 6.784e-01 3.065e-01 1.623e-03 2.344e-03 5.928e-03 -1.000 1.509e-02 -3.374 1.764 -0.244 -1.868 -2.870 -3.843 -5.053 -5.880 -6.102
0.01471 0.00000 9.00000 2.3045117855 2.5795460374    2.296  3.257  3.5707  0.776    7  0.000  0.365    42.63    25.89    17.56    13.36    10.93  3 -1.02e-08      0.00 6.784e-01 3.065e-01 1.623e-03 2.344e-03 5.928e-03 -1.000 1.509e-02 -3.373 1.764 -0.243 -1.868 -2.870 -3.842 -5.052 -5.879 -6.101
0.01471 0.00000 9.00000 2.3045122623 2.5795460520    2.296  3.257  3.5707  0.776    7  0.000  0.365    42.63    25.89    17.56    13.35    10.93  3 -1.02e-08      0.00 6.784e-01 3.065e-01 1.623e-03 2.344e-03 5.928e-03 -1.000 1.509e-02 -3.373 1.764 -0.243 -1.868 -2.870 -3.842 -5.052 -5.879 -6.101
0.01471 0.00000 9.00000 2.3045125008 2.5795460594    2.296  3.257  3.5707  0.777    7  0.000  0.365    42.61    25.88    17.55    13.35    10.93  3 -1.02e-08      0.00 6.784e-01 3.065e-01 1.623e-03 2.344e-03 5.928e-03 -1.000 1.509e-02 -3.373 1.764 -0.243 -1.868 -2.870 -3.842 -5.052 -5.878 -6.101
0.01471 0.00000 9.00000 2.3045127392 2.5795460667    2.296  3.257  3.5707  0.777    7  0.000  0.365    42.60    25.88    17.55    13.35    10.93  3 -1.02e-08      0.00 6.784e-01 3.065e-01 1.623e-03 2.344e-03 5.928e-03 -1.000 1.509e-02 -3.373 1.764 -0.243 -1.868 -2.870 -3.842 -5.052 -5.878 -6.100
0.01471 0.00000 9.00000 2.3045129776 2.5795460740    2.296  3.257  3.5707  0.777    7  0.000  0.365    42.60    25.88    17.55    13.35    10.93  3 -1.02e-08      0.00 6.784e-01 3.065e-01 1.623e-03 2.344e-03 5.928e-03 -1.000 1.509e-02 -3.373 1.764 -0.243 -1.868 -2.870 -3.842 -5.052 -5.878 -6.100
0.01471 0.00000 9.00000 2.3045132160 2.5795460813    2.296  3.257  3.5707  0.776    7  0.000  0.365    42.64    25.90    17.56    13.36    10.93  3 -1.02e-08      0.00 6.784e-01 3.065e-01 1.623e-03 2.344e-03 5.928e-03 -1.000 1.509e-02 -3.374 1.764 -0.243 -1.868 -2.870 -3.842 -5.053 -5.879 -6.101
0.01471 0.00000 9.00000 2.3045134544 2.5795460886    2.296  3.258  3.5706  0.776    7  0.000  0.365    42.70    25.93    17.58    13.37    10.95  3 -1.02e-08      0.00 6.784e-01 3.065e-01 1.623e-03 2.344e-03 5.928e-03 -1.000 1.509e-02 -3.375 1.764 -0.243 -1.868 -2.870 -3.843 -5.054 -5.880 -6.103
0.01471 0.00000 9.00000 2.3045144081 2.5795461179    2.296  3.260  3.5704  0.773    7  0.000  0.365    42.94    26.06    17.67    13.44    11.00  3 -1.03e-08      0.00 6.784e-01 3.065e-01 1.623e-03 2.344e-03 5.928e-03 -1.000 1.509e-02 -3.380 1.765 -0.244 -1.869 -2.872 -3.848 -5.060 -5.887 -6.109
0.01471 0.00000 9.00000 2.3045170307 2.5795461984    2.296  3.265  3.5699  0.766    7  0.000  0.365    43.51    26.38    17.88    13.60    11.13  3 -1.05e-08      0.00 6.784e-01 3.065e-01 1.623e-03 2.344e-03 5.928e-03 -1.000 1.509e-02 -3.392 1.766 -0.244 -1.870 -2.877 -3.858 -5.073 -5.901 -6.124
0.01471 0.00000 9.00000 2.3045198917 2.5795462861    2.296  3.272  3.5692  0.756    7  0.000  0.365    44.37    26.86    18.18    13.84    11.33  3 -1.09e-08      0.00 6.784e-01 3.065e-01 1.623e-03 2.344e-03 5.928e-03 -1.000 1.509e-02 -3.409 1.766 -0.243 -1.868 -2.880 -3.872 -5.092 -5.922 -6.147
0.01471 0.00000 9.00000 2.3045232296 2.5795463886    2.296  3.285  3.5678  0.737    7  0.000  0.365    46.04    27.79    18.79    14.30    11.71  3 -1.15e-08      0.00 6.784e-01 3.065e-01 1.623e-03 2.344e-03 5.928e-03 -1.000 1.509e-02 -3.443 1.768 -0.239 -1.865 -2.887 -3.898 -5.130 -5.962 -6.189
0.01471 0.00000 9.00000 2.3045279980 2.5795465349    2.296  3.304  3.5659  0.710    7  0.000  0.365    48.53    29.16    19.67    14.99    12.27  3 -1.25e-08      0.00 6.784e-01 3.065e-01 1.623e-03 2.344e-03 5.928e-03 -1.000 1.509e-02 -3.490 1.770 -0.235 -1.860 -2.896 -3.935 -5.183 -6.019 -6.249
0.01471 0.00000 9.00000 2.3045334816 2.5795467031    2.295  3.319  3.5643  0.689    7  0.000  0.365    50.60    30.30    20.41    15.56    12.74  3 -1.34e-08      0.00 6.784e-01 3.065e-01 1.623e-03 2.344e-03 5.928e-03 -1.000 1.509e-02 -3.527 1.772 -0.230 -1.855 -2.902 -3.965 -5.225 -6.064 -6.297
0.01471 0.00000 9.00000 2.3045411110 2.5795469372    2.295  3.332  3.5629  0.671    7  0.000  0.365    52.49    31.34    21.07    16.07    13.16  3 -1.41e-08      0.00 6.784e-01 3.065e-01 1.623e-03 2.344e-03 5.928e-03 -1.000 1.509e-02 -3.560 1.774 -0.226 -1.851 -2.909 -3.991 -5.261 -6.104 -6.339
0.01471 0.00000 9.00000 2.3045558929 2.5795473907    2.295  3.169  3.5793  0.899    7  0.000  0.365    33.44    20.72    14.20    10.76     8.80  4 -6.85e-09      0.00 6.784e-01 3.065e-01 1.623e-03 2.344e-03 5.928e-03 -1.000 1.509e-02 -3.152 1.751 -0.223 -1.829 -2.780 -3.654 -4.808 -5.614 -5.822
0.01471 0.00000 9.00000 2.3045570850 2.5795474273    2.295  3.219  3.5745  0.829    7  0.000  0.365    38.40    23.52    16.02    12.17     9.96  4 -8.61e-09      0.00 6.784e-01 3.065e-01 1.623e-03 2.344e-03 5.928e-03 -1.000 1.509e-02 -3.279 1.756 -0.237 -1.853 -2.833 -3.762 -4.948 -5.765 -5.981
0.01471 0.00000 9.00000 2.3045573235 2.5795474346    2.295  3.220  3.5744  0.828    7  0.000  0.365    38.48    23.57    16.05    12.19     9.98  4 -8.65e-09      0.00 6.784e-01 3.065e-01 1.623e-03 2.344e-03 5.928e-03 -1.000 1.509e-02 -3.281 1.757 -0.237 -1.853 -2.833 -3.764 -4.950 -5.767 -5.984
0.01471 0.00000 9.00000 2.3045575619 2.5795474419    2.295  3.221  3.5743  0.827    7  0.000  0.365    38.59    23.63    16.09    12.22    10.00  4 -8.69e-09      0.00 6.784e-01 3.065e-01 1.623e-03 2.344e-03 5.928e-03 -1.000 1.509e-02 -3.283 1.757 -0.237 -1.853 -2.834 -3.766 -4.952 -5.770 -5.987
0.01471 0.00000 9.00000 2.3045578003 2.5795474493    2.295  3.221  3.5743  0.826    7  0.000  0.365    38.61    23.64    16.10    12.23    10.01  4  -8.7e-09      0.00 6.784e-01 3.065e-01 1.623e-03 2.344e-03 5.928e-03 -1.000 1.509e-02 -3.283 1.757 -0.237 -1.853 -2.834 -3.766 -4.953 -5.771 -5.987
0.01471 0.00000 9.00000 2.3045580387 2.5795474566    2.295  3.222  3.5742  0.826    7  0.000  0.365    38.68    23.68    16.13    12.25    10.03  4 -8.74e-09      0.00 6.784e-01 3.065e-01 1.623e-03 2.344e-03 5.928e-03 -1.000 1.509e-02 -3.285 1.757 -0.237 -1.854 -2.835 -3.768 -4.955 -5.773 -5.990
0.01471 0.00000 9.00000 2.3045582771 2.5795474639    2.295  3.215  3.5749  0.836    7  0.000  0.365    37.93    23.26    15.85    12.04     9.85  4 -8.45e-09      0.00 6.784e-01 3.065e-01 1.623e-03 2.344e-03 5.928e-03 -1.000 1.509e-02 -3.267 1.756 -0.235 -1.851 -2.828 -3.752 -4.935 -5.751 -5.967
0.01471 0.00000 9.00000 2.3045585155 2.5795474712    2.295  3.209  3.5754  0.843    7  0.000  0.365    37.37    22.95    15.65    11.88     9.72  4 -8.23e-09      0.00 6.784e-01 3.065e-01 1.623e-03 2.344e-03 5.928e-03 -1.000 1.509e-02 -3.254 1.755 -0.234 -1.848 -2.822 -3.741 -4.920 -5.735 -5.950
0.01471 0.00000 9.00000 2.3045587540 2.5795474785    2.295  3.197  3.5767  0.861    7  0.000  0.365    36.11    22.23    15.18    11.52     9.43  4 -7.75e-09      0.00 6.784e-01 3.065e-01 1.623e-03 2.344e-03 5.928e-03 -1.000 1.509e-02 -3.222 1.753 -0.232 -1.843 -2.810 -3.714 -4.885 -5.698 -5.910
0.01471 0.00000 9.00000 2.3045589924 2.5795474858    2.295  3.193  3.5770  0.866    7  0.000  0.365    35.72    22.02    15.04    11.41     9.34  4 -7.61e-09      0.00 6.784e-01 3.065e-01 1.623e-03 2.344e-03 5.928e-03 -1.000 1.509e-02 -3.213 1.753 -0.231 -1.841 -2.806 -3.706 -4.875 -5.686 -5.898
0.01471 0.00000 9.00000 2.3045592308 2.5795474931    2.295  3.193  3.5771  0.866    7  0.000  0.365    35.70    22.00    15.03    11.41     9.33  4  -7.6e-09      0.00 6.784e-01 3.065e-01 1.623e-03 2.344e-03 5.928e-03 -1.000 1.509e-02 -3.212 1.753 -0.231 -1.841 -2.806 -3.705 -4.874 -5.685 -5.897
0.01471 0.00000 9.00000 2.3045594692 2.5795475005    2.295  3.193  3.5771  0.867    7  0.000  0.365    35.68    21.99    15.02    11.40     9.33  4  -7.6e-09      0.00 6.784e-01 3.065e-01 1.623e-03 2.344e-03 5.928e-03 -1.000 1.509e-02 -3.211 1.753 -0.231 -1.841 -2.806 -3.705 -4.873 -5.685 -5.897
0.01471 0.00000 9.00000 2.3045597076 2.5795475078    2.295  3.192  3.5771  0.867    7  0.000  0.365    35.65    21.97    15.01    11.39     9.32  4  -7.6e-09      0.00 6.784e-01 3.065e-01 1.623e-03 2.344e-03 5.928e-03 -1.000 1.509e-02 -3.211 1.752 -0.231 -1.841 -2.805 -3.704 -4.873 -5.684 -5.896
0.01471 0.00000 9.00000 2.3045599461 2.5795475151    2.295  3.192  3.5771  0.867    7  0.000  0.365    35.64    21.97    15.01    11.39     9.32  4 -7.59e-09      0.00 6.784e-01 3.065e-01 1.623e-03 2.344e-03 5.928e-03 -1.000 1.509e-02 -3.210 1.752 -0.231 -1.841 -2.805 -3.704 -4.872 -5.683 -5.895
0.01471 0.00000 9.00000 2.3045604229 2.5795475297    2.295  3.191  3.5772  0.868    7  0.000  0.365    35.57    21.93    14.99    11.37     9.30  4 -7.58e-09      0.00 6.784e-01 3.065e-01 1.623e-03 2.344e-03 5.928e-03 -1.000 1.509e-02 -3.209 1.752 -0.231 -1.841 -2.805 -3.703 -4.871 -5.682 -5.893
0.01471 0.00000 9.00000 2.3045606613 2.5795475370    2.295  3.191  3.5772  0.869    7  0.000  0.365    35.54    21.91    14.97    11.36     9.29  4 -7.58e-09      0.00 6.784e-01 3.065e-01 1.623e-03 2.344e-03 5.928e-03 -1.000 1.509e-02 -3.208 1.752 -0.231 -1.841 -2.804 -3.702 -4.870 -5.680 -5.892
0.01471 0.00000 9.00000 2.3045611382 2.5795475517    2.295  3.191  3.5773  0.869    7  0.000  0.365    35.50    21.89    14.96    11.35     9.29  4 -7.57e-09      0.00 6.784e-01 3.065e-01 1.623e-03 2.344e-03 5.928e-03 -1.000 1.509e-02 -3.207 1.752 -0.231 -1.841 -2.804 -3.701 -4.869 -5.679 -5.891
0.01471 0.00000 9.00000 2.3045613766 2.5795475590    2.295  3.190  3.5773  0.870    7  0.000  0.365    35.46    21.87    14.94    11.34     9.28  4 -7.57e-09      0.00 6.784e-01 3.065e-01 1.623e-03 2.344e-03 5.928e-03 -1.000 1.509e-02 -3.206 1.752 -0.231 -1.841 -2.804 -3.700 -4.867 -5.678 -5.890
0.01471 0.00000 9.00000 2.3045618534 2.5795475736    2.295  3.190  3.5774  0.870    7  0.000  0.365    35.41    21.84    14.93    11.32     9.27  4 -7.56e-09      0.00 6.784e-01 3.065e-01 1.623e-03 2.344e-03 5.928e-03 -1.000 1.509e-02 -3.205 1.752 -0.231 -1.840 -2.803 -3.699 -4.866 -5.677 -5.888
0.01471 0.00000 9.00000 2.3045673370 2.5795477419    2.295  3.211  3.5753  0.842    7  0.000  0.365    37.48    23.01    15.69    11.91     9.75  4 -8.28e-09      0.00 6.784e-01 3.065e-01 1.623e-03 2.344e-03 5.928e-03 -1.000 1.509e-02 -3.257 1.755 -0.235 -1.849 -2.824 -3.743 -4.923 -5.739 -5.953
0.01471 0.00000 9.00000 2.3045711517 2.5795478589    2.295  3.243  3.5721  0.797    7  0.000  0.365    40.96    24.96    16.95    12.89    10.55  3 -9.53e-09      0.00 6.784e-01 3.065e-01 1.623e-03 2.344e-03 5.928e-03 -1.000 1.509e-02 -3.337 1.762 -0.240 -1.862 -2.855 -3.811 -5.012 -5.835 -6.055
0.01471 0.00000 9.00000 2.3045747280 2.5795479686    2.295  3.274  3.5689  0.753    7  0.000  0.365    44.67    27.03    18.29    13.92    11.40  3  -1.1e-08      0.00 6.784e-01 3.065e-01 1.623e-03 2.344e-03 5.928e-03 -1.000 1.509e-02 -3.414 1.769 -0.239 -1.864 -2.879 -3.875 -5.098 -5.929 -6.154
0.01471 0.00000 9.00000 2.3045785427 2.5795480857    2.295  3.303  3.5659  0.711    7  0.538  0.365    48.44    29.11    19.64    14.97    12.25  3 -1.25e-08      0.00 6.784e-01 3.065e-01 1.623e-03 2.344e-03 5.928e-03 -1.000 1.509e-02 -3.487 1.772 -0.232 -1.857 -2.893 -3.933 -5.180 -6.017 -6.247
0.01471 0.00000 9.00000 2.3045833111 2.5795482320    2.295  3.333  3.5627  0.669    7  0.538  0.365    52.69    31.45    21.14    16.13    13.21  3 -1.42e-08      0.00 6.784e-01 3.065e-01 1.623e-03 2.344e-03 5.928e-03 -1.000 1.509e-02 -3.562 1.776 -0.223 -1.847 -2.906 -3.992 -5.264 -6.108 -6.343
0.01471 0.00000 9.00000 2.3045890331 2.5795484075    2.295  3.363  3.5594  0.625    7  0.538  0.365    57.44    34.04    22.80    17.41    14.26  3 -1.63e-08      0.00 6.784e-01 3.065e-01 1.623e-03 2.344e-03 5.928e-03 -1.000 1.509e-02 -3.639 1.781 -0.210 -1.833 -2.917 -4.051 -5.350 -6.201 -6.441
0.01471 0.00000 9.00000 2.3045959473 2.5795486196    2.295  3.391  3.5564  0.585    7  0.537  0.365    62.14    36.59    24.43    18.68    15.30  3 -1.84e-08      0.00 6.784e-01 3.065e-01 1.623e-03 2.344e-03 5.928e-03 -1.000 1.509e-02 -3.708 1.783 -0.186 -1.803 -2.915 -4.100 -5.429 -6.285 -6.530
0.01471 0.00000 9.00000 2.3046059608 2.5795489269    2.294  3.421  3.5530  0.541    7  0.529  0.365    67.69    39.58    26.33    20.15    16.51  3 -2.09e-08      0.00 6.784e-01 3.065e-01 1.623e-03 2.344e-03 5.928e-03 -1.000 1.509e-02 -3.783 1.787 -0.157 -1.766 -2.910 -4.151 -5.513 -6.377 -6.627
0.01471 0.00000 9.00000 2.3046100140 2.5795490512    2.294  3.427  3.5524  0.533    7  0.529  0.365    68.77    40.15    26.70    20.44    16.75  3 -2.11e-08      0.00 6.784e-01 3.065e-01 1.623e-03 2.344e-03 5.928e-03 -1.000 1.509e-02 -3.797 1.787 -0.153 -1.760 -2.910 -4.162 -5.529 -6.394 -6.645
0.01471 0.00000 9.00000 2.3046107292 2.5795490732    2.294  3.427  3.5524  0.533    8  0.529  0.385    68.78    40.16    26.70    20.44    16.75  3 -2.14e-08      0.00 6.784e-01 3.068e-01 1.719e-03 2.345e-03 5.951e-03 -1.000 1.484e-02 -3.797 1.787 -0.153 -1.760 -2.910 -4.162 -5.529 -6.394 -6.645
0.01471 0.00000 9.00000 2.3046793938 2.5795511797    2.291  3.478  3.5445  0.450    8  0.531  0.385    81.00    46.66    30.82    23.65    19.38  3 -2.66e-08      0.00 6.784e-01 3.068e-01 1.719e-03 2.345e-03 5.951e-03 -1.000 1.484e-02 -3.924 1.828 -0.009 -1.584 -2.824 -4.219 -5.682 -6.561 -6.825
0.01471 0.00000 9.00000 2.3047580719 2.5795535933    2.289  3.525  3.5391  0.382    8  0.534  0.385    92.70    52.81    34.68    26.66    21.86  2 -3.25e-08      0.00 6.784e-01 3.068e-01 1.719e-03 2.345e-03 5.951e-03 -1.000 1.484e-02 -4.041 1.834 0.077 -1.475 -2.786 -4.282 -5.816 -6.704 -6.978
0.01471 0.00000 9.00000 2.3048405647 2.5795561237    2.286  3.560  3.5351  0.329    8  0.537  0.385   102.75    58.04    37.96    29.22    23.96  2 -3.79e-08      0.00 6.784e-01 3.068e-01 1.719e-03 2.345e-03 5.951e-03 -1.000 1.484e-02 -4.131 1.835 0.158 -1.371 -2.746 -4.316 -5.920 -6.812 -7.094
0.01471 0.00000 9.00000 2.3049299717 2.5795588660    2.283  3.593  3.5313  0.281    8  0.542  0.385   113.03    63.35    41.26    31.81    26.09  2 -4.37e-08      0.00 6.784e-01 3.068e-01 1.719e-03 2.345e-03 5.951e-03 -1.000 1.484e-02 -4.213 1.837 0.235 -1.273 -2.708 -4.347 -6.015 -6.912 -7.201
0.01471 0.00000 9.00000 2.3050236702 2.5795617396    2.278  3.628  3.5270  0.228    8  0.547  0.385   125.34    69.65    45.17    34.87    28.61  2 -5.08e-08      0.00 6.784e-01 3.068e-01 1.719e-03 2.345e-03 5.951e-03 -1.000 1.484e-02 -4.300 1.844 0.351 -1.127 -2.642 -4.355 -6.117 -7.019 -7.316
0.01471 0.00000 9.00000 2.3051145077 2.5795645252    2.273  3.660  3.5229  0.178    8  0.553  0.385   138.09    76.12    49.17    38.01    31.19  2 -5.84e-08      0.00 6.784e-01 3.068e-01 1.719e-03 2.345e-03 5.951e-03 -1.000 1.484e-02 -4.379 1.855 0.479 -0.968 -2.567 -4.349 -6.211 -7.117 -7.423
0.01471 0.00000 9.00000 2.3052096367 2.5795674421    2.267  3.698  3.5182  0.121    8  0.559  0.385   154.56    84.40    54.26    42.01    34.48  2 -7.47e-08      0.00 6.784e-01 3.068e-01 1.719e-03 2.345e-03 5.951e-03 -1.000 1.484e-02 -4.474 1.863 0.632 -0.775 -2.475 -4.332 -6.320 -7.232 -7.548
0.01471 0.00000 9.00000 2.3053014278 2.5795702565    2.260  3.722  3.5150  0.082    8  0.566  0.385   166.89    90.54    58.02    44.98    36.92  2 -9.77e-08      0.00 6.784e-01 3.068e-01 1.719e-03 2.345e-03 5.951e-03 -1.000 1.484e-02 -4.536 1.871 0.757 -0.613 -2.394 -4.298 -6.393 -7.308 -7.631
0.01471 0.00000 9.00000 2.3053841591 2.5795727928    2.250  3.753  3.5109  0.033    8  0.572  0.385   183.37    98.69    62.99    48.90    40.15  2 -1.36e-07      0.00 6.784e-01 3.068e-01 1.719e-03 2.345e-03 5.951e-03 -1.000 1.484e-02 -4.612 1.884 0.914 -0.409 -2.289 -4.254 -6.482 -7.401 -7.733
0.01471 0.00000 9.00000 2.3054628372 2.5795752047    2.239  3.772  3.5080 -0.000    8  0.579  0.385   195.68   104.73    66.66    51.81    42.54  2 -1.69e-07      0.00 6.784e-01 3.068e-01 1.719e-03 2.345e-03 5.951e-03 -1.000 1.484e-02 -4.661 1.894 1.020 -0.273 -2.217 -4.217 -6.540 -7.463 -7.800
0.01471 0.00000 9.00000 2.3055403233 2.5795775799    2.225  3.796  3.5044 -0.041    8  0.586  0.385   211.85   112.61    71.43    55.59    45.65  2 -2.22e-07      0.00 6.784e-01 3.068e-01 1.719e-03 2.345e-03 5.951e-03 -1.000 1.484e-02 -4.721 1.908 1.159 -0.098 -2.123 -4.164 -6.611 -7.537 -7.882
0.01471 0.00000 9.00000 2.3056092262 2.5795796918    2.208  3.816  3.5012 -0.077    8  0.593  0.385   226.88   119.87    75.81    59.06    48.51  2 -2.79e-07      0.00 6.784e-01 3.068e-01 1.719e-03 2.345e-03 5.951e-03 -1.000 1.484e-02 -4.770 1.926 1.292 0.068 -2.031 -4.109 -6.670 -7.600 -7.951
0.01471 0.00000 9.00000 2.3056771755 2.5795817743    2.188  3.836  3.4979 -0.114    8  0.599  0.385   243.85   127.99    80.69    62.95    51.71  2 -3.55e-07      0.00 6.784e-01 3.068e-01 1.719e-03 2.345e-03 5.951e-03 -1.000 1.484e-02 -4.820 1.946 1.416 0.217 -1.946 -4.054 -6.730 -7.664 -8.022
0.01471 0.00000 9.00000 2.3057394028 2.5795836814    2.165  3.859  3.4938 -0.159    8  0.606  0.389   265.43   138.23    86.83    67.84    55.73  0  -4.7e-07      0.00 6.783e-01 3.068e-01 1.738e-03 2.345e-03 5.951e-03 -1.000 1.486e-02 -4.879 1.970 1.554 0.379 -1.854 -3.991 -6.800 -7.738 -8.105
0.01471 0.00000 9.00000 2.3057980537 2.5795854787    2.138  3.877  3.4903 -0.195    8  0.612  0.411   284.62   147.23    92.19    72.13    59.26  0 -5.87e-07      0.01 6.780e-01 3.070e-01 1.833e-03 2.344e-03 5.952e-03 -1.000 1.496e-02 -4.921 2.004 1.692 0.536 -1.759 -3.921 -6.852 -7.795 -8.169
0.01471 0.00000 9.00000 2.3058567047 2.5795872759    2.103  3.889  3.4871 -0.227    8  0.617  0.447   302.15   155.32    96.99    75.99    62.43  0 -7.05e-07      0.01 6.776e-01 3.073e-01 1.996e-03 2.343e-03 5.953e-03 -1.000 1.513e-02 -4.951 2.036 1.781 0.612 -1.706 -3.877 -6.891 -7.836 -8.217
0.01471 0.00000 9.00000 2.3059108257 2.5795889343    2.063  3.903  3.4833 -0.266    8  0.623  0.498   324.86   165.70   103.12    80.93    66.49  0  -8.8e-07      0.01 6.769e-01 3.078e-01 2.225e-03 2.340e-03 5.954e-03 -1.000 1.537e-02 -4.988 2.084 1.891 0.697 -1.644 -3.824 -6.936 -7.886 -8.275
0.01471 0.00000 9.00000 2.3059649467 2.5795905925    2.011  3.918  3.4790 -0.308    8  0.627  0.564   348.93   177.84   110.26    86.70    71.23  0 -1.12e-06      0.02 6.760e-01 3.083e-01 2.519e-03 2.337e-03 5.955e-03 -1.000 1.568e-02 -5.025 2.143 2.014 0.791 -1.574 -3.765 -6.982 -7.938 -8.335
0.01471 0.00000 9.00000 2.3060166836 2.5795921776    1.946  3.932  3.4740 -0.357    8  0.632  0.638   368.16   192.65   118.93    93.74    77.01  0 -1.46e-06      0.03 6.750e-01 3.090e-01 2.848e-03 2.334e-03 5.955e-03 -1.000 1.603e-02 -5.061 2.245 2.163 0.900 -1.493 -3.700 -7.024 -7.987 -8.396
0.01471 0.00000 9.00000 2.3060665131 2.5795937042    1.862  3.946  3.4677 -0.415    8  0.637  0.718   392.29   211.58   129.93   102.72    84.38  0 -1.98e-06      0.05 6.738e-01 3.098e-01 3.206e-03 2.330e-03 5.955e-03 -1.000 1.640e-02 -5.096 2.373 2.348 1.036 -1.388 -3.615 -7.067 -8.037 -8.462
0.01471 0.00000 9.00000 2.3061141968 2.5795951650    1.753  3.959  3.4612 -0.480    8  0.641  0.802   420.19   234.09   142.92   113.41    93.13  0 -2.77e-06      0.07 6.726e-01 3.106e-01 3.583e-03 2.326e-03 5.954e-03 -1.000 1.680e-02 -5.127 2.571 2.576 1.205 -1.263 -3.518 -7.098 -8.080 -8.523
0.01471 0.00000 9.00000 2.3061602116 2.5795965745    1.600  3.971  3.4577 -0.546    8  0.646  0.891   448.09   257.95   156.47   124.76   102.41  0 -4.24e-06      0.29 6.713e-01 3.115e-01 3.976e-03 2.321e-03 5.952e-03 -1.000 1.722e-02 -5.159 3.780 3.414 1.794 -0.884 -3.223 -6.985 -8.038 -8.569
0.01471 0.00000 9.00000 2.3061881065 2.5795974290    1.575  3.983  3.4773 -0.486    8  0.648  0.949   408.71   230.44   140.45   111.86    91.79  0 -4.55e-06      0.30 6.705e-01 3.120e-01 4.236e-03 2.318e-03 5.951e-03 -1.000 1.750e-02 -5.187 3.611 2.991 1.434 -1.211 -3.505 -6.957 -8.000 -8.517
0.01471 0.00000 9.00000 2.3062150478 2.5795982543    1.551  3.991  3.4869 -0.463    8  0.651  1.007   393.17   220.12   134.39   107.02    87.80  0 -4.96e-06      0.00 6.696e-01 3.126e-01 4.492e-03 2.316e-03 5.950e-03  6.570 1.777e-02 -5.209 2.800 -0.387 -2.686 -4.024 -5.150 -6.887 -7.942 -8.335
0.01471 0.00000 9.00000 2.3062410355 2.5795990503    1.528  3.999  3.4687 -0.550    8  0.654  1.063   443.76   256.58   155.52   124.20   101.92  0 -6.09e-06      0.00 6.688e-01 3.132e-01 4.744e-03 2.313e-03 5.949e-03  7.546 1.804e-02 -5.227 2.784 -0.176 -2.501 -3.913 -5.124 -6.903 -7.971 -8.412
0.01471 0.00000 9.00000 2.3062660694 2.5795998171    1.504  4.006  3.4341 -0.703    8  0.657  1.119   476.18    -1.00    -1.00    -1.00    -1.00  0 -8.07e-06      0.11 6.680e-01 3.137e-01 4.991e-03 2.310e-03 5.948e-03  7.821 1.831e-02 -5.246 4.152 0.748 -1.813 -3.460 -4.857 -6.856 -7.971 -8.534
0.01471 0.00000 9.00000 2.3062901497 2.5796005546    1.474  4.014  3.4159 -0.791    8  0.660  1.174   471.46    -1.00    -1.00    -1.00    -1.00  0    -1e-05      0.71 6.672e-01 3.143e-01 5.237e-03 2.307e-03 5.947e-03  7.987 1.857e-02 -5.264 6.538 2.440 -0.459 -2.415 -4.020 -6.406 -7.692 -8.541
0.01471 0.00000 9.00000 2.3063135147 2.5796012703    1.431  4.021  3.4086 -0.841    8  0.662  1.229   464.42    -1.00    -1.00    -1.00    -1.00  0 -1.22e-05      1.16 6.664e-01 3.148e-01 5.479e-03 2.305e-03 5.945e-03  8.105 1.883e-02 -5.282 7.994 3.500 0.403 -1.721 -3.432 -6.058 -7.477 -8.493
0.01471 0.00000 9.00000 2.3063359261 2.5796019567    1.368  4.027  3.3973 -0.912    8  0.665  1.281   454.13    -1.00    -1.00    -1.00    -1.00  0 -1.57e-05      1.91 6.656e-01 3.153e-01 5.713e-03 2.302e-03 5.944e-03  8.196 1.908e-02 -5.298 10.376 5.256 1.835 -0.558 -2.436 -5.451 -7.082 -8.338
0.01471 0.00000 9.00000 2.3063566685 2.5796025919    1.285  4.033  3.3833 -1.001    8  0.668  1.331   440.08    -1.00    -1.00    -1.00    -1.00  0 -5.04e-07      0.02 6.649e-01 3.158e-01 5.934e-03 2.300e-03 5.943e-03  8.267 1.932e-02 -5.313 4.460 0.849 -1.797 -3.534 -4.990 -7.018 -8.073 -8.624
0.01471 0.00000 9.00000 2.3063778877 2.5796032418    1.167  4.039  3.3751 -1.081    8  0.671  1.381   419.36    -1.00    -1.00    -1.00    -1.00  0 -1.29e-06      0.09 6.641e-01 3.163e-01 6.154e-03 2.297e-03 5.942e-03  8.328 1.956e-02 -5.327 4.682 1.010 -1.667 -3.430 -4.904 -6.973 -8.054 -8.643
0.01471 0.00000 9.00000 2.3063981533 2.5796038625    0.983  4.045  3.3744 -1.165    8  0.674  1.423   376.21    -1.00    -1.00    -1.00    -1.00  0 -6.82e-06      0.84 6.635e-01 3.167e-01 6.339e-03 2.295e-03 5.941e-03  8.374 1.976e-02 -5.343 6.994 2.723 -0.257 -2.279 -3.924 -6.387 -7.703 -8.606
0.01471 0.00000 9.00000 2.3064174652 2.5796044539    0.847  4.044  3.3703 -1.245    8  0.677  1.441   287.58    -1.00    -1.00    -1.00    -1.00  0 -3.94e-06      0.42 6.633e-01 3.169e-01 6.422e-03 2.294e-03 5.940e-03  8.393 1.985e-02 -5.341 5.682 1.749 -1.060 -2.936 -4.485 -6.727 -7.913 -8.651
0.01471 0.00000 9.00000 2.3064360619 2.5796050234    0.761  4.042  3.4024 -1.161    8  0.680  1.447   236.96    -1.00    -1.00    -1.00    -1.00  0 -6.54e-06      0.84 6.632e-01 3.169e-01 6.448e-03 2.294e-03 5.940e-03  8.399 1.988e-02 -5.336 7.023 2.747 -0.237 -2.261 -3.908 -6.374 -7.693 -8.598
0.01471 0.00000 9.00000 2.3064534664 2.5796055564    0.722  4.043  3.4432 -1.022    8  0.683  1.450   215.22    -1.00    -1.00    -1.00    -1.00  0 -2.79e-06      0.23 6.631e-01 3.170e-01 6.461e-03 2.294e-03 5.940e-03  8.401 1.990e-02 -5.338 4.344 0.859 -1.751 -3.419 -4.819 -6.855 -7.998 -8.612
0.01471 0.00000 9.00000 2.3064670563 2.5796059726    0.685 -9.999  4.0000  1.239    9  0.685  0.000     0.00     0.00     0.00     0.00     0.00 -1    -1e-30      0.00 6.631e-01 3.170e-01 6.466e-03 2.294e-03 5.940e-03  8.403 1.990e-02 29.767 29.721 29.984 30.033 30.021 30.018 30.067 30.065 30.083
# Zini     MH   logAge Mini        int_IMF         Mass   logL    logTe  logg  label   McoreTP C_O  period0  period1  period2  period3  period4  pmode  Mloss  tau1m   X   Y   Xc  Xn  Xo  Cexcess  Z 	 mbolmag  Umag    Bmag    Vmag    Rmag    Imag    Jmag    Hmag    Kmag
0.01471 0.00000 10.00000 0.0900000036 1.0816895926    0.090 -3.421  3.3635  5.219    1  0.000  0.545     0.00     0.00     0.00     0.00     0.00 -1 -3.91e-17      0.00 7.095e-01 2.757e-01 2.655e-03 7.163e-04 6.496e-03 -1.000 1.476e-02 13.323 22.628 19.985 18.143 15.982 13.729 11.232 10.617 10.330
0.01471 0.00000 10.00000 0.1000000015 1.1711064122    0.100 -3.237  3.3896  5.186    1  0.000  0.545     0.00     0.00     0.00     0.00     0.00 -1 -2.22e-17      0.00 7.091e-01 2.761e-01 2.655e-03 7.163e-04 6.496e-03 -1.000 1.476e-02 12.864 22.106 19.498 17.666 15.517 13.270 10.774 10.160 9.869
0.01471 0.00000 10.00000 0.1095180213 1.2460275895    0.109 -3.104  3.4072  5.163    1  0.000  0.545     0.00     0.00     0.00     0.00     0.00 -1 -4.24e-17      0.00 7.087e-01 2.766e-01 2.655e-03 7.163e-04 6.496e-03 -1.000 1.476e-02 12.531 21.730 19.147 17.321 15.181 12.937 10.442 9.829 9.535
0.01471 0.00000 10.00000 0.1200000048 1.3193154741    0.120 -2.971  3.4249  5.139    1  0.000  0.545     0.00     0.00     0.00     0.00     0.00 -1 -1.05e-16      0.00 7.082e-01 2.770e-01 2.655e-03 7.163e-04 6.496e-03 -1.000 1.476e-02 12.197 20.921 18.498 16.705 14.669 12.495 10.127 9.513 9.215
0.01471 0.00000 10.00000 0.1400000006 1.4384526719    0.140 -2.788  3.4448  5.103    1  0.000  0.545     0.00     0.00     0.00     0.00     0.00 -1 -1.54e-16      0.00 7.075e-01 2.778e-01 2.655e-03 7.163e-04 6.496e-03 -1.000 1.476e-02 11.740 19.413 17.306 15.600 13.794 11.788 9.718 9.100 8.802
0.01471 0.00000 10.00000 0.1482346505 1.4812434842    0.148 -2.727  3.4506  5.091    1  0.000  0.545     0.00     0.00     0.00     0.00     0.00 -1 -1.74e-16      0.00 7.072e-01 2.781e-01 2.655e-03 7.163e-04 6.496e-03 -1.000 1.476e-02 11.589 18.977 16.952 15.269 13.527 11.570 9.580 8.962 8.665
0.01471 0.00000 10.00000 0.1599999964 1.5372931554    0.160 -2.646  3.4584  5.074    1  0.000  0.545     0.00     0.00     0.00     0.00     0.00 -1 -2.06e-16      0.00 7.068e-01 2.785e-01 2.655e-03 7.163e-04 6.496e-03 -1.000 1.476e-02 11.386 18.404 16.486 14.826 13.168 11.285 9.397 8.778 8.482
0.01471 0.00000 10.00000 0.2000000030 1.6938790862    0.200 -2.427  3.4771  5.026    1  0.000  0.545     0.00     0.00     0.00     0.00     0.00 -1 -3.23e-16      0.00 7.056e-01 2.796e-01 2.655e-03 7.163e-04 6.496e-03 -1.000 1.476e-02 10.836 17.066 15.362 13.761 12.285 10.569 8.893 8.272 7.985
0.01471 0.00000 10.00000 0.2500000000 1.8403257998    0.250 -2.214  3.4934  4.975    1  0.000  0.545     0.00     0.00     0.00     0.00     0.00 -1 -1.07e-16      0.00 7.048e-01 2.805e-01 2.655e-03 7.163e-04 6.496e-03 -1.000 1.476e-02 10.304 15.954 14.397 12.831 11.485 9.923 8.401 7.778 7.501
0.01471 0.00000 10.00000 0.3000000119 1.9529139769    0.300 -2.049  3.5038  4.931    1  0.000  0.545     0.00     0.00     0.00     0.00     0.00 -1 -3.26e-18      0.00 7.045e-01 2.807e-01 2.655e-03 7.163e-04 6.496e-03 -1.000 1.476e-02 9.893 15.225 13.744 12.211 10.936 9.454 8.014 7.388 7.120
0.01471 0.00000 10.00000 0.3500000238 2.0434175133    0.350 -1.901  3.5125  4.885    1  0.000  0.545     0.00     0.00     0.00     0.00     0.00 -1 -4.09e-16      0.00 7.104e-01 2.749e-01 2.655e-03 7.163e-04 6.496e-03 -1.000 1.476e-02 9.523 14.618 13.191 11.686 10.463 9.044 7.665 7.035 6.774
0.01471 0.00000 10.00000 0.3675433397 2.0712682837    0.368 -1.848  3.5165  4.870    1  0.000  0.545     0.00     0.00     0.00     0.00     0.00 -1 -6.08e-16      0.00 7.105e-01 2.748e-01 2.655e-03 7.163e-04 6.496e-03 -1.000 1.476e-02 9.391 14.388 12.980 11.485 10.284 8.895 7.542 6.910 6.653
0.01471 0.00000 10.00000 0.4000000358 2.1185024810    0.400 -1.757  3.5236  4.843    1  0.000  0.545     0.00     0.00     0.00     0.00     0.00 -1 -1.32e-15      0.00 7.106e-01 2.746e-01 2.655e-03 7.163e-04 6.496e-03 -1.000 1.476e-02 9.162 14.003 12.622 11.144 9.979 8.638 7.330 6.694 6.442
0.01471 0.00000 10.00000 0.4500000179 2.1822809362    0.450 -1.606  3.5360  4.793    1  0.000  0.545     0.00     0.00     0.00     0.00     0.00 -1 -1.86e-15      0.00 7.107e-01 2.745e-01 2.655e-03 7.163e-04 6.496e-03 -1.000 1.476e-02 8.785 13.390 12.039 10.590 9.479 8.221 6.985 6.339 6.097
0.01471 0.00000 10.00000 0.5000000000 2.2374541529    0.500 -1.446  3.5517  4.742    1  0.000  0.545     0.00     0.00     0.00     0.00     0.00 -1 -2.71e-15      0.00 7.107e-01 2.745e-01 2.655e-03 7.163e-04 6.496e-03 -1.000 1.476e-02 8.385 12.754 11.413 9.991 8.938 7.779 6.625 5.968 5.738
0.01471 0.00000 10.00000 0.5500000119 2.2836582633    0.550 -1.267  3.5721  4.686    1  0.000  0.545     0.00     0.00     0.00     0.00     0.00 -1 -4.16e-15      0.00 7.334e-01 2.529e-01 2.459e-03 6.637e-04 6.021e-03 -1.000 1.368e-02 7.938 12.058 10.700 9.299 8.307 7.289 6.233 5.561 5.350
0.01471 0.00000 10.00000 0.6000000238 2.3211213258    0.600 -1.092  3.5975  4.650    1  0.000  0.544     0.00     0.00     0.00     0.00     0.00 -1 -6.21e-15      0.00 7.368e-01 2.496e-01 2.432e-03 6.566e-04 5.957e-03 -1.000 1.356e-02 7.500 11.358 9.967 8.605 7.673 6.819 5.861 5.168 4.994
0.01471 0.00000 10.00000 0.6499999762 2.3520353107    0.650 -0.912  3.6284  4.629    1  0.000  0.544     0.00     0.00     0.00     0.00     0.00 -1 -9.26e-15      0.00 7.399e-01 2.467e-01 2.408e-03 6.501e-04 5.900e-03 -1.000 1.343e-02 7.050 10.576 9.151 7.885 7.030 6.343 5.482 4.795 4.669
0.01471 0.00000 10.00000 0.6561416984 2.3554608059    0.656 -0.890  3.6324  4.626    1  0.000  0.544     0.00     0.00     0.00     0.00     0.00 -1 -9.72e-15      0.00 7.403e-01 2.463e-01 2.405e-03 6.493e-04 5.893e-03 -1.000 1.342e-02 6.995 10.463 9.043 7.794 6.951 6.285 5.437 4.753 4.633
0.01471 0.00000 10.00000 0.7000000477 2.3779267258    0.700 -0.736  3.6597  4.610    1  0.000  0.544     0.00     0.00     0.00     0.00     0.00 -1 -1.36e-14      0.00 7.428e-01 2.438e-01 2.385e-03 6.440e-04 5.845e-03 -1.000 1.332e-02 6.611 9.531 8.289 7.171 6.424 5.885 5.129 4.503 4.412
0.01471 0.00000 10.00000 0.7189142108 2.3866480878    0.719 -0.671  3.6711  4.602    1  0.000  0.541     0.00     0.00     0.00     0.00     0.00 -1 -1.58e-14      0.00 7.441e-01 2.426e-01 2.362e-03 6.409e-04 5.820e-03 -1.000 1.324e-02 6.447 9.105 7.981 6.919 6.218 5.714 4.999 4.408 4.324
0.01471 0.00000 10.00000 0.7406622171 2.3960457194    0.741 -0.596  3.6837  4.591    1  0.000  0.538     0.00     0.00     0.00     0.00     0.00 -1 -1.87e-14      0.00 7.456e-01 2.413e-01 2.337e-03 6.374e-04 5.793e-03 -1.000 1.318e-02 6.260 8.629 7.644 6.644 5.994 5.522 4.853 4.305 4.226
0.01471 0.00000 10.00000 0.7500000000 2.3998889087    0.750 -0.564  3.6891  4.586    1  0.000  0.536     0.00     0.00     0.00     0.00     0.00 -1 -2.01e-14      0.00 7.462e-01 2.407e-01 2.326e-03 6.359e-04 5.781e-03 -1.000 1.313e-02 6.181 8.442 7.508 6.531 5.901 5.441 4.789 4.257 4.182
0.01471 0.00000 10.00000 0.7565164566 2.4025063718    0.756 -0.543  3.6922  4.580    1  0.000  0.536     0.00     0.00     0.00     0.00     0.00 -1 -2.12e-14      0.00 7.468e-01 2.401e-01 2.321e-03 6.347e-04 5.770e-03 -1.000 1.308e-02 6.127 8.322 7.421 6.459 5.840 5.387 4.746 4.223 4.149
0.01471 0.00000 10.00000 0.7757515907 2.4099384556    0.775 -0.479  3.7013  4.564    1  0.000  0.536     0.00     0.00     0.00     0.00     0.00 -1 -2.47e-14      0.00 7.485e-01 2.384e-01 2.308e-03 6.310e-04 5.736e-03 -1.000 1.302e-02 5.967 7.971 7.169 6.247 5.662 5.228 4.618 4.122 4.052
0.01471 0.00000 10.00000 0.7932916880 2.4163555591    0.793 -0.421  3.7095  4.548    1  0.000  0.536     0.00     0.00     0.00     0.00     0.00 -1 -2.85e-14      0.00 7.501e-01 2.369e-01 2.295e-03 6.276e-04 5.706e-03 -1.000 1.295e-02 5.821 7.669 6.950 6.060 5.503 5.084 4.501 4.030 3.963
0.01471 0.00000 10.00000 0.8000000119 2.4187244405    0.800 -0.398  3.7125  4.541    1  0.000  0.536     0.00     0.00     0.00     0.00     0.00 -1    -3e-14      0.00 7.507e-01 2.364e-01 2.290e-03 6.263e-04 5.695e-03 -1.000 1.293e-02 5.765 7.555 6.868 5.990 5.443 5.030 4.456 3.994 3.928
0.01471 0.00000 10.00000 0.8096139431 2.4220407827    0.809 -0.366  3.7167  4.531    1  0.000  0.536     0.00     0.00     0.00     0.00     0.00 -1 -3.25e-14      0.00 7.517e-01 2.354e-01 2.282e-03 6.242e-04 5.676e-03 -1.000 1.290e-02 5.685 7.396 6.751 5.891 5.357 4.952 4.392 3.940 3.877
0.01471 0.00000 10.00000 0.8266493082 2.4276998832    0.826 -0.309  3.7240  4.512    1  0.000  0.536     0.00     0.00     0.00     0.00     0.00 -1 -3.76e-14      0.00 7.535e-01 2.337e-01 2.268e-03 6.203e-04 5.642e-03 -1.000 1.284e-02 5.542 7.122 6.550 5.718 5.206 4.812 4.275 3.843 3.783
0.01471 0.00000 10.00000 0.8419314027 2.4325530931    0.841 -0.257  3.7302  4.493    1  0.000  0.536     0.00     0.00     0.00     0.00     0.00 -1 -4.29e-14      0.00 7.551e-01 2.321e-01 2.255e-03 6.169e-04 5.611e-03 -1.000 1.277e-02 5.412 6.885 6.374 5.565 5.071 4.687 4.169 3.754 3.695
0.01471 0.00000 10.00000 0.8500000238 2.4350346840    0.849 -0.230  3.7334  4.482    1  0.000  0.536     0.00     0.00     0.00     0.00     0.00 -1  -4.6e-14      0.00 7.560e-01 2.313e-01 2.248e-03 6.151e-04 5.595e-03 -1.000 1.274e-02 5.344 6.763 6.281 5.485 5.000 4.622 4.114 3.707 3.650
0.01471 0.00000 10.00000 0.8648483753 2.4394625958    0.864 -0.178  3.7389  4.460    1  0.000  0.536     0.00     0.00     0.00     0.00     0.00 -1 -5.26e-14      0.00 7.579e-01 2.295e-01 2.233e-03 6.110e-04 5.558e-03 -1.000 1.267e-02 5.215 6.541 6.110 5.337 4.867 4.499 4.008 3.615 3.560
0.01471 0.00000 10.00000 0.8803583384 2.4439048669    0.879 -0.123  3.7443  4.435    1  0.000  0.536     0.00     0.00     0.00     0.00     0.00 -1 -6.08e-14      0.00 7.599e-01 2.276e-01 2.218e-03 6.068e-04 5.521e-03 -1.000 1.253e-02 5.078 6.309 5.934 5.183 4.730 4.371 3.895 3.515 3.463
0.01471 0.00000 10.00000 0.8946489096 2.4478414879    0.894 -0.072  3.7490  4.409    1  0.000  0.535     0.00     0.00     0.00     0.00     0.00 -1    -7e-14      0.00 7.617e-01 2.259e-01 2.203e-03 6.029e-04 5.486e-03 -1.000 1.245e-02 4.949 6.098 5.772 5.041 4.602 4.250 3.787 3.418 3.369
0.01471 0.00000 10.00000 0.8999999762 2.4492786016    0.899 -0.052  3.7507  4.399    1  0.000  0.535     0.00     0.00     0.00     0.00     0.00 -1 -7.39e-14      0.00 7.623e-01 2.252e-01 2.198e-03 6.015e-04 5.473e-03 -1.000 1.244e-02 4.900 6.021 5.711 4.988 4.553 4.203 3.746 3.380 3.332
0.01471 0.00000 10.00000 0.9101797342 2.4519589648    0.909 -0.014  3.7536  4.378    1  0.000  0.535     0.00     0.00     0.00     0.00     0.00 -1 -8.21e-14      0.00 7.639e-01 2.237e-01 2.185e-03 5.981e-04 5.443e-03 -1.000 1.241e-02 4.806 5.881 5.598 4.886 4.460 4.114 3.665 3.306 3.259
0.01471 0.00000 10.00000 0.9272468686 2.4563013038    0.926  0.050  3.7578  4.338    1  0.000  0.535     0.00     0.00     0.00     0.00     0.00 -1 -9.85e-14      0.00 7.665e-01 2.212e-01 2.165e-03 5.926e-04 5.394e-03 -1.000 1.228e-02 4.646 5.656 5.410 4.716 4.301 3.962 3.524 3.175 3.129
0.01471 0.00000 10.00000 0.9426711798 2.4600705106    0.941  0.107  3.7607  4.299    1  0.000  0.535     0.00     0.00     0.00     0.00     0.00 -1 -1.17e-13      0.00 7.685e-01 2.194e-01 2.150e-03 5.886e-04 5.358e-03 -1.000 1.215e-02 4.502 5.467 5.246 4.565 4.158 3.824 3.393 3.051 3.007
0.01471 0.00000 10.00000 0.9499999881 2.4618121868    0.949  0.137  3.7619  4.278    1  0.000  0.535     0.00     0.00     0.00     0.00     0.00 -1 -1.28e-13      0.00 7.685e-01 2.194e-01 2.150e-03 5.887e-04 5.359e-03 -1.000 1.216e-02 4.428 5.376 5.165 4.489 4.085 3.753 3.325 2.985 2.942
0.01471 0.00000 10.00000 0.9547021985 2.4629134772    0.954  0.156  3.7626  4.264    1  0.000  0.535     0.00     0.00     0.00     0.00     0.00 -1 -1.35e-13      0.00 7.686e-01 2.192e-01 2.149e-03 5.885e-04 5.357e-03 -1.000 1.217e-02 4.380 5.318 5.112 4.439 4.038 3.707 3.281 2.942 2.899
0.01471 0.00000 10.00000 0.9564048648 2.4633091836    0.955  0.163  3.7628  4.258    1  0.000  0.535     0.00     0.00     0.00     0.00     0.00 -1 -1.39e-13      0.00 7.686e-01 2.192e-01 2.150e-03 5.886e-04 5.358e-03 -1.000 1.218e-02 4.362 5.297 5.093 4.421 4.020 3.689 3.264 2.926 2.883
0.01471 0.00000 10.00000 0.9658484459 2.4654748137    0.965  0.204  3.7635  4.224    1  0.000  0.535     0.00     0.00     0.00     0.00     0.00 -1 -1.58e-13      0.00 7.680e-01 2.198e-01 2.157e-03 5.905e-04 5.375e-03 -1.000 1.224e-02 4.259 5.183 4.984 4.316 3.918 3.588 3.165 2.829 2.786
0.01471 0.00000 10.00000 0.9732161760 2.4671308815    0.972  0.237  3.7635  4.195    1  0.000  0.535     0.00     0.00     0.00     0.00     0.00 -1 -1.75e-13      0.00 7.671e-01 2.206e-01 2.165e-03 5.928e-04 5.396e-03 -1.000 1.229e-02 4.177 5.098 4.901 4.234 3.835 3.506 3.083 2.746 2.704
0.01471 0.00000 10.00000 0.9815787673 2.4689759685    0.981  0.276  3.7628  4.157    1  0.000  0.535     0.00     0.00     0.00     0.00     0.00 -1 -1.99e-13      0.00 7.653e-01 2.223e-01 2.183e-03 5.978e-04 5.443e-03 -1.000 1.239e-02 4.080 5.008 4.807 4.138 3.739 3.408 2.983 2.645 2.602
0.01471 0.00000 10.00000 0.9871484041 2.4701849044    0.986  0.303  3.7618  4.128    1  0.000  0.535     0.00     0.00     0.00     0.00     0.00 -1 -2.18e-13      0.00 7.636e-01 2.239e-01 2.200e-03 6.025e-04 5.485e-03 -1.000 1.246e-02 4.014 4.955 4.747 4.073 3.672 3.340 2.912 2.572 2.528
0.01471 0.00000 10.00000 0.9889950156 2.4705822718    0.988  0.311  3.7612  4.118    2  0.000  0.535     0.00     0.00     0.00     0.00     0.00 -1 -2.26e-13      0.00 7.623e-01 2.251e-01 2.212e-03 6.058e-04 5.515e-03 -1.000 1.257e-02 3.991 4.939 4.728 4.052 3.649 3.317 2.887 2.545 2.501
0.01471 0.00000 10.00000 0.9965277910 2.4721856997    0.996  0.348  3.7575  4.070    2  0.000  0.535     0.00     0.00     0.00     0.00     0.00 -1 -2.57e-13      0.00 7.562e-01 2.310e-01 2.268e-03 6.210e-04 5.654e-03 -1.000 1.288e-02 3.900 4.896 4.659 3.969 3.558 3.219 2.779 2.429 2.383
0.01471 0.00000 10.00000 1.0000000000 2.4729154477    0.999  0.363  3.7538  4.041    2  0.000  0.535     0.00     0.00     0.00     0.00     0.00 -1 -2.75e-13      0.00 7.517e-01 2.352e-01 2.305e-03 6.311e-04 5.744e-03 -1.000 1.308e-02 3.862 4.909 4.644 3.939 3.519 3.175 2.724 2.365 2.318
0.01471 0.00000 10.00000 1.0036079884 2.4736675835    1.003  0.379  3.7497  4.011    2  0.000  0.535     0.00     0.00     0.00     0.00     0.00 -1 -2.93e-13      0.00 7.470e-01 2.397e-01 2.344e-03 6.418e-04 5.840e-03 -1.000 1.328e-02 3.822 4.926 4.631 3.910 3.480 3.129 2.666 2.297 2.248
0.01471 0.00000 10.00000 1.0078622103 2.4745464847    1.007  0.391  3.7403  3.964    2  0.000  0.536     0.00     0.00     0.00     0.00     0.00 -1 -3.16e-13      0.00 7.395e-01 2.469e-01 2.402e-03 6.574e-04 5.980e-03 -1.000 1.359e-02 3.794 5.033 4.661 3.905 3.454 3.089 2.599 2.207 2.155
0.01471 0.00000 10.00000 1.0107438564 2.4751369873    1.010  0.391  3.7297  3.922    2  0.000  0.536     0.00     0.00     0.00     0.00     0.00 -1 -3.31e-13      0.00 7.337e-01 2.525e-01 2.447e-03 6.692e-04 6.086e-03 -1.000 1.384e-02 3.792 5.189 4.734 3.938 3.460 3.078 2.555 2.136 2.080
0.01471 0.00000 10.00000 1.0127197504 2.4755396519    1.011  0.391  3.7197  3.883    2  0.000  0.536     0.00     0.00     0.00     0.00     0.00 -1 -3.45e-13      0.00 7.295e-01 2.566e-01 2.477e-03 6.773e-04 6.158e-03 -1.000 1.396e-02 3.793 5.347 4.810 3.975 3.472 3.072 2.517 2.072 2.011
0.01471 0.00000 10.00000 1.0145744085 2.4759159695    1.013  0.402  3.7100  3.834    2  0.000  0.537     0.00     0.00     0.00     0.00     0.00 -1 -3.72e-13      0.00 7.257e-01 2.601e-01 2.503e-03 6.843e-04 6.219e-03 -1.000 1.413e-02 3.765 5.482 4.858 3.986 3.458 3.042 2.454 1.980 1.917
0.01471 0.00000 10.00000 1.0164014101 2.4762851316    1.015  0.433  3.7020  3.771    2  0.000  0.537     0.00     0.00     0.00     0.00     0.00 -1 -4.26e-13      0.00 7.220e-01 2.637e-01 2.526e-03 6.902e-04 6.272e-03 -1.000 1.426e-02 3.688 5.542 4.848 3.945 3.394 2.963 2.349 1.852 1.785
0.01471 0.00000 10.00000 1.0173946619 2.4764851874    1.016  0.458  3.6985  3.733    2  0.000  0.537     0.00     0.00     0.00     0.00     0.00 -1 -4.71e-13      0.00 7.200e-01 2.657e-01 2.536e-03 6.930e-04 6.297e-03 -1.000 1.428e-02 3.626 5.541 4.817 3.900 3.339 2.901 2.275 1.768 1.699
0.01471 0.00000 10.00000 1.0188293457 2.4767733625    1.017  0.509  3.6951  3.669    3  0.000  0.537     0.00     0.00     0.00     0.00     0.00 -1 -5.67e-13      0.00 7.167e-01 2.689e-01 2.547e-03 6.966e-04 6.327e-03 -1.000 1.437e-02 3.498 5.470 4.719 3.789 3.220 2.775 2.136 1.619 1.549
0.01471 0.00000 10.00000 1.0200765133 2.4770231152    1.019  0.560  3.6928  3.609    3  0.000  0.535     0.00     0.00     0.00     0.00     0.00 -1 -6.81e-13      0.00 7.135e-01 2.721e-01 2.547e-03 7.022e-04 6.349e-03 -1.000 1.444e-02 3.370 5.378 4.611 3.672 3.097 2.648 2.001 1.476 1.405
0.01471 0.00000 10.00000 1.0209747553 2.4772025589    1.019  0.601  3.6915  3.563    3  0.000  0.530     0.00     0.00     0.00     0.00     0.00 -1 -7.89e-13      0.00 7.107e-01 2.748e-01 2.529e-03 7.165e-04 6.363e-03 -1.000 1.448e-02 3.266 5.293 4.518 3.574 2.997 2.545 1.893 1.364 1.292
0.01471 0.00000 10.00000 1.0218373537 2.4773745406    1.020  0.645  3.6903  3.515    3  0.000  0.521     0.00     0.00     0.00     0.00     0.00 -1 -9.19e-13      0.00 7.079e-01 2.775e-01 2.490e-03 7.542e-04 6.374e-03 -1.000 1.452e-02 3.158 5.201 4.419 3.471 2.892 2.438 1.781 1.248 1.176
0.01471 0.00000 10.00000 1.0226486921 2.4775359977    1.021  0.689  3.6892  3.467    3  0.000  0.508     0.00     0.00     0.00     0.00     0.00 -1 -1.07e-12      0.00 7.053e-01 2.801e-01 2.434e-03 8.160e-04 6.383e-03 -1.000 1.454e-02 3.049 5.111 4.320 3.367 2.785 2.329 1.668 1.132 1.059
0.01471 0.00000 10.00000 1.0234044790 2.4776861353    1.022  0.733  3.6881  3.419    3  0.000  0.495     0.00     0.00     0.00     0.00     0.00 -1 -1.26e-12      0.00 7.029e-01 2.825e-01 2.374e-03 8.894e-04 6.390e-03 -1.000 1.456e-02 2.939 5.021 4.222 3.262 2.678 2.219 1.554 1.015 0.942
0.01471 0.00000 10.00000 1.0240519047 2.4778145441    1.022  0.773  3.6871  3.374    3  0.000  0.484     0.00     0.00     0.00     0.00     0.00 -1 -1.45e-12      0.00 7.009e-01 2.846e-01 2.323e-03 9.540e-04 6.396e-03 -1.000 1.458e-02 2.837 4.938 4.130 3.165 2.579 2.117 1.449 0.907 0.833
0.01471 0.00000 10.00000 1.0246689320 2.4779367502    1.023  0.815  3.6860  3.328    3  0.000  0.476     0.00     0.00     0.00     0.00     0.00 -1 -1.68e-12      0.00 6.991e-01 2.863e-01 2.284e-03 1.004e-03 6.400e-03 -1.000 1.458e-02 2.732 4.854 4.037 3.066 2.477 2.013 1.340 0.795 0.721
0.01471 0.00000 10.00000 1.0252929926 2.4780601772    1.024  0.861  3.6847  3.278    3  0.000  0.469     0.00     0.00     0.00     0.00     0.00 -1 -1.98e-12      0.00 6.976e-01 2.878e-01 2.253e-03 1.044e-03 6.404e-03 -1.000 1.461e-02 2.617 4.764 3.935 2.958 2.365 1.898 1.221 0.673 0.598
0.01471 0.00000 10.00000 1.0258209705 2.4781644661    1.024  0.903  3.6834  3.231    3  0.000  0.464     0.00     0.00     0.00     0.00     0.00 -1  -2.3e-12      0.00 6.964e-01 2.889e-01 2.231e-03 1.072e-03 6.407e-03 -1.000 1.464e-02 2.512 4.683 3.843 2.859 2.263 1.794 1.112 0.561 0.485
0.01471 0.00000 10.00000 1.0262933969 2.4782576775    1.024  0.944  3.6822  3.185    3  0.000  0.461     0.00     0.00     0.00     0.00     0.00 -1 -2.66e-12      0.00 6.955e-01 2.898e-01 2.216e-03 1.092e-03 6.408e-03 -1.000 1.463e-02 2.411 4.607 3.755 2.764 2.165 1.693 1.006 0.451 0.375
0.01471 0.00000 10.00000 1.0267322063 2.4783441679    1.025  0.984  3.6809  3.140    3  0.000  0.458     0.00     0.00     0.00     0.00     0.00 -1 -3.07e-12      0.00 6.949e-01 2.905e-01 2.204e-03 1.107e-03 6.410e-03 -1.000 1.461e-02 2.310 4.532 3.668 2.670 2.068 1.593 0.902 0.342 0.266
0.01471 0.00000 10.00000 1.0271663666 2.4784296582    1.025  1.027  3.6793  3.091    3  0.000  0.457     0.00     0.00     0.00     0.00     0.00 -1 -3.58e-12      0.00 6.943e-01 2.911e-01 2.195e-03 1.119e-03 6.411e-03 -1.000 1.461e-02 2.201 4.455 3.576 2.570 1.963 1.485 0.788 0.224 0.147
0.01471 0.00000 10.00000 1.0276389122 2.4785226126    1.026  1.079  3.6774  3.031    3  0.000  0.455     0.00     0.00     0.00     0.00     0.00 -1 -4.32e-12      0.00 6.939e-01 2.915e-01 2.188e-03 1.128e-03 6.412e-03 -1.000 1.462e-02 2.072 4.368 3.467 2.452 1.839 1.357 0.652 0.082 0.004
0.01471 0.00000 10.00000 1.0279847383 2.4785905778    1.026  1.121  3.6757  2.983    3  0.000  0.454     0.00     0.00     0.00     0.00     0.00 -1 -5.03e-12      0.00 6.937e-01 2.917e-01 2.185e-03 1.132e-03 6.413e-03 -1.000 1.462e-02 1.967 4.298 3.381 2.357 1.740 1.254 0.542 -0.033 -0.112
0.01471 0.00000 10.00000 1.0282899141 2.4786505102    1.026  1.161  3.6741  2.937    3  0.000  0.454     0.00     0.00     0.00     0.00     0.00 -1  -5.8e-12      0.00 6.936e-01 2.917e-01 2.184e-03 1.134e-03 6.413e-03 -1.000 1.462e-02 1.868 4.233 3.299 2.267 1.646 1.156 0.438 -0.142 -0.222
0.01471 0.00000 10.00000 1.0285718441 2.4787058412    1.026  1.200  3.6724  2.891    3  0.000  0.454     0.00     0.00     0.00     0.00     0.00 -1 -6.69e-12      0.00 6.936e-01 2.918e-01 2.183e-03 1.135e-03 6.413e-03 -1.000 1.462e-02 1.770 4.169 3.218 2.178 1.552 1.059 0.335 -0.251 -0.331
0.01471 0.00000 10.00000 1.0289107561 2.4787723092    1.027  1.252  3.6701  2.830    3  0.000  0.454     0.00     0.00     0.00     0.00     0.00 -1 -8.09e-12      0.00 6.936e-01 2.918e-01 2.183e-03 1.135e-03 6.414e-03 -1.000 1.462e-02 1.640 4.087 3.113 2.062 1.430 0.931 0.198 -0.394 -0.476
0.01471 0.00000 10.00000 1.0292108059 2.4788311134    1.027  1.302  3.6678  2.770    3  0.000  0.454     0.00     0.00     0.00     0.00     0.00 -1 -9.71e-12      0.00 6.936e-01 2.918e-01 2.182e-03 1.136e-03 6.414e-03 -1.000 1.462e-02 1.515 4.012 3.013 1.951 1.312 0.808 0.066 -0.533 -0.617
0.01471 0.00000 10.00000 1.0294859409 2.4788850002    1.027  1.352  3.6654  2.711    3  0.000  0.454     0.00     0.00     0.00     0.00     0.00 -1 -1.17e-11      0.00 6.936e-01 2.918e-01 2.182e-03 1.136e-03 6.414e-03 -1.000 1.462e-02 1.390 3.938 2.915 1.841 1.195 0.686 -0.066 -0.673 -0.758
0.01471 0.00000 10.00000 1.0297415257 2.4789350283    1.027  1.402  3.6629  2.651    3  0.000  0.453     0.00     0.00     0.00     0.00     0.00 -1  -1.4e-11      0.00 6.936e-01 2.918e-01 2.182e-03 1.136e-03 6.414e-03 -1.000 1.462e-02 1.264 3.866 2.817 1.732 1.078 0.563 -0.198 -0.812 -0.900
0.01471 0.00000 10.00000 1.0299755335 2.4789808078    1.027  1.450  3.6604  2.593    3  0.000  0.453     0.00     0.00     0.00     0.00     0.00 -1 -1.67e-11      0.00 6.936e-01 2.918e-01 2.181e-03 1.137e-03 6.414e-03 -1.000 1.462e-02 1.145 3.799 2.725 1.628 0.967 0.447 -0.324 -0.946 -1.035
0.01471 0.00000 10.00000 1.0302153826 2.4790277053    1.027  1.495  3.6581  2.539    3  0.000  0.453     0.00     0.00     0.00     0.00     0.00 -1 -1.97e-11      0.00 6.935e-01 2.918e-01 2.181e-03 1.137e-03 6.414e-03 -1.000 1.462e-02 1.033 3.739 2.639 1.532 0.864 0.338 -0.442 -1.071 -1.162
0.01471 0.00000 10.00000 1.0304607153 2.4790756491    1.027  1.529  3.6564  2.498    3  0.000  0.453     0.00     0.00     0.00     0.00     0.00 -1 -2.25e-11      0.00 6.935e-01 2.918e-01 2.181e-03 1.138e-03 6.414e-03 -1.000 1.463e-02 0.947 3.692 2.573 1.457 0.785 0.254 -0.533 -1.168 -1.260
0.01471 0.00000 10.00000 1.0306466818 2.4791119738    1.027  1.500  3.6584  2.535    3  0.000  0.453     0.00     0.00     0.00     0.00     0.00 -1 -2.04e-11      0.00 6.935e-01 2.918e-01 2.181e-03 1.138e-03 6.414e-03 -1.000 1.463e-02 1.020 3.719 2.623 1.516 0.850 0.324 -0.455 -1.083 -1.173
0.01471 0.00000 10.00000 1.0307710171 2.4791362517    1.027  1.459  3.6610  2.586    3  0.000  0.453     0.00     0.00     0.00     0.00     0.00 -1 -1.76e-11      0.00 6.935e-01 2.918e-01 2.181e-03 1.138e-03 6.414e-03 -1.000 1.463e-02 1.122 3.762 2.694 1.600 0.942 0.423 -0.346 -0.966 -1.055
0.01471 0.00000 10.00000 1.0307816267 2.4791383230    1.027  1.457  3.6612  2.590    3  0.000  0.453     0.00     0.00     0.00     0.00     0.00 -1 -1.73e-11      0.00 6.935e-01 2.918e-01 2.181e-03 1.138e-03 6.414e-03 -1.000 1.463e-02 1.128 3.765 2.699 1.606 0.948 0.429 -0.339 -0.958 -1.047
0.01471 0.00000 10.00000 1.0309551954 2.4791722023    1.027  1.503  3.6586  2.534    3  0.000  0.453     0.00     0.00     0.00     0.00     0.00 -1 -2.03e-11      0.00 6.935e-01 2.919e-01 2.180e-03 1.138e-03 6.414e-03 -1.000 1.463e-02 1.013 3.705 2.612 1.507 0.842 0.317 -0.461 -1.088 -1.179
0.01471 0.00000 10.00000 1.0311335325 2.4792069986    1.028  1.550  3.6560  2.475    3  0.000  0.453     0.00     0.00     0.00     0.00     0.00 -1 -2.41e-11      0.00 6.935e-01 2.919e-01 2.180e-03 1.139e-03 6.414e-03 -1.000 1.463e-02 0.894 3.655 2.527 1.407 0.733 0.202 -0.587 -1.222 -1.315
0.01471 0.00000 10.00000 1.0313040018 2.4792402469    1.028  1.598  3.6532  2.417    3  0.000  0.453     0.00     0.00     0.00     0.00     0.00 -1 -2.88e-11      0.00 6.935e-01 2.919e-01 2.180e-03 1.139e-03 6.414e-03 -1.000 1.463e-02 0.774 3.615 2.446 1.307 0.622 0.084 -0.715 -1.359 -1.453
0.01471 0.00000 10.00000 1.0314571857 2.4792701130    1.028  1.645  3.6506  2.359    3  0.000  0.453     0.00     0.00     0.00     0.00     0.00 -1 -3.42e-11      0.00 6.935e-01 2.919e-01 2.180e-03 1.139e-03 6.415e-03 -1.000 1.463e-02 0.658 3.579 2.367 1.210 0.516 -0.029 -0.839 -1.490 -1.586
0.01471 0.00000 10.00000 1.0316025019 2.4792984358    1.027  1.692  3.6477  2.300    3  0.000  0.453     0.00     0.00     0.00     0.00     0.00 -1 -4.09e-11      0.00 6.935e-01 2.919e-01 2.180e-03 1.139e-03 6.415e-03 -1.000 1.463e-02 0.539 3.547 2.289 1.113 0.408 -0.145 -0.966 -1.626 -1.723
0.01471 0.00000 10.00000 1.0317304134 2.4793233587    1.027  1.738  3.6450  2.244    3  0.000  0.453     0.00     0.00     0.00     0.00     0.00 -1 -4.85e-11      0.00 6.935e-01 2.919e-01 2.180e-03 1.139e-03 6.415e-03 -1.000 1.463e-02 0.425 3.519 2.217 1.021 0.306 -0.255 -1.088 -1.755 -1.855
0.01471 0.00000 10.00000 1.0318506956 2.4793467886    1.027  1.784  3.6421  2.186    3  0.000  0.453     0.00     0.00     0.00     0.00     0.00 -1 -5.77e-11      0.00 6.935e-01 2.919e-01 2.179e-03 1.140e-03 6.415e-03 -1.000 1.463e-02 0.309 3.492 2.143 0.928 0.201 -0.367 -1.212 -1.888 -1.990
0.01471 0.00000 10.00000 1.0319589376 2.4793678678    1.027  1.830  3.6392  2.129    3  0.000  0.453     0.00     0.00     0.00     0.00     0.00 -1 -6.85e-11      0.00 6.935e-01 2.919e-01 2.179e-03 1.140e-03 6.415e-03 -1.000 1.463e-02 0.195 3.467 2.072 0.838 0.100 -0.477 -1.334 -2.019 -2.123
0.01471 0.00000 10.00000 1.0320582390 2.4793872014    1.027  1.875  3.6364  2.072    3  0.000  0.453     0.00     0.00     0.00     0.00     0.00 -1 -8.12e-11      0.00 6.935e-01 2.919e-01 2.179e-03 1.140e-03 6.415e-03 -1.000 1.463e-02 0.082 3.447 2.004 0.750 0.002 -0.586 -1.454 -2.148 -2.255
0.01471 0.00000 10.00000 1.0321512222 2.4794053011    1.027  1.921  3.6334  2.014    3  0.000  0.453     0.00     0.00     0.00     0.00     0.00 -1 -9.64e-11      0.00 6.935e-01 2.919e-01 2.179e-03 1.140e-03 6.415e-03 -1.000 1.463e-02 -0.032 3.428 1.936 0.663 -0.098 -0.695 -1.576 -2.280 -2.388
0.01471 0.00000 10.00000 1.0322335958 2.4794213324    1.027  1.965  3.6305  1.958    3  0.000  0.453     0.00     0.00     0.00     0.00     0.00 -1 -1.14e-10      0.00 6.935e-01 2.919e-01 2.179e-03 1.140e-03 6.415e-03 -1.000 1.463e-02 -0.143 3.388 1.871 0.575 -0.194 -0.800 -1.693 -2.402 -2.514
0.01471 0.00000 10.00000 1.0323089361 2.4794359923    1.026  2.009  3.6275  1.902    3  0.000  0.453     0.00     0.00     0.00     0.00     0.00 -1 -1.34e-10      0.00 6.935e-01 2.919e-01 2.179e-03 1.140e-03 6.415e-03 -1.000 1.463e-02 -0.253 3.340 1.808 0.489 -0.286 -0.902 -1.808 -2.521 -2.639
0.01471 0.00000 10.00000 1.0323798656 2.4794497917    1.026  2.054  3.6244  1.845    3  0.000  0.453     0.00     0.00     0.00     0.00     0.00 -1  -1.6e-10      0.00 6.935e-01 2.919e-01 2.179e-03 1.140e-03 6.415e-03 -1.000 1.463e-02 -0.366 3.289 1.742 0.401 -0.381 -1.006 -1.926 -2.643 -2.767
0.01471 0.00000 10.00000 1.0324425697 2.4794619890    1.026  2.097  3.6214  1.789    3  0.000  0.453     0.00     0.00     0.00     0.00     0.00 -1 -1.88e-10      0.00 6.935e-01 2.919e-01 2.179e-03 1.141e-03 6.415e-03 -1.000 1.463e-02 -0.474 3.238 1.679 0.317 -0.471 -1.106 -2.039 -2.760 -2.890
0.01471 0.00000 10.00000 1.0325019360 2.4794735354    1.025  2.142  3.6183  1.732    3  0.000  0.453     0.00     0.00     0.00     0.00     0.00 -1 -2.22e-10      0.00 6.935e-01 2.919e-01 2.179e-03 1.141e-03 6.415e-03 -1.000 1.463e-02 -0.585 3.183 1.614 0.232 -0.563 -1.208 -2.155 -2.881 -3.016
0.01471 0.00000 10.00000 1.0325536728 2.4794835968    1.025  2.184  3.6154  1.678    3  0.000  0.453     0.00     0.00     0.00     0.00     0.00 -1  -2.6e-10      0.00 6.935e-01 2.919e-01 2.179e-03 1.141e-03 6.415e-03 -1.000 1.463e-02 -0.689 3.131 1.554 0.154 -0.647 -1.303 -2.264 -2.994 -3.136
0.01471 0.00000 10.00000 1.0326031446 2.4794932165    1.025  2.227  3.6122  1.623    3  0.000  0.453     0.00     0.00     0.00     0.00     0.00 -1 -3.07e-10      0.00 6.935e-01 2.919e-01 2.179e-03 1.141e-03 6.415e-03 -1.000 1.463e-02 -0.797 3.077 1.491 0.073 -0.735 -1.401 -2.377 -3.112 -3.260
0.01471 0.00000 10.00000 1.0326486826 2.4795020704    1.024  2.270  3.6091  1.567    3  0.000  0.453     0.00     0.00     0.00     0.00     0.00 -1 -3.62e-10      0.00 6.935e-01 2.919e-01 2.179e-03 1.141e-03 6.415e-03 -1.000 1.463e-02 -0.904 3.023 1.429 -0.006 -0.821 -1.497 -2.489 -3.228 -3.383
0.01471 0.00000 10.00000 1.0326894522 2.4795099965    1.024  2.311  3.6060  1.513    3  0.000  0.453     0.00     0.00     0.00     0.00     0.00 -1 -4.24e-10      0.00 6.935e-01 2.919e-01 2.178e-03 1.141e-03 6.415e-03 -1.000 1.463e-02 -1.008 2.969 1.372 -0.078 -0.901 -1.589 -2.597 -3.341 -3.503
0.01471 0.00000 10.00000 1.0327278376 2.4795174583    1.023  2.353  3.6028  1.458    3  0.000  0.453     0.00     0.00     0.00     0.00     0.00 -1 -4.98e-10      0.00 6.935e-01 2.919e-01 2.178e-03 1.141e-03 6.415e-03 -1.000 1.463e-02 -1.113 2.955 1.321 -0.146 -0.982 -1.685 -2.708 -3.461 -3.628
0.01471 0.00000 10.00000 1.0327627659 2.4795242476    1.022  2.394  3.5996  1.404    3  0.000  0.453     0.00     0.00     0.00     0.00     0.00 -1 -5.83e-10      0.00 6.935e-01 2.919e-01 2.178e-03 1.141e-03 6.415e-03 -1.000 1.463e-02 -1.216 2.956 1.275 -0.211 -1.060 -1.780 -2.818 -3.580 -3.752
0.01471 0.00000 10.00000 1.0327947140 2.4795304571    1.022  2.435  3.5964  1.350    3  0.000  0.453     0.00     0.00     0.00     0.00     0.00 -1 -6.82e-10      0.00 6.935e-01 2.919e-01 2.178e-03 1.141e-03 6.415e-03 -1.000 1.463e-02 -1.317 2.952 1.234 -0.266 -1.130 -1.872 -2.928 -3.697 -3.875
0.01471 0.00000 10.00000 1.0328247547 2.4795362955    1.021  2.476  3.5931  1.296    3  0.000  0.453     0.00     0.00     0.00     0.00     0.00 -1 -7.98e-10      0.00 6.935e-01 2.919e-01 2.178e-03 1.141e-03 6.415e-03 -1.000 1.463e-02 -1.420 2.949 1.193 -0.323 -1.201 -1.965 -3.038 -3.816 -3.999
0.01471 0.00000 10.00000 1.0328518152 2.4795415544    1.020  2.515  3.5899  1.243    3  0.000  0.453    12.49     9.05     6.32     4.87     3.95  4 -9.31e-10      0.00 6.935e-01 2.919e-01 2.178e-03 1.141e-03 6.415e-03 -1.000 1.463e-02 -1.519 2.949 1.155 -0.377 -1.269 -2.055 -3.145 -3.932 -4.119
0.01471 0.00000 10.00000 1.0328763723 2.4795463264    1.019  2.554  3.5866  1.191    3  0.000  0.453    13.92     9.94     6.91     5.34     4.33  3 -1.08e-09      0.00 6.935e-01 2.919e-01 2.178e-03 1.141e-03 6.415e-03 -1.000 1.463e-02 -1.615 2.945 1.124 -0.419 -1.327 -2.141 -3.249 -4.045 -4.237
0.01471 0.00000 10.00000 1.0328998566 2.4795508898    1.018  2.594  3.5833  1.137    3  0.000  0.453    15.55    10.94     7.57     5.86     4.76  3 -1.26e-09      0.00 6.935e-01 2.919e-01 2.178e-03 1.141e-03 6.415e-03 -1.000 1.463e-02 -1.714 2.943 1.093 -0.462 -1.386 -2.229 -3.356 -4.160 -4.358
0.01471 0.00000 10.00000 1.0329209566 2.4795549896    1.017  2.632  3.5800  1.086    3  0.000  0.453    17.32    12.01     8.28     6.42     5.21  3 -1.46e-09      0.00 6.935e-01 2.919e-01 2.178e-03 1.141e-03 6.415e-03 -1.000 1.463e-02 -1.810 2.943 1.064 -0.504 -1.444 -2.314 -3.460 -4.272 -4.475
0.01471 0.00000 10.00000 1.0329405069 2.4795587882    1.016  2.669  3.5766  1.034    3  0.000  0.453    19.28    13.18     9.05     7.02     5.70  3  -1.7e-09      0.00 6.935e-01 2.919e-01 2.178e-03 1.141e-03 6.415e-03 -1.000 1.463e-02 -1.904 2.938 1.046 -0.527 -1.486 -2.394 -3.563 -4.383 -4.591
0.01471 0.00000 10.00000 1.0329589844 2.4795623782    1.015  2.707  3.5732  0.982    3  0.000  0.453    21.48    14.48     9.90     7.69     6.25  3 -1.97e-09      0.00 6.935e-01 2.919e-01 2.178e-03 1.141e-03 6.415e-03 -1.000 1.463e-02 -1.998 2.937 1.031 -0.548 -1.527 -2.475 -3.666 -4.495 -4.708
0.01471 0.00000 10.00000 1.0329762697 2.4795657364    1.014  2.745  3.5697  0.930    3  0.000  0.453    23.93    15.90    10.82     8.42     6.84  3 -2.28e-09      0.00 6.935e-01 2.919e-01 2.178e-03 1.141e-03 6.415e-03 -1.000 1.463e-02 -2.092 2.940 1.021 -0.565 -1.566 -2.555 -3.769 -4.606 -4.825
0.01471 0.00000 10.00000 1.0329958200 2.4795695345    1.012  2.790  3.5653  0.867    3  0.000  0.453    27.29    17.82    12.07     9.41     7.65  3 -2.73e-09      0.00 6.935e-01 2.919e-01 2.178e-03 1.141e-03 6.415e-03 -1.000 1.463e-02 -2.205 2.939 1.024 -0.562 -1.594 -2.646 -3.896 -4.741 -4.967
0.01471 0.00000 10.00000 1.0330134630 2.4795729619    1.010  2.834  3.5611  0.805    3  0.000  0.453    31.02    19.91    13.42    10.48     8.52  2 -3.25e-09      0.00 6.935e-01 2.919e-01 2.178e-03 1.141e-03 6.415e-03 -1.000 1.463e-02 -2.314 2.939 1.028 -0.557 -1.621 -2.734 -4.018 -4.872 -5.105
0.01471 0.00000 10.00000 1.0330297947 2.4795761344    1.008  2.877  3.5568  0.744    3  0.000  0.453    35.24    22.24    14.91    11.66     9.48  2 -3.86e-09      0.00 6.935e-01 2.919e-01 2.178e-03 1.141e-03 6.415e-03 -1.000 1.463e-02 -2.423 2.937 1.048 -0.531 -1.632 -2.815 -4.139 -5.002 -5.241
0.01471 0.00000 10.00000 1.0330448151 2.4795790522    1.006  2.920  3.5524  0.682    3  0.000  0.453    40.04    24.84    16.57    12.98    10.56  2 -4.59e-09      0.00 6.935e-01 2.919e-01 2.178e-03 1.141e-03 6.415e-03 -1.000 1.463e-02 -2.530 2.936 1.077 -0.494 -1.637 -2.893 -4.260 -5.131 -5.378
0.01471 0.00000 10.00000 1.0330587626 2.4795817614    1.004  2.962  3.5479  0.621    3  0.000  0.453    45.43    27.71    18.39    14.43    11.74  2 -5.45e-09      0.00 6.935e-01 2.919e-01 2.178e-03 1.141e-03 6.415e-03 -1.000 1.463e-02 -2.635 2.936 1.119 -0.439 -1.629 -2.962 -4.379 -5.258 -5.512
0.01471 0.00000 10.00000 1.0330716372 2.4795842621    1.001  3.003  3.5434  0.561    3  0.000  0.453    51.50    30.89    20.40    16.04    13.05  2 -6.44e-09      0.00 6.935e-01 2.919e-01 2.178e-03 1.141e-03 6.415e-03 -1.000 1.463e-02 -2.738 2.937 1.175 -0.363 -1.608 -3.021 -4.497 -5.383 -5.645
0.01471 0.00000 10.00000 1.0330836773 2.4795866007    0.998  3.044  3.5389  0.501    3  0.000  0.453    58.38    34.43    22.63    17.82    14.50  2 -7.63e-09      0.00 6.935e-01 2.919e-01 2.178e-03 1.141e-03 6.415e-03 -1.000 1.463e-02 -2.841 2.938 1.240 -0.278 -1.581 -3.075 -4.614 -5.507 -5.777
0.01471 0.00000 10.00000 1.0330947638 2.4795887540    0.995  3.084  3.5344  0.441    3  0.000  0.453    66.03    38.30    25.05    19.76    16.09  2    -9e-09      0.00 6.935e-01 2.919e-01 2.178e-03 1.142e-03 6.415e-03 -1.000 1.463e-02 -2.941 2.940 1.332 -0.161 -1.535 -3.113 -4.729 -5.628 -5.907
0.01471 0.00000 10.00000 1.0331050158 2.4795907452    0.992  3.124  3.5299  0.382    3  0.000  0.453    74.65    42.58    27.71    21.90    17.83  2 -1.06e-08      0.00 6.934e-01 2.919e-01 2.178e-03 1.142e-03 6.415e-03 -1.000 1.463e-02 -3.039 2.944 1.427 -0.040 -1.487 -3.148 -4.844 -5.748 -6.036
0.01471 0.00000 10.00000 1.0331145525 2.4795925974    0.988  3.162  3.5253  0.324    3  0.000  0.453    84.27    47.28    30.63    24.24    19.74  1 -1.25e-08      0.00 6.934e-01 2.919e-01 2.178e-03 1.142e-03 6.415e-03 -1.000 1.463e-02 -3.136 2.947 1.554 0.120 -1.417 -3.152 -4.956 -5.865 -6.162
0.01471 0.00000 10.00000 1.0331233740 2.4795943107    0.984  3.200  3.5207  0.266    3  0.000  0.453    95.01    52.44    33.80    26.80    21.83  1 -1.46e-08      0.00 6.934e-01 2.919e-01 2.178e-03 1.142e-03 6.415e-03 -1.000 1.463e-02 -3.229 2.955 1.689 0.288 -1.340 -3.152 -5.066 -5.979 -6.286
0.01471 0.00000 10.00000 1.0331315994 2.4795959082    0.979  3.237  3.5160  0.208    3  0.000  0.453   107.05    58.12    37.29    29.61    24.13  1 -1.71e-08      0.00 6.934e-01 2.919e-01 2.178e-03 1.142e-03 6.415e-03 -1.000 1.463e-02 -3.322 2.963 1.854 0.503 -1.235 -3.116 -5.174 -6.092 -6.408
0.01471 0.00000 10.00000 1.0331394672 2.4795974362    0.974  3.274  3.5114  0.150    3  0.000  0.453   120.67    64.43    41.14    32.73    26.68  0 -1.99e-08      0.00 6.934e-01 2.919e-01 2.178e-03 1.142e-03 6.415e-03 -1.000 1.463e-02 -3.414 2.973 2.032 0.734 -1.119 -3.070 -5.281 -6.204 -6.530
0.01471 0.00000 10.00000 1.0331467390 2.4795988484    0.968  3.309  3.5067  0.094    3  0.000  0.453   135.63    71.24    45.28    36.08    29.41  0 -2.31e-08      0.00 6.934e-01 2.919e-01 2.178e-03 1.142e-03 6.415e-03 -1.000 1.463e-02 -3.502 2.977 2.180 0.928 -1.023 -3.029 -5.384 -6.312 -6.647
0.01471 0.00000 10.00000 1.0331535339 2.4796001680    0.962  3.343  3.5022  0.039    3  0.000  0.453   152.02    78.57    49.71    39.68    32.35  0 -2.67e-08      0.00 6.934e-01 2.919e-01 2.178e-03 1.142e-03 6.415e-03 -1.000 1.463e-02 -3.588 2.981 2.329 1.120 -0.926 -2.980 -5.485 -6.416 -6.760
0.01471 0.00000 10.00000 1.0331600904 2.4796014413    0.956  3.378  3.4976 -0.017    3  0.000  0.453   169.25    86.72    54.61    43.67    35.61  0  -3.1e-08      0.00 6.934e-01 2.919e-01 2.178e-03 1.142e-03 6.415e-03 -1.000 1.463e-02 -3.674 2.987 2.479 1.307 -0.828 -2.924 -5.584 -6.521 -6.874
0.01471 0.00000 10.00000 1.0331653357 2.4796024599    0.950  3.403  3.4943 -0.058    3  0.000  0.453   179.94    93.32    58.57    46.89    38.25  0 -3.46e-08      0.00 6.934e-01 2.919e-01 2.178e-03 1.142e-03 6.415e-03 -1.000 1.463e-02 -3.737 2.990 2.581 1.430 -0.764 -2.885 -5.658 -6.598 -6.957
0.01471 0.00000 10.00000 1.0331653357 2.4796024599    0.950  1.680  3.6681  2.360    4  0.000  0.474     0.00     0.00     0.00     0.00     0.00 -1    -1e-30      0.00 6.964e-01 2.890e-01 2.268e-03 1.020e-03 6.389e-03 -1.000 1.456e-02 0.569 3.078 2.073 0.993 0.364 -0.138 -0.882 -1.474 -1.558
0.01471 0.00000 10.00000 1.0332516432 2.4796192188    0.950  1.688  3.6676  2.350    4  0.000  0.474     0.00     0.00     0.00     0.00     0.00 -1    -1e-30      0.00 6.964e-01 2.890e-01 2.268e-03 1.020e-03 6.389e-03 -1.000 1.456e-02 0.551 3.073 2.061 0.978 0.347 -0.156 -0.902 -1.495 -1.580
0.01471 0.00000 10.00000 1.0333399773 2.4796363679    0.950  1.691  3.6674  2.346    4  0.000  0.474     0.00     0.00     0.00     0.00     0.00 -1    -1e-30      0.00 6.964e-01 2.890e-01 2.268e-03 1.020e-03 6.389e-03 -1.000 1.456e-02 0.541 3.068 2.054 0.970 0.338 -0.165 -0.912 -1.506 -1.591
0.01471 0.00000 10.00000 1.0334284306 2.4796535367    0.950  1.691  3.6676  2.347    4  0.000  0.473     0.00     0.00     0.00     0.00     0.00 -1    -1e-30      0.00 6.964e-01 2.890e-01 2.268e-03 1.020e-03 6.389e-03 -1.000 1.456e-02 0.542 3.063 2.052 0.969 0.338 -0.165 -0.910 -1.504 -1.589
0.01471 0.00000 10.00000 1.0335173607 2.4796707948    0.950  1.689  3.6680  2.351    4  0.000  0.473     0.00     0.00     0.00     0.00     0.00 -1    -1e-30      0.00 6.964e-01 2.891e-01 2.268e-03 1.020e-03 6.389e-03 -1.000 1.456e-02 0.547 3.058 2.052 0.971 0.342 -0.160 -0.904 -1.496 -1.581
0.01471 0.00000 10.00000 1.0336097479 2.4796887200    0.950  1.686  3.6686  2.356    4  0.000  0.473     0.00     0.00     0.00     0.00     0.00 -1    -1e-30      0.00 6.964e-01 2.891e-01 2.268e-03 1.020e-03 6.389e-03 -1.000 1.457e-02 0.554 3.052 2.053 0.975 0.348 -0.153 -0.895 -1.486 -1.570
0.01471 0.00000 10.00000 1.0336985588 2.4797059480    0.950  1.683  3.6691  2.361    4  0.000  0.473     0.00     0.00     0.00     0.00     0.00 -1    -1e-30      0.00 6.964e-01 2.891e-01 2.268e-03 1.020e-03 6.389e-03 -1.000 1.457e-02 0.561 3.046 2.054 0.979 0.353 -0.147 -0.887 -1.475 -1.559
0.01471 0.00000 10.00000 1.0337920189 2.4797240741    0.950  1.680  3.6697  2.366    4  0.000  0.473     0.00     0.00     0.00     0.00     0.00 -1    -1e-30      0.00 6.964e-01 2.891e-01 2.268e-03 1.021e-03 6.389e-03 -1.000 1.457e-02 0.569 3.039 2.054 0.982 0.359 -0.140 -0.877 -1.464 -1.548
0.01471 0.00000 10.00000 1.0338817835 2.4797414799    0.951  1.678  3.6702  2.371    4  0.000  0.473     0.00     0.00     0.00     0.00     0.00 -1    -1e-30      0.00 6.964e-01 2.891e-01 2.268e-03 1.021e-03 6.389e-03 -1.000 1.457e-02 0.576 3.034 2.055 0.986 0.364 -0.133 -0.869 -1.454 -1.538
0.01471 0.00000 10.00000 1.0339697599 2.4797585357    0.951  1.675  3.6706  2.375    4  0.000  0.473     0.00     0.00     0.00     0.00     0.00 -1    -1e-30      0.00 6.964e-01 2.891e-01 2.267e-03 1.021e-03 6.389e-03 -1.000 1.457e-02 0.582 3.029 2.056 0.989 0.369 -0.127 -0.861 -1.445 -1.528
0.01471 0.00000 10.00000 1.0340657234 2.4797771360    0.951  1.673  3.6711  2.380    4  0.000  0.473     0.00     0.00     0.00     0.00     0.00 -1    -1e-30      0.00 6.964e-01 2.891e-01 2.267e-03 1.021e-03 6.389e-03 -1.000 1.457e-02 0.588 3.024 2.057 0.993 0.374 -0.121 -0.854 -1.436 -1.519
0.01471 0.00000 10.00000 1.0341615677 2.4797957093    0.951  1.671  3.6715  2.383    4  0.000  0.473     0.00     0.00     0.00     0.00     0.00 -1    -1e-30      0.00 6.964e-01 2.891e-01 2.267e-03 1.021e-03 6.389e-03 -1.000 1.457e-02 0.593 3.019 2.058 0.995 0.378 -0.117 -0.847 -1.429 -1.511
0.01471 0.00000 10.00000 1.0342578888 2.4798143710    0.951  1.669  3.6718  2.387    4  0.000  0.473     0.00     0.00     0.00     0.00     0.00 -1    -1e-30      0.00 6.964e-01 2.891e-01 2.267e-03 1.021e-03 6.389e-03 -1.000 1.457e-02 0.598 3.015 2.058 0.998 0.382 -0.112 -0.842 -1.422 -1.504
0.01471 0.00000 10.00000 1.0343515873 2.4798325208    0.951  1.668  3.6722  2.389    4  0.000  0.473     0.00     0.00     0.00     0.00     0.00 -1    -1e-30      0.00 6.963e-01 2.891e-01 2.267e-03 1.021e-03 6.389e-03 -1.000 1.457e-02 0.601 3.011 2.058 0.999 0.384 -0.109 -0.837 -1.417 -1.499
0.01471 0.00000 10.00000 1.0343936682 2.4798406708    0.951  1.667  3.6723  2.391    4  0.000  0.473     0.00     0.00     0.00     0.00     0.00 -1    -1e-30      0.00 6.963e-01 2.891e-01 2.267e-03 1.022e-03 6.389e-03 -1.000 1.457e-02 0.603 3.009 2.058 1.000 0.385 -0.108 -0.835 -1.414 -1.496
0.01471 0.00000 10.00000 1.0344228745 2.4798463268    0.951  1.667  3.6724  2.391    4  0.000  0.473     0.00     0.00     0.00     0.00     0.00 -1    -1e-30      0.00 6.963e-01 2.891e-01 2.267e-03 1.022e-03 6.389e-03 -1.000 1.457e-02 0.604 3.008 2.058 1.000 0.386 -0.107 -0.834 -1.413 -1.495
0.01471 0.00000 10.00000 1.0345131159 2.4798638006    0.951  1.666  3.6726  2.393    4  0.000  0.473     0.00     0.00     0.00     0.00     0.00 -1    -1e-30      0.00 6.963e-01 2.891e-01 2.267e-03 1.022e-03 6.389e-03 -1.000 1.457e-02 0.606 3.005 2.057 1.001 0.388 -0.105 -0.831 -1.409 -1.491
0.01471 0.00000 10.00000 1.0346007347 2.4798807632    0.951  1.665  3.6728  2.395    4  0.000  0.473     0.00     0.00     0.00     0.00     0.00 -1    -1e-30      0.00 6.963e-01 2.891e-01 2.267e-03 1.022e-03 6.390e-03 -1.000 1.457e-02 0.608 3.002 2.057 1.002 0.389 -0.103 -0.829 -1.406 -1.488
0.01471 0.00000 10.00000 1.0346847773 2.4798970303    0.952  1.665  3.6730  2.396    4  0.000  0.473     0.00     0.00     0.00     0.00     0.00 -1    -1e-30      0.00 6.963e-01 2.891e-01 2.267e-03 1.022e-03 6.390e-03 -1.000 1.457e-02 0.609 2.999 2.056 1.002 0.390 -0.102 -0.827 -1.404 -1.486
0.01471 0.00000 10.00000 1.0347752571 2.4799145401    0.952  1.664  3.6731  2.397    4  0.000  0.473     0.00     0.00     0.00     0.00     0.00 -1    -1e-30      0.00 6.963e-01 2.891e-01 2.267e-03 1.022e-03 6.390e-03 -1.000 1.457e-02 0.609 2.996 2.055 1.001 0.389 -0.102 -0.826 -1.403 -1.485
0.01471 0.00000 10.00000 1.0348607302 2.4799310776    0.952  1.665  3.6732  2.397    4  0.000  0.473     0.00     0.00     0.00     0.00     0.00 -1    -1e-30      0.00 6.963e-01 2.891e-01 2.267e-03 1.022e-03 6.390e-03 -1.000 1.457e-02 0.608 2.994 2.054 1.000 0.389 -0.102 -0.827 -1.403 -1.485
0.01471 0.00000 10.00000 1.0349483490 2.4799480271    0.952  1.665  3.6732  2.396    4  0.000  0.473     0.00     0.00     0.00     0.00     0.00 -1    -1e-30      0.00 6.963e-01 2.891e-01 2.266e-03 1.022e-03 6.390e-03 -1.000 1.457e-02 0.607 2.992 2.052 0.998 0.387 -0.104 -0.829 -1.405 -1.486
0.01471 0.00000 10.00000 1.0350342989 2.4799646505    0.952  1.666  3.6732  2.395    4  0.000  0.473     0.00     0.00     0.00     0.00     0.00 -1    -1e-30      0.00 6.963e-01 2.891e-01 2.266e-03 1.023e-03 6.390e-03 -1.000 1.457e-02 0.604 2.990 2.050 0.996 0.384 -0.107 -0.831 -1.408 -1.489
0.01471 0.00000 10.00000 1.0350403786 2.4799658263    0.952  1.667  3.6732  2.395    4  0.000  0.473     0.00     0.00     0.00     0.00     0.00 -1    -1e-30      0.00 6.963e-01 2.891e-01 2.266e-03 1.023e-03 6.390e-03 -1.000 1.457e-02 0.604 2.990 2.049 0.996 0.384 -0.107 -0.832 -1.408 -1.489
0.01471 0.00000 10.00000 1.0350770950 2.4799729265    0.952  1.667  3.6731  2.394    4  0.000  0.473     0.00     0.00     0.00     0.00     0.00 -1    -1e-30      0.00 6.963e-01 2.891e-01 2.266e-03 1.023e-03 6.390e-03 -1.000 1.457e-02 0.602 2.990 2.048 0.994 0.383 -0.109 -0.833 -1.410 -1.491
0.01471 0.00000 10.00000 1.0351674557 2.4799903979    0.952  1.669  3.6730  2.392    4  0.000  0.473     0.00     0.00     0.00     0.00     0.00 -1    -1e-30      0.00 6.963e-01 2.891e-01 2.266e-03 1.023e-03 6.390e-03 -1.000 1.457e-02 0.597 2.988 2.045 0.990 0.378 -0.113 -0.838 -1.415 -1.497
0.01471 0.00000 10.00000 1.0352566242 2.4800076354    0.952  1.672  3.6728  2.388    4  0.000  0.473     0.00     0.00     0.00     0.00     0.00 -1    -1e-30      0.00 6.963e-01 2.891e-01 2.266e-03 1.023e-03 6.390e-03 -1.000 1.457e-02 0.591 2.987 2.041 0.985 0.372 -0.120 -0.846 -1.423 -1.505
0.01471 0.00000 10.00000 1.0353455544 2.4800248234    0.952  1.675  3.6725  2.384    4  0.000  0.473     0.00     0.00     0.00     0.00     0.00 -1    -1e-30      0.00 6.963e-01 2.891e-01 2.266e-03 1.023e-03 6.390e-03 -1.000 1.457e-02 0.583 2.986 2.036 0.979 0.365 -0.127 -0.854 -1.432 -1.514
0.01471 0.00000 10.00000 1.0354367495 2.4800424456    0.952  1.679  3.6722  2.379    4  0.000  0.473     0.00     0.00     0.00     0.00     0.00 -1    -1e-30      0.00 6.963e-01 2.891e-01 2.266e-03 1.023e-03 6.390e-03 -1.000 1.457e-02 0.573 2.985 2.031 0.971 0.356 -0.137 -0.866 -1.445 -1.527
0.01471 0.00000 10.00000 1.0355266333 2.4800598110    0.953  1.684  3.6717  2.372    4  0.000  0.473     0.00     0.00     0.00     0.00     0.00 -1    -1e-30      0.00 6.963e-01 2.891e-01 2.266e-03 1.023e-03 6.390e-03 -1.000 1.457e-02 0.561 2.984 2.024 0.961 0.345 -0.149 -0.879 -1.460 -1.542
0.01471 0.00000 10.00000 1.0356165171 2.4800771729    0.953  1.689  3.6712  2.365    4  0.000  0.473     0.00     0.00     0.00     0.00     0.00 -1    -1e-30      0.00 6.963e-01 2.891e-01 2.266e-03 1.023e-03 6.390e-03 -1.000 1.457e-02 0.547 2.984 2.016 0.950 0.332 -0.163 -0.895 -1.477 -1.559
0.01471 0.00000 10.00000 1.0357060432 2.4800944622    0.953  1.695  3.6706  2.356    4  0.000  0.473     0.00     0.00     0.00     0.00     0.00 -1    -1e-30      0.00 6.963e-01 2.891e-01 2.266e-03 1.024e-03 6.390e-03 -1.000 1.457e-02 0.532 2.983 2.008 0.939 0.319 -0.178 -0.912 -1.496 -1.579
0.01471 0.00000 10.00000 1.0357948542 2.4801116101    0.953  1.703  3.6699  2.346    4  0.000  0.473     0.00     0.00     0.00     0.00     0.00 -1    -1e-30      0.00 6.963e-01 2.891e-01 2.266e-03 1.024e-03 6.390e-03 -1.000 1.457e-02 0.513 2.982 1.997 0.924 0.302 -0.196 -0.932 -1.518 -1.601
0.01471 0.00000 10.00000 1.0358860493 2.4801292147    0.953  1.710  3.6691  2.335    4  0.000  0.473     0.00     0.00     0.00     0.00     0.00 -1    -1e-30      0.00 6.963e-01 2.892e-01 2.265e-03 1.024e-03 6.390e-03 -1.000 1.457e-02 0.494 2.984 1.988 0.910 0.285 -0.215 -0.954 -1.542 -1.626
0.01471 0.00000 10.00000 1.0359784365 2.4801470459    0.953  1.715  3.6688  2.330    4  0.000  0.473     0.00     0.00     0.00     0.00     0.00 -1    -1e-30      0.00 6.963e-01 2.892e-01 2.265e-03 1.024e-03 6.390e-03 -1.000 1.457e-02 0.483 2.983 1.982 0.902 0.276 -0.225 -0.966 -1.555 -1.639
0.01471 0.00000 10.00000 1.0360702276 2.4801647584    0.953  1.741  3.6663  2.293    4  0.000  0.473     0.00     0.00     0.00     0.00     0.00 -1    -1e-30      0.00 6.963e-01 2.892e-01 2.265e-03 1.024e-03 6.390e-03 -1.000 1.457e-02 0.417 2.983 1.947 0.852 0.217 -0.289 -1.040 -1.637 -1.722
0.01471 0.00000 10.00000 1.0361415148 2.4801785118    0.953  1.780  3.6627  2.240    4  0.000  0.473     0.00     0.00     0.00     0.00     0.00 -1    -1e-30      0.00 6.963e-01 2.892e-01 2.265e-03 1.024e-03 6.390e-03 -1.000 1.457e-02 0.321 2.982 1.895 0.779 0.132 -0.382 -1.147 -1.754 -1.842
0.01471 0.00000 10.00000 1.0361770391 2.4801853647    0.953  1.818  3.6591  2.188    4  0.000  0.473     0.00     0.00     0.00     0.00     0.00 -1    -1e-30      0.00 6.963e-01 2.892e-01 2.265e-03 1.024e-03 6.390e-03 -1.000 1.457e-02 0.226 2.984 1.846 0.709 0.048 -0.474 -1.253 -1.870 -1.961
0.01471 0.00000 10.00000 1.0361969471 2.4801892049    0.953  1.859  3.6554  2.132    4  0.000  0.473     0.00     0.00     0.00     0.00     0.00 -1    -1e-30      0.00 6.963e-01 2.892e-01 2.265e-03 1.024e-03 6.390e-03 -1.000 1.457e-02 0.123 2.987 1.794 0.633 -0.041 -0.573 -1.366 -1.995 -2.088
0.01471 0.00000 10.00000 1.0362068415 2.4801911134    0.953  1.898  3.6518  2.079    4  0.000  0.473     0.00     0.00     0.00     0.00     0.00 -1    -1e-30      0.00 6.963e-01 2.892e-01 2.265e-03 1.024e-03 6.390e-03 -1.000 1.457e-02 0.026 2.992 1.745 0.563 -0.125 -0.666 -1.473 -2.113 -2.208
0.01471 0.00000 10.00000 1.0362120867 2.4801921251    0.953  1.936  3.6483  2.026    4  0.000  0.473     0.00     0.00     0.00     0.00     0.00 -1    -1e-30      0.00 6.963e-01 2.892e-01 2.265e-03 1.024e-03 6.390e-03 -1.000 1.457e-02 -0.070 2.997 1.697 0.493 -0.208 -0.758 -1.580 -2.230 -2.328
0.01471 0.00000 10.00000 1.0362151861 2.4801927230    0.953  1.975  3.6448  1.974    4  0.000  0.473     0.00     0.00     0.00     0.00     0.00 -1    -1e-30      0.00 6.963e-01 2.892e-01 2.265e-03 1.024e-03 6.390e-03 -1.000 1.457e-02 -0.167 2.994 1.652 0.423 -0.290 -0.849 -1.684 -2.344 -2.445
0.01471 0.00000 10.00000 1.0362172127 2.4801931138    0.953  2.014  3.6414  1.921    4  0.000  0.473     0.00     0.00     0.00     0.00     0.00 -1    -1e-30      0.00 6.963e-01 2.892e-01 2.265e-03 1.024e-03 6.390e-03 -1.000 1.457e-02 -0.265 2.975 1.604 0.350 -0.373 -0.940 -1.790 -2.455 -2.561
0.01471 0.00000 10.00000 1.0362182856 2.4801933208    0.953  2.041  3.6390  1.885    7  0.000  0.473     0.00     0.00     0.00     0.00     0.00 -1    -1e-30      0.00 6.963e-01 2.892e-01 2.265e-03 1.024e-03 6.390e-03 -1.000 1.457e-02 -0.332 2.961 1.572 0.300 -0.429 -1.002 -1.862 -2.532 -2.641
0.01471 0.00000 10.00000 1.0362186432 2.4801933898    0.953  2.051  3.6382  1.871    7  0.000  0.473     0.00     0.00     0.00     0.00     0.00 -1    -1e-30      0.00 6.963e-01 2.892e-01 2.265e-03 1.024e-03 6.390e-03 -1.000 1.457e-02 -0.357 2.956 1.560 0.283 -0.450 -1.025 -1.889 -2.560 -2.670
0.01471 0.00000 10.00000 1.0362203121 2.4801937117    0.953  2.098  3.6341  1.808    7  0.000  0.473     0.00     0.00     0.00     0.00     0.00 -1    -1e-30      0.00 6.963e-01 2.892e-01 2.265e-03 1.024e-03 6.390e-03 -1.000 1.457e-02 -0.474 2.928 1.503 0.197 -0.546 -1.133 -2.014 -2.692 -2.810
0.01471 0.00000 10.00000 1.0362217426 2.4801939876    0.953  2.137  3.6307  1.755    7  0.000  0.473     0.00     0.00     0.00     0.00     0.00 -1    -1e-30      0.00 6.963e-01 2.892e-01 2.265e-03 1.024e-03 6.390e-03 -1.000 1.457e-02 -0.572 2.902 1.453 0.124 -0.627 -1.223 -2.118 -2.802 -2.925
0.01471 0.00000 10.00000 1.0362256765 2.4801947464    0.953  2.153  3.6294  1.734    7  0.000  0.473     0.00     0.00     0.00     0.00     0.00 -1    -1e-30      0.00 6.963e-01 2.892e-01 2.265e-03 1.024e-03 6.390e-03 -1.000 1.457e-02 -0.612 2.889 1.433 0.095 -0.660 -1.259 -2.161 -2.847 -2.972
0.01471 0.00000 10.00000 1.0362294912 2.4801954821    0.953  2.120  3.6322  1.778    7  0.000  0.473     0.00     0.00     0.00     0.00     0.00 -1    -1e-30      0.00 6.963e-01 2.892e-01 2.265e-03 1.024e-03 6.390e-03 -1.000 1.457e-02 -0.530 2.911 1.473 0.154 -0.593 -1.185 -2.074 -2.755 -2.875
0.01471 0.00000 10.00000 1.0362646580 2.4802022647    0.953  2.094  3.6345  1.813    7  0.000  0.473     0.00     0.00     0.00     0.00     0.00 -1 -1.05e-18      0.00 6.963e-01 2.884e-01 2.265e-03 1.024e-03 6.390e-03 -1.000 1.535e-02 -0.465 2.928 1.506 0.203 -0.539 -1.125 -2.004 -2.682 -2.798
0.01471 0.00000 10.00000 1.0363235474 2.4802136215    0.952  2.129  3.6314  1.765    7  0.000  0.473     0.00     0.00     0.00     0.00     0.00 -1  -7.8e-10      0.00 6.963e-01 2.878e-01 2.265e-03 1.024e-03 6.390e-03 -1.000 1.594e-02 -0.552 2.908 1.464 0.139 -0.611 -1.205 -2.097 -2.780 -2.902
0.01471 0.00000 10.00000 1.0363578796 2.4802202418    0.951  2.169  3.6278  1.710    7  0.000  0.473     0.00     0.00     0.00     0.00     0.00 -1 -9.66e-10      0.00 6.963e-01 2.878e-01 2.265e-03 1.025e-03 6.390e-03 -1.000 1.594e-02 -0.653 2.880 1.414 0.067 -0.692 -1.296 -2.205 -2.894 -3.022
0.01471 0.00000 10.00000 1.0363898277 2.4802264019    0.950  2.210  3.6243  1.655    7  0.000  0.473     0.00     0.00     0.00     0.00     0.00 -1 -1.19e-09      0.00 6.963e-01 2.878e-01 2.265e-03 1.025e-03 6.390e-03 -1.000 1.594e-02 -0.754 2.848 1.364 -0.005 -0.772 -1.387 -2.312 -3.007 -3.142
0.01471 0.00000 10.00000 1.0364183187 2.4802318950    0.949  2.251  3.6207  1.599    7  0.000  0.473     0.00     0.00     0.00     0.00     0.00 -1 -1.47e-09      0.00 6.963e-01 2.878e-01 2.265e-03 1.025e-03 6.390e-03 -1.000 1.594e-02 -0.858 2.813 1.310 -0.080 -0.855 -1.481 -2.421 -3.123 -3.265
0.01471 0.00000 10.00000 1.0364427567 2.4802366065    0.948  2.292  3.6171  1.542    7  0.000  0.473     0.00     0.00     0.00     0.00     0.00 -1 -1.82e-09      0.00 6.963e-01 2.878e-01 2.265e-03 1.025e-03 6.390e-03 -1.000 1.594e-02 -0.961 2.777 1.258 -0.152 -0.935 -1.573 -2.531 -3.239 -3.388
0.01471 0.00000 10.00000 1.0364642143 2.4802407431    0.946  2.334  3.6135  1.486    7  0.000  0.473     0.00     0.00     0.00     0.00     0.00 -1 -2.24e-09      0.00 6.963e-01 2.878e-01 2.265e-03 1.025e-03 6.390e-03 -1.000 1.594e-02 -1.065 2.752 1.208 -0.221 -1.015 -1.666 -2.640 -3.356 -3.512
0.01471 0.00000 10.00000 1.0364832878 2.4802444199    0.945  2.376  3.6098  1.429    7  0.000  0.473     0.00     0.00     0.00     0.00     0.00 -1 -2.77e-09      0.00 6.963e-01 2.878e-01 2.265e-03 1.025e-03 6.390e-03 -1.000 1.594e-02 -1.169 2.765 1.165 -0.286 -1.095 -1.761 -2.753 -3.479 -3.640
0.01471 0.00000 10.00000 1.0365000963 2.4802476600    0.943  2.417  3.6061  1.372    7  0.000  0.473     0.00     0.00     0.00     0.00     0.00 -1 -3.43e-09      0.00 6.963e-01 2.878e-01 2.265e-03 1.025e-03 6.390e-03 -1.000 1.594e-02 -1.273 2.776 1.125 -0.346 -1.171 -1.856 -2.865 -3.602 -3.768
0.01471 0.00000 10.00000 1.0365151167 2.4802505553    0.941  2.459  3.6025  1.315    7  0.000  0.473     0.00     0.00     0.00     0.00     0.00 -1 -4.23e-09      0.00 6.963e-01 2.878e-01 2.265e-03 1.025e-03 6.390e-03 -1.000 1.594e-02 -1.377 2.789 1.087 -0.405 -1.245 -1.949 -2.977 -3.724 -3.895
0.01471 0.00000 10.00000 1.0365287066 2.4802531748    0.939  2.500  3.5987  1.258    7  0.000  0.473     0.00     0.00     0.00     0.00     0.00 -1 -5.18e-09      0.00 6.963e-01 2.878e-01 2.264e-03 1.025e-03 6.390e-03 -1.000 1.594e-02 -1.479 2.803 1.052 -0.460 -1.317 -2.042 -3.088 -3.846 -4.022
0.01471 0.00000 10.00000 1.0365413427 2.4802556104    0.936  2.541  3.5947  1.199    7  0.000  0.472    13.30     9.57     6.65     5.15     4.18  3 -6.38e-09      0.00 6.963e-01 2.878e-01 2.263e-03 1.025e-03 6.390e-03 -1.000 1.593e-02 -1.581 2.819 1.024 -0.506 -1.380 -2.132 -3.199 -3.968 -4.151
0.01471 0.00000 10.00000 1.0365532637 2.4802579080    0.933  2.581  3.5892  1.136    7  0.000  0.472    15.19    10.73     7.42     5.76     4.67  3 -7.83e-09      0.00 6.963e-01 2.878e-01 2.261e-03 1.026e-03 6.390e-03 -1.000 1.593e-02 -1.683 2.869 1.023 -0.528 -1.427 -2.217 -3.313 -4.098 -4.288
0.01471 0.00000 10.00000 1.0365647078 2.4802601137    0.930  2.622  3.5821  1.065    7  0.000  0.471    17.60    12.19     8.38     6.52     5.29  3 -9.52e-09      0.00 6.963e-01 2.879e-01 2.257e-03 1.029e-03 6.390e-03 -1.000 1.589e-02 -1.785 2.944 1.057 -0.513 -1.445 -2.296 -3.431 -4.236 -4.437
0.01471 0.00000 10.00000 1.0365755558 2.4802622045    0.926  2.663  3.5779  1.006    7  0.000  0.470    19.90    13.55     9.27     7.22     5.86  3 -1.16e-08      0.00 6.963e-01 2.879e-01 2.252e-03 1.036e-03 6.390e-03 -1.000 1.586e-02 -1.887 2.954 1.043 -0.538 -1.491 -2.383 -3.543 -4.359 -4.566
0.01471 0.00000 10.00000 1.0365855694 2.4802641344    0.922  2.704  3.5737  0.946    7  0.000  0.468    22.52    15.08    10.27     8.01     6.50  3 -1.43e-08      0.00 6.963e-01 2.879e-01 2.244e-03 1.044e-03 6.390e-03 -1.000 1.586e-02 -1.989 2.966 1.039 -0.549 -1.527 -2.468 -3.657 -4.482 -4.696
0.01471 0.00000 10.00000 1.0365949869 2.4802659494    0.917  2.745  3.5693  0.884    7  0.000  0.467    25.59    16.83    11.40     8.91     7.23  2 -1.76e-08      0.00 6.963e-01 2.879e-01 2.236e-03 1.054e-03 6.390e-03 -1.000 1.586e-02 -2.092 2.981 1.041 -0.555 -1.560 -2.554 -3.772 -4.608 -4.828
0.01471 0.00000 10.00000 1.0366032124 2.4802675346    0.912  2.789  3.5645  0.819    7  0.000  0.465    29.31    18.91    12.74     9.98     8.11  2 -2.18e-08      0.00 6.962e-01 2.879e-01 2.229e-03 1.062e-03 6.390e-03 -1.000 1.586e-02 -2.202 2.991 1.057 -0.537 -1.577 -2.640 -3.897 -4.742 -4.970
0.01471 0.00000 10.00000 1.0366089344 2.4802686373    0.907  2.832  3.5597  0.754    7  0.000  0.464    33.53    21.23    14.23    11.17     9.07  2 -2.69e-08      0.00 6.962e-01 2.879e-01 2.223e-03 1.070e-03 6.390e-03 -1.000 1.586e-02 -2.310 3.003 1.078 -0.515 -1.590 -2.723 -4.019 -4.874 -5.110
0.01471 0.00000 10.00000 1.0366128683 2.4802693954    0.903  2.873  3.5550  0.693    7  0.000  0.463    38.07    23.68    15.79    12.41    10.09  2 -3.27e-08      0.00 6.962e-01 2.879e-01 2.217e-03 1.077e-03 6.390e-03 -1.000 1.586e-02 -2.411 3.011 1.120 -0.462 -1.581 -2.793 -4.134 -4.998 -5.242
0.01471 0.00000 10.00000 1.0366163254 2.4802700616    0.899  2.913  3.5503  0.632    7  0.000  0.462    43.23    26.41    17.52    13.80    11.21  2 -3.96e-08      0.00 6.962e-01 2.879e-01 2.213e-03 1.082e-03 6.390e-03 -1.000 1.586e-02 -2.511 3.022 1.166 -0.406 -1.569 -2.860 -4.248 -5.122 -5.373
0.01471 0.00000 10.00000 1.0366194248 2.4802706589    0.894  2.952  3.5454  0.571    7  0.000  0.461    49.07    29.44    19.44    15.33    12.47  2 -4.76e-08      0.00 6.962e-01 2.879e-01 2.209e-03 1.087e-03 6.390e-03 -1.000 1.586e-02 -2.610 3.032 1.237 -0.314 -1.535 -2.912 -4.362 -5.244 -5.503
0.01471 0.00000 10.00000 1.0366221666 2.4802711873    0.889  2.991  3.5406  0.511    7  0.000  0.460    55.63    32.79    21.54    17.02    13.84  2  -5.7e-08      0.00 6.962e-01 2.879e-01 2.207e-03 1.090e-03 6.390e-03 -1.000 1.586e-02 -2.706 3.043 1.312 -0.219 -1.498 -2.961 -4.474 -5.364 -5.632
0.01471 0.00000 10.00000 1.0366247892 2.4802716927    0.884  3.026  3.5360  0.454    7  0.000  0.460    62.64    36.29    23.73    18.79    15.28  1 -6.79e-08      0.00 6.962e-01 2.879e-01 2.205e-03 1.092e-03 6.390e-03 -1.000 1.584e-02 -2.795 3.057 1.415 -0.089 -1.439 -2.989 -4.579 -5.475 -5.752
0.01471 0.00000 10.00000 1.0366274118 2.4802721981    0.877  3.062  3.5311  0.396    7  0.000  0.460    70.69    40.24    26.18    20.76    16.89  1 -8.06e-08      0.00 6.962e-01 2.879e-01 2.204e-03 1.093e-03 6.390e-03 -1.000 1.584e-02 -2.884 3.074 1.530 0.055 -1.372 -3.010 -4.684 -5.587 -5.872
0.01471 0.00000 10.00000 1.0366301537 2.4802727265    0.869  3.097  3.5260  0.336    7  0.000  0.460    80.08    44.75    28.97    23.02    18.73  1 -9.67e-08      0.00 6.962e-01 2.879e-01 2.204e-03 1.093e-03 6.390e-03 -1.000 1.584e-02 -2.973 3.092 1.679 0.241 -1.281 -3.004 -4.791 -5.699 -5.995
0.01471 0.00000 10.00000 1.0366330147 2.4802732778    0.859  3.132  3.5210  0.276    7  0.000  0.460    90.62    49.71    32.02    25.49    20.75  1 -1.15e-07      0.00 6.962e-01 2.879e-01 2.204e-03 1.093e-03 6.390e-03 -1.000 1.584e-02 -3.059 3.115 1.842 0.441 -1.181 -2.987 -4.894 -5.808 -6.114
0.01471 0.00000 10.00000 1.0366361141 2.4802738751    0.845  3.164  3.5159  0.216    7  0.000  0.460   102.55    55.17    35.36    28.21    22.96  0 -1.38e-07      0.00 6.962e-01 2.879e-01 2.204e-03 1.093e-03 6.390e-03 -1.000 1.584e-02 -3.141 3.143 2.043 0.695 -1.046 -2.929 -4.992 -5.911 -6.228
0.01471 0.00000 10.00000 1.0366393328 2.4802744953    0.828  3.213  3.5082  0.128    7  0.000  0.460   123.12    64.37    40.95    32.77    26.68  0 -1.79e-07      0.00 6.962e-01 2.879e-01 2.204e-03 1.093e-03 6.390e-03 -1.000 1.584e-02 -3.262 3.181 2.346 1.083 -0.838 -2.827 -5.138 -6.065 -6.398
0.01471 0.00000 10.00000 1.0366413593 2.4802748858    0.812  3.342  3.4873 -0.093    7  0.000  0.460   179.25    95.52    59.68    48.07    39.16  0 -3.15e-07      0.00 6.962e-01 2.879e-01 2.204e-03 1.093e-03 6.390e-03 -1.000 1.584e-02 -3.585 3.244 3.005 1.873 -0.399 -2.554 -5.525 -6.473 -6.844
0.01471 0.00000 10.00000 1.0366418362 2.4802749777    0.805  3.366  3.4829 -0.139    7  0.000  0.460   191.71   103.52    64.43    51.98    42.35  0 -3.56e-07      0.00 6.962e-01 2.879e-01 2.204e-03 1.093e-03 6.390e-03 -1.000 1.584e-02 -3.646 3.258 3.096 1.943 -0.355 -2.519 -5.598 -6.550 -6.928
0.01471 0.00000 10.00000 1.0366419554 2.4802750007    0.803  3.362  3.4834 -0.133    7  0.000  0.460   189.91   102.41    63.77    51.44    41.91  0 -3.51e-07      0.00 6.962e-01 2.879e-01 2.204e-03 1.093e-03 6.390e-03 -1.000 1.584e-02 -3.634 3.261 3.091 1.940 -0.355 -2.518 -5.585 -6.536 -6.914
0.01471 0.00000 10.00000 1.0366420746 2.4802750237    0.802  3.355  3.4842 -0.124    7  0.000  0.460   187.02   100.61    62.69    50.56    41.20  0 -3.44e-07      0.00 6.962e-01 2.879e-01 2.204e-03 1.093e-03 6.390e-03 -1.000 1.584e-02 -3.617 3.264 3.079 1.932 -0.357 -2.519 -5.565 -6.516 -6.892
0.01471 0.00000 10.00000 1.0366421938 2.4802750466    0.801  3.360  3.4834 -0.133    7  0.000  0.460   189.51   102.22    63.65    51.35    41.83  0 -3.52e-07      0.00 6.962e-01 2.879e-01 2.204e-03 1.093e-03 6.390e-03 -1.000 1.584e-02 -3.629 3.266 3.096 1.945 -0.349 -2.512 -5.580 -6.531 -6.909
0.01471 0.00000 10.00000 1.0366423130 2.4802750696    0.799  3.373  3.4813 -0.155    7  0.000  0.460   195.95   106.35    66.10    53.36    43.48  0 -3.73e-07      0.00 6.962e-01 2.879e-01 2.204e-03 1.093e-03 6.390e-03 -1.000 1.584e-02 -3.662 3.269 3.136 1.974 -0.332 -2.499 -5.618 -6.571 -6.953
0.01471 0.00000 10.00000 1.0366424322 2.4802750926    0.797  3.387  3.4790 -0.180    7  0.000  0.460   203.46   111.20    68.97    55.72    45.41  0 -3.99e-07      0.01 6.962e-01 2.879e-01 2.204e-03 1.093e-03 6.390e-03 -1.000 1.584e-02 -3.698 3.274 3.177 2.003 -0.315 -2.488 -5.661 -6.616 -7.001
0.01471 0.00000 10.00000 1.0366426706 2.4802751385    0.793  3.404  3.4762 -0.210    7  0.000  0.460   212.63   117.18    72.50    58.63    47.78  0 -4.32e-07      0.01 6.962e-01 2.879e-01 2.204e-03 1.093e-03 6.390e-03 -1.000 1.584e-02 -3.740 3.280 3.219 2.029 -0.301 -2.481 -5.710 -6.666 -7.056
0.01471 0.00000 10.00000 1.0366429090 2.4802751845    0.789  3.418  3.4738 -0.236    7  0.000  0.460   220.96   122.69    75.75    61.30    49.97  0 -4.64e-07      0.01 6.962e-01 2.879e-01 2.204e-03 1.093e-03 6.390e-03 -1.000 1.584e-02 -3.775 3.286 3.257 2.054 -0.287 -2.474 -5.752 -6.710 -7.103
0.01471 0.00000 10.00000 1.0366431475 2.4802752304    0.783  3.433  3.4712 -0.264    7  0.524  0.460   230.31   128.96    79.42    64.35    52.45  0 -5.02e-07      0.01 6.962e-01 2.879e-01 2.204e-03 1.093e-03 6.390e-03 -1.000 1.584e-02 -3.812 3.294 3.300 2.083 -0.269 -2.463 -5.796 -6.755 -7.153
0.01471 0.00000 10.00000 1.0366435051 2.4802752993    0.776  3.448  3.4683 -0.295    7  0.523  0.460   240.80   136.08    83.59    67.80    55.26  0 -5.45e-07      0.01 6.962e-01 2.879e-01 2.204e-03 1.093e-03 6.390e-03 -1.000 1.584e-02 -3.851 3.300 3.342 2.110 -0.253 -2.455 -5.842 -6.803 -7.204
0.01471 0.00000 10.00000 1.0366438627 2.4802753682    0.768  3.460  3.4660 -0.320    8  0.523  0.481   240.85    -1.00    -1.00    -1.00    -1.00  0 -5.89e-07      0.01 6.962e-01 2.892e-01 2.312e-03 1.095e-03 6.405e-03 -1.000 1.453e-02 -3.879 3.309 3.375 2.132 -0.240 -2.450 -5.876 -6.838 -7.242
0.01471 0.00000 10.00000 1.0366449356 2.4802755750    0.752  3.470  3.4617 -0.357    8  0.523  0.481   231.79    -1.00    -1.00    -1.00    -1.00  0 -6.47e-07      0.01 6.962e-01 2.892e-01 2.312e-03 1.095e-03 6.405e-03 -1.000 1.453e-02 -3.905 3.353 3.464 2.201 -0.188 -2.411 -5.912 -6.876 -7.287
0.01471 0.00000 10.00000 1.0366460085 2.4802757817    0.734  3.479  3.4597 -0.385    8  0.524  0.481   221.59    -1.00    -1.00    -1.00    -1.00  0 -7.22e-07      0.02 6.962e-01 2.892e-01 2.312e-03 1.095e-03 6.405e-03 -1.000 1.453e-02 -3.927 3.388 3.515 2.236 -0.166 -2.398 -5.938 -6.904 -7.319
0.01471 0.00000 10.00000 1.0366472006 2.4802760114    0.712  3.486  3.4582 -0.411    8  0.525  0.481   209.74    -1.00    -1.00    -1.00    -1.00  0 -8.16e-07      0.02 6.962e-01 2.892e-01 2.312e-03 1.095e-03 6.405e-03 -1.000 1.453e-02 -3.946 3.421 3.557 2.269 -0.148 -2.390 -5.959 -6.926 -7.346
0.01471 0.00000 10.00000 1.0366483927 2.4802762412    0.686  3.493  3.4573 -0.438    8  0.526  0.481   196.26    -1.00    -1.00    -1.00    -1.00  0 -9.41e-07      0.03 6.962e-01 2.892e-01 2.312e-03 1.095e-03 6.405e-03 -1.000 1.453e-02 -3.963 3.471 3.603 2.300 -0.132 -2.382 -5.974 -6.943 -7.367
0.01471 0.00000 10.00000 1.0366497040 2.4802764938    0.656  3.500  3.4576 -0.463    8  0.527  0.481   181.12    -1.00    -1.00    -1.00    -1.00  0 -1.12e-06      0.04 6.962e-01 2.892e-01 2.312e-03 1.095e-03 6.405e-03 -1.000 1.453e-02 -3.980 3.532 3.641 2.317 -0.127 -2.382 -5.984 -6.956 -7.386
0.01471 0.00000 10.00000 1.0366528034 2.4802770911    0.530 -9.999  4.0000  1.858    9  0.530  0.000     0.00     0.00     0.00     0.00     0.00 -1    -1e-30      0.00 6.962e-01 2.892e-01 2.312e-03 1.095e-03 6.405e-03 -1.000 1.453e-02 29.767 29.721 29.984 30.033 30.021 30.018 30.067 30.065 30.083
#isochrone terminated
